{
  "trial_number": 4,
  "dataset_name": "tox21_optuna_trial_0004",
  "model_kwargs": {
    "gnn_hidden": 256,
    "gnn_layers": 2,
    "gnn_dropout": 0.4024609963326454,
    "nhead": 4,
    "tf_layers": 3,
    "dim_ff": 1024,
    "tf_dropout": 0.19711325308770128,
    "ih_rank": 32,
    "ih_symmetric": false,
    "ih_proj_dim": 0,
    "ih_num_prototypes": 4,
    "ih_assignment_mode": "sparse",
    "ih_diversity_weight": 0.0014461256820152153
  },
  "hparams": {
    "batch_size": 128,
    "lr": 0.0020911913076641546,
    "weight_decay": 2.4806254358273255e-06,
    "num_epochs": 60,
    "patience": 12,
    "gcn_pretrain_epochs": 40,
    "transformer_epochs": 60,
    "pretrain_lr": 0.0019524423350212705,
    "transformer_lr": 0.0020911913076641546,
    "ema_decay": 0.9929896283156681,
    "distill_weight": 0.0039222152370481465
  },
  "seed": 42
}