{
  "generated_at": "2026-06-24T06:54:36",
  "study_name": "tox21_xkd",
  "trial_number": 37,
  "model_kwargs": {
    "gnn_hidden": 256,
    "gnn_layers": 4,
    "gnn_dropout": 0.385793294666076,
    "nhead": 8,
    "tf_layers": 2,
    "dim_ff": 512,
    "tf_dropout": 0.2915090190185985,
    "ih_rank": 32,
    "ih_symmetric": false,
    "ih_proj_dim": 256,
    "ih_num_prototypes": 8,
    "ih_assignment_mode": "hard",
    "ih_diversity_weight": 0.00011131089146342384,
    "info_nce_temperature": 0.2
  },
  "hparams": {
    "batch_size": 64,
    "lr": 0.0005125128546575565,
    "weight_decay": 0.0005530215940227396,
    "num_epochs": 150,
    "patience": 10,
    "gcn_pretrain_epochs": 150,
    "transformer_epochs": 150,
    "pretrain_lr": 0.0013899685620477552,
    "transformer_lr": 0.0005125128546575565,
    "ema_decay": 0.9827654293052316,
    "ema_decay_init": 0.95,
    "distill_weight": 0.04267968688539363,
    "cross_distill_weight": 0.1
  },
  "device": "cuda",
  "status": "complete"
}