{
  "trial_number": 37,
  "dataset_name": "tox21_optuna_trial_0037",
  "model_kwargs": {
    "gnn_hidden": 128,
    "gnn_layers": 3,
    "gnn_dropout": 0.4166411320093866,
    "nhead": 4,
    "tf_layers": 2,
    "dim_ff": 256,
    "tf_dropout": 0.41687256170022063,
    "ih_rank": 64,
    "ih_symmetric": false,
    "ih_proj_dim": 256,
    "ih_num_prototypes": 16,
    "ih_assignment_mode": "sparse",
    "ih_diversity_weight": 0.0018903877623870267,
    "info_nce_temperature": 0.5
  },
  "hparams": {
    "batch_size": 64,
    "lr": 0.00013661410285396495,
    "weight_decay": 0.00012049617645124432,
    "num_epochs": 150,
    "patience": 10,
    "gcn_pretrain_epochs": 150,
    "transformer_epochs": 150,
    "pretrain_lr": 0.0017905393099843059,
    "transformer_lr": 0.00013661410285396495,
    "ema_decay": 0.9942040431292344,
    "ema_decay_init": 0.98,
    "distill_weight": 0.006208064287932009,
    "cross_distill_weight": 0.05
  },
  "seed": 42
}