{
  "trial_number": 37,
  "dataset_name": "tox21_optuna_trial_0037",
  "model_kwargs": {
    "gnn_hidden": 192,
    "gnn_layers": 4,
    "gnn_dropout": 0.5377003964325663,
    "nhead": 8,
    "tf_layers": 2,
    "dim_ff": 576,
    "tf_dropout": 0.4187947428170111,
    "ih_rank": 16,
    "ih_symmetric": true,
    "ih_proj_dim": 256,
    "ih_num_prototypes": 12,
    "ih_assignment_mode": "hard",
    "ih_diversity_weight": 0.007237525926473262,
    "info_nce_temperature": 0.5
  },
  "hparams": {
    "batch_size": 128,
    "lr": 0.0002561408310949884,
    "weight_decay": 3.375754250275851e-05,
    "num_epochs": 150,
    "patience": 10,
    "gcn_pretrain_epochs": 150,
    "transformer_epochs": 150,
    "pretrain_lr": 0.0014779451336262741,
    "transformer_lr": 0.0002561408310949884,
    "ema_decay": 0.9960206812040658,
    "ema_decay_init": 0.95,
    "distill_weight": 0.0026407304753738817,
    "cross_distill_weight": 0.02
  },
  "seed": 42
}