{
  "generated_at": "2026-06-20T00:18:02",
  "study_name": "tox21_xkd",
  "trial_number": 14,
  "model_kwargs": {
    "gnn_hidden": 256,
    "gnn_layers": 4,
    "gnn_dropout": 0.49449784792025936,
    "nhead": 4,
    "tf_layers": 2,
    "dim_ff": 512,
    "tf_dropout": 0.31692456162880683,
    "ih_rank": 32,
    "ih_symmetric": true,
    "ih_proj_dim": 256,
    "ih_num_prototypes": 6,
    "ih_assignment_mode": "hard",
    "ih_diversity_weight": 0.01685600994622788,
    "info_nce_temperature": 0.5
  },
  "hparams": {
    "batch_size": 128,
    "lr": 0.00030451308942915995,
    "weight_decay": 0.00607646946327811,
    "num_epochs": 60,
    "patience": 12,
    "gcn_pretrain_epochs": 40,
    "transformer_epochs": 60,
    "pretrain_lr": 0.0008647668441807221,
    "transformer_lr": 0.00030451308942915995,
    "ema_decay": 0.9750554115494349,
    "ema_decay_init": 0.99,
    "distill_weight": 0.005050436372376523,
    "cross_distill_weight": 0.02
  },
  "device": "cuda",
  "status": "complete"
}