{
  "trial_number": 14,
  "dataset_name": "tox21_optuna_trial_0014",
  "model_kwargs": {
    "gnn_hidden": 512,
    "gnn_layers": 4,
    "gnn_dropout": 0.4476332344154171,
    "nhead": 8,
    "tf_layers": 3,
    "dim_ff": 1024,
    "tf_dropout": 0.23011458834265025,
    "ih_rank": 32,
    "ih_symmetric": false,
    "ih_proj_dim": 256,
    "ih_num_prototypes": 8,
    "ih_assignment_mode": "sparse",
    "ih_diversity_weight": 0.00010213834111851927,
    "info_nce_temperature": 0.2
  },
  "hparams": {
    "batch_size": 64,
    "lr": 0.00018236111348969748,
    "weight_decay": 4.405795416080858e-05,
    "num_epochs": 150,
    "patience": 10,
    "gcn_pretrain_epochs": 150,
    "transformer_epochs": 150,
    "pretrain_lr": 0.001741103278783897,
    "transformer_lr": 0.00018236111348969748,
    "ema_decay": 0.9930442885037406,
    "ema_decay_init": 0.99,
    "distill_weight": 0.03350802132293871,
    "cross_distill_weight": 0.05
  },
  "seed": 42
}