{
  "trial_number": 14,
  "dataset_name": "tox21_optuna_trial_0014",
  "model_kwargs": {
    "gnn_hidden": 128,
    "gnn_layers": 4,
    "gnn_dropout": 0.450379008876385,
    "nhead": 8,
    "tf_layers": 3,
    "dim_ff": 384,
    "tf_dropout": 0.29989937626014285,
    "ih_rank": 64,
    "ih_symmetric": false,
    "ih_proj_dim": 0,
    "ih_num_prototypes": 16,
    "ih_assignment_mode": "hard",
    "ih_diversity_weight": 0.0008634298713672755,
    "info_nce_temperature": 1.0
  },
  "hparams": {
    "batch_size": 64,
    "lr": 0.0001481851021807302,
    "weight_decay": 0.00017231147570340773,
    "num_epochs": 150,
    "patience": 10,
    "gcn_pretrain_epochs": 150,
    "transformer_epochs": 150,
    "pretrain_lr": 0.0003302526563303465,
    "transformer_lr": 0.0001481851021807302,
    "ema_decay": 0.9801529508786062,
    "ema_decay_init": 0.9,
    "distill_weight": 0.000600668327446328,
    "cross_distill_weight": 0.05
  },
  "seed": 42
}