{
  "generated_at": "2026-06-21T15:45:52",
  "study_name": "bace_xkd",
  "trial_number": 17,
  "model_kwargs": {
    "gnn_hidden": 192,
    "gnn_layers": 4,
    "gnn_dropout": 0.3269178521082823,
    "nhead": 4,
    "tf_layers": 1,
    "dim_ff": 768,
    "tf_dropout": 0.13329738195250385,
    "ih_rank": 32,
    "ih_symmetric": false,
    "ih_proj_dim": 128,
    "ih_num_prototypes": 6,
    "ih_assignment_mode": "sparse",
    "ih_diversity_weight": 0.00029408990154042666,
    "info_nce_temperature": 1.0
  },
  "hparams": {
    "batch_size": 64,
    "lr": 0.0006864290598318547,
    "weight_decay": 2.5637450093523126e-06,
    "num_epochs": 150,
    "patience": 10,
    "gcn_pretrain_epochs": 150,
    "transformer_epochs": 150,
    "pretrain_lr": 0.001714792271491336,
    "transformer_lr": 0.0006864290598318547,
    "ema_decay": 0.9899205527311487,
    "ema_decay_init": 0.99,
    "distill_weight": 0.06220118295951694,
    "cross_distill_weight": 0.05
  },
  "device": "cuda",
  "status": "complete"
}