{
  "generated_at": "2026-06-23T12:02:41",
  "study_name": "bace_xkd",
  "trial_number": 17,
  "model_kwargs": {
    "gnn_hidden": 512,
    "gnn_layers": 4,
    "gnn_dropout": 0.3762342392158678,
    "nhead": 8,
    "tf_layers": 3,
    "dim_ff": 1024,
    "tf_dropout": 0.11586545549895737,
    "ih_rank": 64,
    "ih_symmetric": true,
    "ih_proj_dim": 128,
    "ih_num_prototypes": 8,
    "ih_assignment_mode": "sparse",
    "ih_diversity_weight": 0.00015996345008496615,
    "info_nce_temperature": 0.5
  },
  "hparams": {
    "batch_size": 64,
    "lr": 0.00040355703058592455,
    "weight_decay": 1.4048237003044921e-06,
    "num_epochs": 150,
    "patience": 10,
    "gcn_pretrain_epochs": 150,
    "transformer_epochs": 150,
    "pretrain_lr": 0.00029711076328647114,
    "transformer_lr": 0.00040355703058592455,
    "ema_decay": 0.9718490021398498,
    "ema_decay_init": 0.99,
    "distill_weight": 0.001573996397998059,
    "cross_distill_weight": 0.1
  },
  "device": "cuda",
  "status": "pruned"
}