{
  "generated_at": "2026-06-14T08:14:24",
  "study_name": "xkd_ema_ramp",
  "trial_number": 6,
  "model_kwargs": {
    "gnn_hidden": 128,
    "gnn_layers": 4,
    "gnn_dropout": 0.4901825433610467,
    "nhead": 4,
    "tf_layers": 2,
    "dim_ff": 512,
    "tf_dropout": 0.3693180715867101,
    "ih_rank": 64,
    "ih_symmetric": true,
    "ih_proj_dim": 256,
    "ih_num_prototypes": 12,
    "ih_assignment_mode": "sparse",
    "ih_diversity_weight": 0.001203848744682296
  },
  "hparams": {
    "batch_size": 128,
    "lr": 2.064164461253111e-05,
    "weight_decay": 5.6290600532268344e-06,
    "num_epochs": 60,
    "patience": 12,
    "gcn_pretrain_epochs": 40,
    "transformer_epochs": 60,
    "pretrain_lr": 0.0003491204084552829,
    "transformer_lr": 2.064164461253111e-05,
    "ema_decay": 0.9541820257846946,
    "ema_decay_init": 0.99,
    "distill_weight": 0.04685521537357966,
    "cross_distill_weight": 0.02
  },
  "device": "cuda",
  "status": "pruned"
}