{
  "generated_at": "2026-06-23T17:59:39",
  "study_name": "tox21_xkd",
  "trial_number": 6,
  "model_kwargs": {
    "gnn_hidden": 512,
    "gnn_layers": 3,
    "gnn_dropout": 0.11617402320853394,
    "nhead": 8,
    "tf_layers": 2,
    "dim_ff": 1536,
    "tf_dropout": 0.37724997817070327,
    "ih_rank": 64,
    "ih_symmetric": true,
    "ih_proj_dim": 256,
    "ih_num_prototypes": 12,
    "ih_assignment_mode": "sparse",
    "ih_diversity_weight": 0.015075579010793662,
    "info_nce_temperature": 0.2
  },
  "hparams": {
    "batch_size": 128,
    "lr": 0.0010828320247179247,
    "weight_decay": 1.8741413859606674e-06,
    "num_epochs": 150,
    "patience": 10,
    "gcn_pretrain_epochs": 150,
    "transformer_epochs": 150,
    "pretrain_lr": 1.1555716146555266e-05,
    "transformer_lr": 0.0010828320247179247,
    "ema_decay": 0.9979168040256599,
    "ema_decay_init": 0.9,
    "distill_weight": 0.0010276473098195077,
    "cross_distill_weight": 0.1
  },
  "device": "cuda",
  "status": "pruned"
}