{
  "generated_at": "2026-06-20T16:40:43",
  "study_name": "bbbp_xkd",
  "trial_number": 56,
  "model_kwargs": {
    "gnn_hidden": 256,
    "gnn_layers": 3,
    "gnn_dropout": 0.2931976246252618,
    "nhead": 4,
    "tf_layers": 2,
    "dim_ff": 768,
    "tf_dropout": 0.28766821790750524,
    "ih_rank": 32,
    "ih_symmetric": true,
    "ih_proj_dim": 128,
    "ih_num_prototypes": 4,
    "ih_assignment_mode": "sparse",
    "ih_diversity_weight": 0.010931975581576648,
    "info_nce_temperature": 0.5
  },
  "hparams": {
    "batch_size": 64,
    "lr": 0.0014773953370289697,
    "weight_decay": 0.00012055743449848563,
    "num_epochs": 150,
    "patience": 10,
    "gcn_pretrain_epochs": 150,
    "transformer_epochs": 150,
    "pretrain_lr": 0.000505086091677555,
    "transformer_lr": 0.0014773953370289697,
    "ema_decay": 0.9740512521780417,
    "ema_decay_init": 0.98,
    "distill_weight": 0.002977319787389406,
    "cross_distill_weight": 0.05
  },
  "device": "cuda",
  "status": "pruned"
}