{
  "generated_at": "2026-06-21T20:19:36",
  "study_name": "clintox_xkd",
  "trial_number": 22,
  "model_kwargs": {
    "gnn_hidden": 384,
    "gnn_layers": 4,
    "gnn_dropout": 0.36566826585897005,
    "nhead": 8,
    "tf_layers": 2,
    "dim_ff": 768,
    "tf_dropout": 0.4100242861784775,
    "ih_rank": 64,
    "ih_symmetric": true,
    "ih_proj_dim": 0,
    "ih_num_prototypes": 16,
    "ih_assignment_mode": "sparse",
    "ih_diversity_weight": 0.0004442420251987045,
    "info_nce_temperature": 1.0
  },
  "hparams": {
    "batch_size": 64,
    "lr": 0.0013033436085635765,
    "weight_decay": 5.426133013320884e-05,
    "num_epochs": 150,
    "patience": 10,
    "gcn_pretrain_epochs": 150,
    "transformer_epochs": 150,
    "pretrain_lr": 0.0019131073654377504,
    "transformer_lr": 0.0013033436085635765,
    "ema_decay": 0.9828268472188254,
    "ema_decay_init": 0.9,
    "distill_weight": 0.006977341277643828,
    "cross_distill_weight": 0.02
  },
  "device": "cuda",
  "status": "pruned"
}