{
  "trial_number": 0,
  "dataset_name": "bace_optuna_trial_0000",
  "model_kwargs": {
    "gnn_hidden": 384,
    "gnn_layers": 2,
    "gnn_dropout": 0.48977926559872087,
    "nhead": 8,
    "tf_layers": 2,
    "dim_ff": 768,
    "tf_dropout": 0.2939819704323988,
    "ih_rank": 16,
    "ih_symmetric": false,
    "ih_proj_dim": 0,
    "ih_num_prototypes": 6,
    "ih_assignment_mode": "sparse",
    "ih_diversity_weight": 0.0226739865237804,
    "info_nce_temperature": 1.0
  },
  "hparams": {
    "batch_size": 64,
    "lr": 0.00011492999300221417,
    "weight_decay": 1.683419201821693e-06,
    "num_epochs": 150,
    "patience": 10,
    "gcn_pretrain_epochs": 150,
    "transformer_epochs": 150,
    "pretrain_lr": 0.001716044502975482,
    "transformer_lr": 0.00011492999300221417,
    "ema_decay": 0.9973159696206534,
    "ema_decay_init": 0.9,
    "distill_weight": 0.010299214204601972,
    "cross_distill_weight": 0.05
  },
  "seed": 42
}