{
  "trial_number": 20,
  "dataset_name": "bbbp_optuna_trial_0020",
  "model_kwargs": {
    "gnn_hidden": 384,
    "gnn_layers": 3,
    "gnn_dropout": 0.4985953715169664,
    "nhead": 8,
    "tf_layers": 1,
    "dim_ff": 1152,
    "tf_dropout": 0.41660917232701944,
    "ih_rank": 64,
    "ih_symmetric": true,
    "ih_proj_dim": 256,
    "ih_num_prototypes": 4,
    "ih_assignment_mode": "hard",
    "ih_diversity_weight": 0.0026634168024613583,
    "info_nce_temperature": 0.2
  },
  "hparams": {
    "batch_size": 64,
    "lr": 0.0008842745624824438,
    "weight_decay": 4.0724382246425666e-05,
    "num_epochs": 150,
    "patience": 10,
    "gcn_pretrain_epochs": 150,
    "transformer_epochs": 150,
    "pretrain_lr": 0.0001372437407847098,
    "transformer_lr": 0.0008842745624824438,
    "ema_decay": 0.9852670784358508,
    "ema_decay_init": 0.99,
    "distill_weight": 0.001121653544107269,
    "cross_distill_weight": 0.05
  },
  "seed": 42
}