{
  "generated_at": "2026-06-24T11:10:56",
  "study_name": "tox21_xkd",
  "trial_number": 48,
  "model_kwargs": {
    "gnn_hidden": 256,
    "gnn_layers": 3,
    "gnn_dropout": 0.49787724061929567,
    "nhead": 8,
    "tf_layers": 2,
    "dim_ff": 1024,
    "tf_dropout": 0.21211427072950084,
    "ih_rank": 32,
    "ih_symmetric": true,
    "ih_proj_dim": 256,
    "ih_num_prototypes": 12,
    "ih_assignment_mode": "soft",
    "ih_diversity_weight": 0.0024146942113341175,
    "info_nce_temperature": 0.5
  },
  "hparams": {
    "batch_size": 128,
    "lr": 0.0004218118710492125,
    "weight_decay": 0.00027052955593779454,
    "num_epochs": 150,
    "patience": 10,
    "gcn_pretrain_epochs": 150,
    "transformer_epochs": 150,
    "pretrain_lr": 0.000943346674388185,
    "transformer_lr": 0.0004218118710492125,
    "ema_decay": 0.9919976384285359,
    "ema_decay_init": 0.98,
    "distill_weight": 0.04696042741422266,
    "cross_distill_weight": 0.05
  },
  "device": "cuda",
  "status": "complete"
}