{
  "trial_number": 24,
  "dataset_name": "bbbp_optuna_trial_0024",
  "model_kwargs": {
    "gnn_hidden": 128,
    "gnn_layers": 2,
    "gnn_dropout": 0.33257084612427557,
    "nhead": 4,
    "tf_layers": 1,
    "dim_ff": 384,
    "tf_dropout": 0.2010133821485866,
    "ih_rank": 16,
    "ih_symmetric": true,
    "ih_proj_dim": 0,
    "ih_num_prototypes": 12,
    "ih_assignment_mode": "soft",
    "ih_diversity_weight": 0.0031720981059196783,
    "info_nce_temperature": 0.5
  },
  "hparams": {
    "batch_size": 64,
    "lr": 0.001516773492000977,
    "weight_decay": 0.0005291843921343601,
    "num_epochs": 150,
    "patience": 10,
    "gcn_pretrain_epochs": 150,
    "transformer_epochs": 150,
    "pretrain_lr": 0.0002034986124678791,
    "transformer_lr": 0.001516773492000977,
    "ema_decay": 0.9732672534378262,
    "ema_decay_init": 0.95,
    "distill_weight": 0.19681607139040322,
    "cross_distill_weight": 0.05
  },
  "seed": 42
}