{
  "trial_number": 16,
  "dataset_name": "tox21_optuna_trial_0016",
  "model_kwargs": {
    "gnn_hidden": 256,
    "gnn_layers": 4,
    "gnn_dropout": 0.4473434579277396,
    "nhead": 8,
    "tf_layers": 2,
    "dim_ff": 1024,
    "tf_dropout": 0.31309869191926576,
    "ih_rank": 32,
    "ih_symmetric": false,
    "ih_proj_dim": 256,
    "ih_num_prototypes": 8,
    "ih_assignment_mode": "soft",
    "ih_diversity_weight": 0.0001480177445067509,
    "info_nce_temperature": 0.5
  },
  "hparams": {
    "batch_size": 64,
    "lr": 0.00021643585501133206,
    "weight_decay": 0.0005709648743501101,
    "num_epochs": 150,
    "patience": 10,
    "gcn_pretrain_epochs": 150,
    "transformer_epochs": 150,
    "pretrain_lr": 0.0005341682526657447,
    "transformer_lr": 0.00021643585501133206,
    "ema_decay": 0.9860489974086651,
    "ema_decay_init": 0.9,
    "distill_weight": 0.011339878578798675,
    "cross_distill_weight": 0.05
  },
  "seed": 42
}