{
  "trial_number": 16,
  "dataset_name": "tox21_optuna_trial_0016",
  "model_kwargs": {
    "gnn_hidden": 128,
    "gnn_layers": 3,
    "gnn_dropout": 0.3340157667066672,
    "nhead": 4,
    "tf_layers": 2,
    "dim_ff": 384,
    "tf_dropout": 0.47553125375371824,
    "ih_rank": 64,
    "ih_symmetric": false,
    "ih_proj_dim": 0,
    "ih_num_prototypes": 16,
    "ih_assignment_mode": "sparse",
    "ih_diversity_weight": 0.00019018470309873205,
    "info_nce_temperature": 0.1
  },
  "hparams": {
    "batch_size": 64,
    "lr": 0.0010454124076956256,
    "weight_decay": 3.113248327565225e-05,
    "num_epochs": 60,
    "patience": 12,
    "gcn_pretrain_epochs": 40,
    "transformer_epochs": 60,
    "pretrain_lr": 0.0003046506632037524,
    "transformer_lr": 0.0010454124076956256,
    "ema_decay": 0.9658747417192757,
    "ema_decay_init": 0.9,
    "distill_weight": 0.08977995028435619,
    "cross_distill_weight": 0.05
  },
  "seed": 42
}