{
  "generated_at": "2026-06-20T21:27:35",
  "study_name": "sider_xkd",
  "trial_number": 25,
  "model_kwargs": {
    "gnn_hidden": 384,
    "gnn_layers": 3,
    "gnn_dropout": 0.4534460250124168,
    "nhead": 8,
    "tf_layers": 1,
    "dim_ff": 1152,
    "tf_dropout": 0.10140142815525885,
    "ih_rank": 16,
    "ih_symmetric": true,
    "ih_proj_dim": 256,
    "ih_num_prototypes": 6,
    "ih_assignment_mode": "hard",
    "ih_diversity_weight": 0.012456923023489597,
    "info_nce_temperature": 0.2
  },
  "hparams": {
    "batch_size": 64,
    "lr": 0.0005010896077676115,
    "weight_decay": 1.564314445147429e-05,
    "num_epochs": 150,
    "patience": 10,
    "gcn_pretrain_epochs": 150,
    "transformer_epochs": 150,
    "pretrain_lr": 0.00020710954657078155,
    "transformer_lr": 0.0005010896077676115,
    "ema_decay": 0.9557154659959186,
    "ema_decay_init": 0.9,
    "distill_weight": 0.0017469322245803167,
    "cross_distill_weight": 0.05
  },
  "device": "cuda",
  "status": "pruned"
}