{
  "generated_at": "2026-06-19T18:33:57",
  "study_name": "sider_xkd",
  "trial_number": 17,
  "model_kwargs": {
    "gnn_hidden": 256,
    "gnn_layers": 3,
    "gnn_dropout": 0.45576295996809746,
    "nhead": 4,
    "tf_layers": 2,
    "dim_ff": 512,
    "tf_dropout": 0.178518685766673,
    "ih_rank": 32,
    "ih_symmetric": false,
    "ih_proj_dim": 256,
    "ih_num_prototypes": 12,
    "ih_assignment_mode": "soft",
    "ih_diversity_weight": 0.0003239508716206014,
    "info_nce_temperature": 0.2
  },
  "hparams": {
    "batch_size": 128,
    "lr": 0.00026255325467755005,
    "weight_decay": 5.7559924988191215e-05,
    "num_epochs": 60,
    "patience": 12,
    "gcn_pretrain_epochs": 40,
    "transformer_epochs": 60,
    "pretrain_lr": 0.00030229002466397614,
    "transformer_lr": 0.00026255325467755005,
    "ema_decay": 0.9759172297977226,
    "ema_decay_init": 0.98,
    "distill_weight": 0.015763207102792175,
    "cross_distill_weight": 0.05
  },
  "device": "cuda",
  "status": "pruned"
}