{
  "generated_at": "2026-06-20T00:09:44",
  "study_name": "tox21_xkd",
  "trial_number": 13,
  "model_kwargs": {
    "gnn_hidden": 256,
    "gnn_layers": 4,
    "gnn_dropout": 0.4788854033834511,
    "nhead": 8,
    "tf_layers": 2,
    "dim_ff": 512,
    "tf_dropout": 0.45491567706746416,
    "ih_rank": 32,
    "ih_symmetric": false,
    "ih_proj_dim": 256,
    "ih_num_prototypes": 12,
    "ih_assignment_mode": "hard",
    "ih_diversity_weight": 0.07307515290402271,
    "info_nce_temperature": 0.5
  },
  "hparams": {
    "batch_size": 64,
    "lr": 0.0005677994460164767,
    "weight_decay": 2.6710504402826432e-05,
    "num_epochs": 60,
    "patience": 12,
    "gcn_pretrain_epochs": 40,
    "transformer_epochs": 60,
    "pretrain_lr": 0.0016150099983483922,
    "transformer_lr": 0.0005677994460164767,
    "ema_decay": 0.9970494784807334,
    "ema_decay_init": 0.9,
    "distill_weight": 0.010376382640233673,
    "cross_distill_weight": 0.02
  },
  "device": "cuda",
  "status": "complete"
}