{
  "trial_number": 13,
  "dataset_name": "tox21_optuna_trial_0013",
  "model_kwargs": {
    "gnn_hidden": 128,
    "gnn_layers": 4,
    "gnn_dropout": 0.3114652652633907,
    "nhead": 8,
    "tf_layers": 1,
    "dim_ff": 384,
    "tf_dropout": 0.4504933906912081,
    "ih_rank": 64,
    "ih_symmetric": false,
    "ih_proj_dim": 128,
    "ih_num_prototypes": 4,
    "ih_assignment_mode": "soft",
    "ih_diversity_weight": 0.0004729639876674064,
    "info_nce_temperature": 0.5
  },
  "hparams": {
    "batch_size": 64,
    "lr": 0.00015780616967311337,
    "weight_decay": 0.0004651264779296658,
    "num_epochs": 150,
    "patience": 10,
    "gcn_pretrain_epochs": 150,
    "transformer_epochs": 150,
    "pretrain_lr": 0.0014204595985964964,
    "transformer_lr": 0.00015780616967311337,
    "ema_decay": 0.9919014625033973,
    "ema_decay_init": 0.99,
    "distill_weight": 0.0006679076372234914,
    "cross_distill_weight": 0.05
  },
  "seed": 42
}