{
  "trial_number": 13,
  "dataset_name": "tox21_optuna_trial_0013",
  "model_kwargs": {
    "gnn_hidden": 256,
    "gnn_layers": 4,
    "gnn_dropout": 0.39049066951108324,
    "nhead": 8,
    "tf_layers": 2,
    "dim_ff": 768,
    "tf_dropout": 0.22074851632556589,
    "ih_rank": 32,
    "ih_symmetric": false,
    "ih_proj_dim": 256,
    "ih_num_prototypes": 12,
    "ih_assignment_mode": "sparse",
    "ih_diversity_weight": 0.0001270838124320393,
    "info_nce_temperature": 0.5
  },
  "hparams": {
    "batch_size": 64,
    "lr": 0.00036833131785321104,
    "weight_decay": 0.000300138881656056,
    "num_epochs": 150,
    "patience": 10,
    "gcn_pretrain_epochs": 150,
    "transformer_epochs": 150,
    "pretrain_lr": 0.0017407263868242948,
    "transformer_lr": 0.00036833131785321104,
    "ema_decay": 0.9896660685397195,
    "ema_decay_init": 0.9,
    "distill_weight": 0.015815258009010284,
    "cross_distill_weight": 0.05
  },
  "seed": 42
}