{
  "generated_at": "2026-06-19T15:41:49",
  "study_name": "clintox_xkd",
  "trial_number": 15,
  "model_kwargs": {
    "gnn_hidden": 384,
    "gnn_layers": 3,
    "gnn_dropout": 0.5411358750480003,
    "nhead": 4,
    "tf_layers": 3,
    "dim_ff": 768,
    "tf_dropout": 0.2315084236773594,
    "ih_rank": 32,
    "ih_symmetric": false,
    "ih_proj_dim": 128,
    "ih_num_prototypes": 12,
    "ih_assignment_mode": "soft",
    "ih_diversity_weight": 0.028420296706419188,
    "info_nce_temperature": 0.2
  },
  "hparams": {
    "batch_size": 128,
    "lr": 0.0011457286341730862,
    "weight_decay": 5.958735668201293e-05,
    "num_epochs": 60,
    "patience": 12,
    "gcn_pretrain_epochs": 40,
    "transformer_epochs": 60,
    "pretrain_lr": 0.00037794949535625876,
    "transformer_lr": 0.0011457286341730862,
    "ema_decay": 0.9759451238345833,
    "ema_decay_init": 0.9,
    "distill_weight": 0.04251989610932206,
    "cross_distill_weight": 0.02
  },
  "device": "cuda",
  "status": "pruned"
}