{
  "trial_number": 15,
  "dataset_name": "clintox_optuna_trial_0015",
  "model_kwargs": {
    "gnn_hidden": 256,
    "gnn_layers": 4,
    "gnn_dropout": 0.49132297024861843,
    "nhead": 8,
    "tf_layers": 3,
    "dim_ff": 512,
    "tf_dropout": 0.35707921434766243,
    "ih_rank": 16,
    "ih_symmetric": false,
    "ih_proj_dim": 128,
    "ih_num_prototypes": 16,
    "ih_assignment_mode": "sparse",
    "ih_diversity_weight": 0.0011456371312392596,
    "info_nce_temperature": 0.5
  },
  "hparams": {
    "batch_size": 64,
    "lr": 0.0013904326452824165,
    "weight_decay": 5.851192896997164e-06,
    "num_epochs": 150,
    "patience": 10,
    "gcn_pretrain_epochs": 150,
    "transformer_epochs": 150,
    "pretrain_lr": 0.0010207640952663694,
    "transformer_lr": 0.0013904326452824165,
    "ema_decay": 0.9775561019922244,
    "ema_decay_init": 0.9,
    "distill_weight": 0.020827667114986105,
    "cross_distill_weight": 0.02
  },
  "seed": 42
}