{
  "trial_number": 10,
  "dataset_name": "tox21_optuna_trial_0010",
  "model_kwargs": {
    "gnn_hidden": 128,
    "gnn_layers": 4,
    "gnn_dropout": 0.3919574906694859,
    "nhead": 8,
    "tf_layers": 2,
    "dim_ff": 384,
    "tf_dropout": 0.4840281430274115,
    "ih_rank": 64,
    "ih_symmetric": false,
    "ih_proj_dim": 128,
    "ih_num_prototypes": 16,
    "ih_assignment_mode": "soft",
    "ih_diversity_weight": 0.0012128916748099686,
    "info_nce_temperature": 0.5
  },
  "hparams": {
    "batch_size": 64,
    "lr": 0.00013978429326238224,
    "weight_decay": 0.000132984717171095,
    "num_epochs": 150,
    "patience": 10,
    "gcn_pretrain_epochs": 150,
    "transformer_epochs": 150,
    "pretrain_lr": 0.0012347977032527997,
    "transformer_lr": 0.00013978429326238224,
    "ema_decay": 0.9888379544408508,
    "ema_decay_init": 0.9,
    "distill_weight": 0.005051367148592708,
    "cross_distill_weight": 0.05
  },
  "seed": 42
}