{
  "trial_number": 10,
  "dataset_name": "tox21_optuna_trial_0010",
  "model_kwargs": {
    "gnn_hidden": 256,
    "gnn_layers": 3,
    "gnn_dropout": 0.23763734484534438,
    "nhead": 8,
    "tf_layers": 2,
    "dim_ff": 512,
    "tf_dropout": 0.23951313609391156,
    "ih_rank": 64,
    "ih_symmetric": false,
    "ih_proj_dim": 128,
    "ih_num_prototypes": 24,
    "ih_assignment_mode": "sparse",
    "ih_diversity_weight": 0.007762433171496541,
    "info_nce_temperature": 0.2
  },
  "hparams": {
    "batch_size": 128,
    "lr": 0.00010691313830914738,
    "weight_decay": 6.526356484457216e-05,
    "num_epochs": 150,
    "patience": 10,
    "gcn_pretrain_epochs": 150,
    "transformer_epochs": 150,
    "pretrain_lr": 0.0004766194227224289,
    "transformer_lr": 0.00010691313830914738,
    "ema_decay": 0.9887906533429738,
    "ema_decay_init": 0.95,
    "distill_weight": 0.023596236736204257,
    "cross_distill_weight": 0.02
  },
  "seed": 42
}