{
  "trial_number": 10,
  "dataset_name": "tox21_optuna_trial_0010",
  "model_kwargs": {
    "gnn_hidden": 256,
    "gnn_layers": 4,
    "gnn_dropout": 0.39373725877420945,
    "nhead": 4,
    "tf_layers": 2,
    "dim_ff": 512,
    "tf_dropout": 0.10860252707361429,
    "ih_rank": 32,
    "ih_symmetric": false,
    "ih_proj_dim": 256,
    "ih_num_prototypes": 4,
    "ih_assignment_mode": "hard",
    "ih_diversity_weight": 0.0731415573923266,
    "info_nce_temperature": 0.5
  },
  "hparams": {
    "batch_size": 128,
    "lr": 0.0006221610540457746,
    "weight_decay": 1.6138452155083788e-05,
    "num_epochs": 60,
    "patience": 12,
    "gcn_pretrain_epochs": 40,
    "transformer_epochs": 60,
    "pretrain_lr": 0.0011746190767456133,
    "transformer_lr": 0.0006221610540457746,
    "ema_decay": 0.9953382684325811,
    "ema_decay_init": 0.95,
    "distill_weight": 0.0010732306834381272,
    "cross_distill_weight": 0.02
  },
  "seed": 42
}