{
  "trial_number": 39,
  "dataset_name": "tox21_optuna_trial_0039",
  "model_kwargs": {
    "gnn_hidden": 192,
    "gnn_layers": 4,
    "gnn_dropout": 0.41112009134003874,
    "nhead": 8,
    "tf_layers": 2,
    "dim_ff": 768,
    "tf_dropout": 0.23076264828123602,
    "ih_rank": 32,
    "ih_symmetric": true,
    "ih_proj_dim": 256,
    "ih_num_prototypes": 6,
    "ih_assignment_mode": "soft",
    "ih_diversity_weight": 0.0004002417996800844,
    "info_nce_temperature": 0.5
  },
  "hparams": {
    "batch_size": 256,
    "lr": 0.0005962040590126698,
    "weight_decay": 0.0003274019006239644,
    "num_epochs": 150,
    "patience": 10,
    "gcn_pretrain_epochs": 150,
    "transformer_epochs": 150,
    "pretrain_lr": 0.0009794213056366085,
    "transformer_lr": 0.0005962040590126698,
    "ema_decay": 0.9814689134628379,
    "ema_decay_init": 0.99,
    "distill_weight": 0.024909255673659456,
    "cross_distill_weight": 0.05
  },
  "seed": 42
}