{
  "trial_number": 39,
  "dataset_name": "tox21_optuna_trial_0039",
  "model_kwargs": {
    "gnn_hidden": 256,
    "gnn_layers": 4,
    "gnn_dropout": 0.4787198228571008,
    "nhead": 8,
    "tf_layers": 2,
    "dim_ff": 1024,
    "tf_dropout": 0.23398739885785075,
    "ih_rank": 32,
    "ih_symmetric": true,
    "ih_proj_dim": 256,
    "ih_num_prototypes": 12,
    "ih_assignment_mode": "soft",
    "ih_diversity_weight": 0.004969532837988372,
    "info_nce_temperature": 1.0
  },
  "hparams": {
    "batch_size": 128,
    "lr": 0.0005578859210494215,
    "weight_decay": 0.00022136276236279763,
    "num_epochs": 150,
    "patience": 10,
    "gcn_pretrain_epochs": 150,
    "transformer_epochs": 150,
    "pretrain_lr": 0.0010217579214655507,
    "transformer_lr": 0.0005578859210494215,
    "ema_decay": 0.9980959129819111,
    "ema_decay_init": 0.99,
    "distill_weight": 0.04467332017009982,
    "cross_distill_weight": 0.02
  },
  "seed": 42
}