{
  "generated_at": "2026-06-23T16:16:43",
  "study_name": "tox21_xkd",
  "trial_number": 1,
  "model_kwargs": {
    "gnn_hidden": 512,
    "gnn_layers": 3,
    "gnn_dropout": 0.5148434057604027,
    "nhead": 8,
    "tf_layers": 2,
    "dim_ff": 1536,
    "tf_dropout": 0.2975990992289793,
    "ih_rank": 64,
    "ih_symmetric": true,
    "ih_proj_dim": 128,
    "ih_num_prototypes": 16,
    "ih_assignment_mode": "sparse",
    "ih_diversity_weight": 0.013199942261535026,
    "info_nce_temperature": 0.5
  },
  "hparams": {
    "batch_size": 128,
    "lr": 0.00029266761285490743,
    "weight_decay": 0.00014698843461707762,
    "num_epochs": 150,
    "patience": 10,
    "gcn_pretrain_epochs": 150,
    "transformer_epochs": 150,
    "pretrain_lr": 6.601984958164861e-05,
    "transformer_lr": 0.00029266761285490743,
    "ema_decay": 0.9718431921582946,
    "ema_decay_init": 0.98,
    "distill_weight": 0.029743734066098863,
    "cross_distill_weight": 0.1
  },
  "device": "cuda",
  "status": "complete"
}