{
  "generated_at": "2026-06-21T23:23:46",
  "study_name": "tox21_xkd",
  "trial_number": 1,
  "model_kwargs": {
    "gnn_hidden": 256,
    "gnn_layers": 4,
    "gnn_dropout": 0.3176985004103839,
    "nhead": 4,
    "tf_layers": 1,
    "dim_ff": 512,
    "tf_dropout": 0.25547091587579285,
    "ih_rank": 32,
    "ih_symmetric": false,
    "ih_proj_dim": 128,
    "ih_num_prototypes": 4,
    "ih_assignment_mode": "sparse",
    "ih_diversity_weight": 0.00014063366777718192,
    "info_nce_temperature": 1.0
  },
  "hparams": {
    "batch_size": 64,
    "lr": 0.0006470376604234771,
    "weight_decay": 9.4525713910723e-06,
    "num_epochs": 150,
    "patience": 10,
    "gcn_pretrain_epochs": 150,
    "transformer_epochs": 150,
    "pretrain_lr": 0.0008896916672592679,
    "transformer_lr": 0.0006470376604234771,
    "ema_decay": 0.9812403160964054,
    "ema_decay_init": 0.9,
    "distill_weight": 0.028155239206754137,
    "cross_distill_weight": 0.05
  },
  "device": "cuda",
  "status": "complete"
}