{
  "trial_number": 36,
  "dataset_name": "sider_optuna_trial_0036",
  "model_kwargs": {
    "gnn_hidden": 256,
    "gnn_layers": 2,
    "gnn_dropout": 0.5219817900798849,
    "nhead": 4,
    "tf_layers": 3,
    "dim_ff": 512,
    "tf_dropout": 0.29375943369063723,
    "ih_rank": 16,
    "ih_symmetric": false,
    "ih_proj_dim": 256,
    "ih_num_prototypes": 12,
    "ih_assignment_mode": "soft",
    "ih_diversity_weight": 0.003000374754959431,
    "info_nce_temperature": 0.2
  },
  "hparams": {
    "batch_size": 64,
    "lr": 0.0011231376496078909,
    "weight_decay": 1.991653619954251e-05,
    "num_epochs": 150,
    "patience": 10,
    "gcn_pretrain_epochs": 150,
    "transformer_epochs": 150,
    "pretrain_lr": 0.0002259262108040348,
    "transformer_lr": 0.0011231376496078909,
    "ema_decay": 0.9507640996688422,
    "ema_decay_init": 0.95,
    "distill_weight": 0.0063240545462309936,
    "cross_distill_weight": 0.05
  },
  "seed": 42
}