{
  "trial_number": 30,
  "dataset_name": "bbbp_optuna_trial_0030",
  "model_kwargs": {
    "gnn_hidden": 192,
    "gnn_layers": 3,
    "gnn_dropout": 0.27090666668662833,
    "nhead": 8,
    "tf_layers": 1,
    "dim_ff": 576,
    "tf_dropout": 0.317837579422192,
    "ih_rank": 64,
    "ih_symmetric": false,
    "ih_proj_dim": 0,
    "ih_num_prototypes": 12,
    "ih_assignment_mode": "hard",
    "ih_diversity_weight": 0.0001741267965645202,
    "info_nce_temperature": 0.5
  },
  "hparams": {
    "batch_size": 128,
    "lr": 0.0011366035294589863,
    "weight_decay": 0.00020191268688411664,
    "num_epochs": 150,
    "patience": 10,
    "gcn_pretrain_epochs": 150,
    "transformer_epochs": 150,
    "pretrain_lr": 0.00019628308067349228,
    "transformer_lr": 0.0011366035294589863,
    "ema_decay": 0.9577929182599111,
    "ema_decay_init": 0.9,
    "distill_weight": 0.08903984872033006,
    "cross_distill_weight": 0.05
  },
  "seed": 42
}