{
  "generated_at": "2026-06-23T11:10:51",
  "study_name": "bace_xkd",
  "trial_number": 5,
  "model_kwargs": {
    "gnn_hidden": 512,
    "gnn_layers": 3,
    "gnn_dropout": 0.14215364552264162,
    "nhead": 4,
    "tf_layers": 2,
    "dim_ff": 1536,
    "tf_dropout": 0.2946021109504891,
    "ih_rank": 32,
    "ih_symmetric": true,
    "ih_proj_dim": 0,
    "ih_num_prototypes": 6,
    "ih_assignment_mode": "soft",
    "ih_diversity_weight": 0.06627897035983009,
    "info_nce_temperature": 0.2
  },
  "hparams": {
    "batch_size": 64,
    "lr": 0.00010473926494901387,
    "weight_decay": 0.0022970794537196817,
    "num_epochs": 150,
    "patience": 10,
    "gcn_pretrain_epochs": 150,
    "transformer_epochs": 150,
    "pretrain_lr": 0.0017934880801218557,
    "transformer_lr": 0.00010473926494901387,
    "ema_decay": 0.9917974633179006,
    "ema_decay_init": 0.98,
    "distill_weight": 0.002454753535342306,
    "cross_distill_weight": 0.05
  },
  "device": "cuda",
  "status": "complete"
}