{
  "generated_at": "2026-06-20T12:46:17",
  "study_name": "bbbp_xkd",
  "trial_number": 36,
  "model_kwargs": {
    "gnn_hidden": 128,
    "gnn_layers": 2,
    "gnn_dropout": 0.2181729189731461,
    "nhead": 8,
    "tf_layers": 3,
    "dim_ff": 384,
    "tf_dropout": 0.2823015505609422,
    "ih_rank": 32,
    "ih_symmetric": true,
    "ih_proj_dim": 128,
    "ih_num_prototypes": 4,
    "ih_assignment_mode": "sparse",
    "ih_diversity_weight": 0.000347341245503329,
    "info_nce_temperature": 0.5
  },
  "hparams": {
    "batch_size": 128,
    "lr": 0.0017011929291968853,
    "weight_decay": 0.0006031486778729464,
    "num_epochs": 150,
    "patience": 10,
    "gcn_pretrain_epochs": 150,
    "transformer_epochs": 150,
    "pretrain_lr": 0.00038745467107418404,
    "transformer_lr": 0.0017011929291968853,
    "ema_decay": 0.9560950251904138,
    "ema_decay_init": 0.95,
    "distill_weight": 0.05057548828333184,
    "cross_distill_weight": 0.05
  },
  "device": "cuda",
  "status": "pruned"
}