{
  "generated_at": "2026-06-22T17:11:09",
  "study_name": "tox21_xkd",
  "trial_number": 47,
  "model_kwargs": {
    "gnn_hidden": 192,
    "gnn_layers": 4,
    "gnn_dropout": 0.40307507500404016,
    "nhead": 8,
    "tf_layers": 1,
    "dim_ff": 768,
    "tf_dropout": 0.3230998273926256,
    "ih_rank": 16,
    "ih_symmetric": true,
    "ih_proj_dim": 256,
    "ih_num_prototypes": 4,
    "ih_assignment_mode": "hard",
    "ih_diversity_weight": 0.0005548366556113465,
    "info_nce_temperature": 0.5
  },
  "hparams": {
    "batch_size": 256,
    "lr": 0.00038418986759888326,
    "weight_decay": 0.00041303574277857396,
    "num_epochs": 150,
    "patience": 10,
    "gcn_pretrain_epochs": 150,
    "transformer_epochs": 150,
    "pretrain_lr": 0.0005649410303985927,
    "transformer_lr": 0.00038418986759888326,
    "ema_decay": 0.9979195113843911,
    "ema_decay_init": 0.99,
    "distill_weight": 0.0010522221623349066,
    "cross_distill_weight": 0.02
  },
  "device": "cuda",
  "status": "pruned"
}