{
  "trial_number": 47,
  "dataset_name": "tox21_optuna_trial_0047",
  "model_kwargs": {
    "gnn_hidden": 192,
    "gnn_layers": 4,
    "gnn_dropout": 0.4769564858619499,
    "nhead": 8,
    "tf_layers": 2,
    "dim_ff": 384,
    "tf_dropout": 0.22197444556868315,
    "ih_rank": 32,
    "ih_symmetric": false,
    "ih_proj_dim": 256,
    "ih_num_prototypes": 8,
    "ih_assignment_mode": "sparse",
    "ih_diversity_weight": 0.00150222421745106,
    "info_nce_temperature": 0.2
  },
  "hparams": {
    "batch_size": 64,
    "lr": 0.0004347070565015069,
    "weight_decay": 0.0003820354001036358,
    "num_epochs": 150,
    "patience": 10,
    "gcn_pretrain_epochs": 150,
    "transformer_epochs": 150,
    "pretrain_lr": 0.0012568359517466888,
    "transformer_lr": 0.0004347070565015069,
    "ema_decay": 0.9934226140900678,
    "ema_decay_init": 0.95,
    "distill_weight": 0.044236951759499696,
    "cross_distill_weight": 0.05
  },
  "seed": 42
}