{
  "generated_at": "2026-05-29T03:28:55",
  "study_name": "dual_kd_gnn_optuna",
  "trial_number": 26,
  "model_kwargs": {
    "gnn_hidden": 192,
    "gnn_layers": 3,
    "gnn_dropout": 0.4893547899967619,
    "nhead": 8,
    "tf_layers": 2,
    "dim_ff": 768,
    "tf_dropout": 0.1852577424779544,
    "ih_rank": 16,
    "ih_symmetric": true,
    "ih_proj_dim": 128,
    "ih_num_prototypes": 12,
    "ih_assignment_mode": "hard",
    "ih_diversity_weight": 0.00017965112171261456
  },
  "hparams": {
    "batch_size": 64,
    "lr": 0.001319720856667283,
    "weight_decay": 6.541032354496488e-06,
    "num_epochs": 60,
    "patience": 12,
    "gcn_pretrain_epochs": 40,
    "transformer_epochs": 60,
    "pretrain_lr": 0.0012257622460584681,
    "transformer_lr": 0.001319720856667283,
    "ema_decay": 0.9783135355491654,
    "distill_weight": 0.07437630839471944
  },
  "device": "cuda",
  "status": "pruned"
}