{
  "trial_number": 41,
  "dataset_name": "clintox_optuna_trial_0041",
  "model_kwargs": {
    "gnn_hidden": 192,
    "gnn_layers": 3,
    "gnn_dropout": 0.37553690681158963,
    "nhead": 8,
    "tf_layers": 2,
    "dim_ff": 768,
    "tf_dropout": 0.43440973375600866,
    "ih_rank": 16,
    "ih_symmetric": false,
    "ih_proj_dim": 256,
    "ih_num_prototypes": 8,
    "ih_assignment_mode": "sparse",
    "ih_diversity_weight": 0.00016197715552025268,
    "info_nce_temperature": 0.5
  },
  "hparams": {
    "batch_size": 64,
    "lr": 0.0004983231204847933,
    "weight_decay": 1.5554571396011895e-06,
    "num_epochs": 150,
    "patience": 10,
    "gcn_pretrain_epochs": 150,
    "transformer_epochs": 150,
    "pretrain_lr": 0.0009146895773494079,
    "transformer_lr": 0.0004983231204847933,
    "ema_decay": 0.9814545243158563,
    "ema_decay_init": 0.99,
    "distill_weight": 0.004944922186366047,
    "cross_distill_weight": 0.02
  },
  "seed": 42
}