{
  "generated_at": "2026-06-21T21:36:21",
  "study_name": "clintox_xkd",
  "trial_number": 36,
  "model_kwargs": {
    "gnn_hidden": 128,
    "gnn_layers": 4,
    "gnn_dropout": 0.42256600833867125,
    "nhead": 8,
    "tf_layers": 1,
    "dim_ff": 256,
    "tf_dropout": 0.44089280906693473,
    "ih_rank": 16,
    "ih_symmetric": true,
    "ih_proj_dim": 0,
    "ih_num_prototypes": 4,
    "ih_assignment_mode": "sparse",
    "ih_diversity_weight": 0.0033968266514953476,
    "info_nce_temperature": 1.0
  },
  "hparams": {
    "batch_size": 64,
    "lr": 0.0018066422529411587,
    "weight_decay": 1.4176763274580871e-05,
    "num_epochs": 150,
    "patience": 10,
    "gcn_pretrain_epochs": 150,
    "transformer_epochs": 150,
    "pretrain_lr": 0.0014176090275045358,
    "transformer_lr": 0.0018066422529411587,
    "ema_decay": 0.9739595812060987,
    "ema_decay_init": 0.9,
    "distill_weight": 0.0011609308081657835,
    "cross_distill_weight": 0.02
  },
  "device": "cuda",
  "status": "pruned"
}