{
  "generated_at": "2026-06-20T18:12:57",
  "study_name": "clintox_xkd",
  "trial_number": 36,
  "model_kwargs": {
    "gnn_hidden": 256,
    "gnn_layers": 2,
    "gnn_dropout": 0.3636214151580937,
    "nhead": 8,
    "tf_layers": 2,
    "dim_ff": 512,
    "tf_dropout": 0.3630553505715745,
    "ih_rank": 64,
    "ih_symmetric": true,
    "ih_proj_dim": 0,
    "ih_num_prototypes": 8,
    "ih_assignment_mode": "hard",
    "ih_diversity_weight": 0.02777309087908295,
    "info_nce_temperature": 0.2
  },
  "hparams": {
    "batch_size": 128,
    "lr": 0.000515704760085998,
    "weight_decay": 2.681063244857148e-05,
    "num_epochs": 150,
    "patience": 10,
    "gcn_pretrain_epochs": 150,
    "transformer_epochs": 150,
    "pretrain_lr": 0.00016724368268421848,
    "transformer_lr": 0.000515704760085998,
    "ema_decay": 0.9971209045690781,
    "ema_decay_init": 0.95,
    "distill_weight": 0.01134483591631599,
    "cross_distill_weight": 0.02
  },
  "device": "cuda",
  "status": "pruned"
}