{
  "generated_at": "2026-06-23T11:49:53",
  "study_name": "bace_xkd",
  "trial_number": 14,
  "model_kwargs": {
    "gnn_hidden": 512,
    "gnn_layers": 2,
    "gnn_dropout": 0.4414593400740189,
    "nhead": 8,
    "tf_layers": 4,
    "dim_ff": 1024,
    "tf_dropout": 0.2846465137083175,
    "ih_rank": 64,
    "ih_symmetric": true,
    "ih_proj_dim": 0,
    "ih_num_prototypes": 4,
    "ih_assignment_mode": "soft",
    "ih_diversity_weight": 0.00015722413454115797,
    "info_nce_temperature": 0.2
  },
  "hparams": {
    "batch_size": 64,
    "lr": 0.0003987480862906843,
    "weight_decay": 5.624431356231311e-06,
    "num_epochs": 150,
    "patience": 10,
    "gcn_pretrain_epochs": 150,
    "transformer_epochs": 150,
    "pretrain_lr": 0.0003222201223115738,
    "transformer_lr": 0.0003987480862906843,
    "ema_decay": 0.9939039847225516,
    "ema_decay_init": 0.99,
    "distill_weight": 0.0013009514025020394,
    "cross_distill_weight": 0.05
  },
  "device": "cuda",
  "status": "pruned"
}