{
  "trial_number": 14,
  "dataset_name": "bace_optuna_trial_0014",
  "model_kwargs": {
    "gnn_hidden": 384,
    "gnn_layers": 3,
    "gnn_dropout": 0.37515671318933647,
    "nhead": 4,
    "tf_layers": 1,
    "dim_ff": 768,
    "tf_dropout": 0.24185182451767265,
    "ih_rank": 32,
    "ih_symmetric": false,
    "ih_proj_dim": 128,
    "ih_num_prototypes": 8,
    "ih_assignment_mode": "soft",
    "ih_diversity_weight": 0.00039741790324924505,
    "info_nce_temperature": 1.0
  },
  "hparams": {
    "batch_size": 64,
    "lr": 0.0010350862484290535,
    "weight_decay": 1.6095138115126612e-06,
    "num_epochs": 150,
    "patience": 10,
    "gcn_pretrain_epochs": 150,
    "transformer_epochs": 150,
    "pretrain_lr": 0.0010422409280624052,
    "transformer_lr": 0.0010350862484290535,
    "ema_decay": 0.9735174308134487,
    "ema_decay_init": 0.9,
    "distill_weight": 0.029121476118908137,
    "cross_distill_weight": 0.02
  },
  "seed": 42
}