{
  "generated_at": "2026-06-21T21:45:48",
  "study_name": "clintox_xkd",
  "trial_number": 38,
  "model_kwargs": {
    "gnn_hidden": 192,
    "gnn_layers": 4,
    "gnn_dropout": 0.41279858736552727,
    "nhead": 4,
    "tf_layers": 2,
    "dim_ff": 768,
    "tf_dropout": 0.4246307760806515,
    "ih_rank": 16,
    "ih_symmetric": true,
    "ih_proj_dim": 256,
    "ih_num_prototypes": 16,
    "ih_assignment_mode": "sparse",
    "ih_diversity_weight": 0.00021979434154010372,
    "info_nce_temperature": 0.5
  },
  "hparams": {
    "batch_size": 64,
    "lr": 0.0004371658498061813,
    "weight_decay": 1.0209561942802143e-06,
    "num_epochs": 150,
    "patience": 10,
    "gcn_pretrain_epochs": 150,
    "transformer_epochs": 150,
    "pretrain_lr": 0.0006244154178293856,
    "transformer_lr": 0.0004371658498061813,
    "ema_decay": 0.9963177920280559,
    "ema_decay_init": 0.9,
    "distill_weight": 0.012504927998559158,
    "cross_distill_weight": 0.02
  },
  "device": "cuda",
  "status": "pruned"
}