{
  "trial_number": 38,
  "dataset_name": "clintox_optuna_trial_0038",
  "model_kwargs": {
    "gnn_hidden": 128,
    "gnn_layers": 3,
    "gnn_dropout": 0.5009062667642022,
    "nhead": 4,
    "tf_layers": 3,
    "dim_ff": 256,
    "tf_dropout": 0.38172394477883265,
    "ih_rank": 32,
    "ih_symmetric": true,
    "ih_proj_dim": 128,
    "ih_num_prototypes": 6,
    "ih_assignment_mode": "hard",
    "ih_diversity_weight": 0.014406091006858171,
    "info_nce_temperature": 0.2
  },
  "hparams": {
    "batch_size": 128,
    "lr": 0.0007493609766969164,
    "weight_decay": 7.67638766396575e-05,
    "num_epochs": 150,
    "patience": 10,
    "gcn_pretrain_epochs": 150,
    "transformer_epochs": 150,
    "pretrain_lr": 0.00021303462248264783,
    "transformer_lr": 0.0007493609766969164,
    "ema_decay": 0.9967929143071991,
    "ema_decay_init": 0.95,
    "distill_weight": 0.011220912564488044,
    "cross_distill_weight": 0.05
  },
  "seed": 42
}