{
  "generated_at": "2026-06-21T18:28:19",
  "study_name": "clintox_xkd",
  "trial_number": 0,
  "model_kwargs": {
    "gnn_hidden": 192,
    "gnn_layers": 4,
    "gnn_dropout": 0.42022300234864174,
    "nhead": 4,
    "tf_layers": 3,
    "dim_ff": 384,
    "tf_dropout": 0.4329770563201687,
    "ih_rank": 16,
    "ih_symmetric": false,
    "ih_proj_dim": 256,
    "ih_num_prototypes": 16,
    "ih_assignment_mode": "sparse",
    "ih_diversity_weight": 0.0001238513729886094,
    "info_nce_temperature": 0.2
  },
  "hparams": {
    "batch_size": 64,
    "lr": 0.001716044502975482,
    "weight_decay": 1.9634341572933354e-06,
    "num_epochs": 150,
    "patience": 10,
    "gcn_pretrain_epochs": 150,
    "transformer_epochs": 150,
    "pretrain_lr": 0.0007766184280392891,
    "transformer_lr": 0.001716044502975482,
    "ema_decay": 0.9715674721932405,
    "ema_decay_init": 0.99,
    "distill_weight": 0.001969837968877361,
    "cross_distill_weight": 0.02
  },
  "device": "cuda",
  "status": "complete"
}