{
  "generated_at": "2026-06-21T01:28:19",
  "study_name": "tox21_xkd",
  "trial_number": 28,
  "model_kwargs": {
    "gnn_hidden": 128,
    "gnn_layers": 3,
    "gnn_dropout": 0.3811954868011533,
    "nhead": 4,
    "tf_layers": 3,
    "dim_ff": 384,
    "tf_dropout": 0.3697217328931375,
    "ih_rank": 64,
    "ih_symmetric": false,
    "ih_proj_dim": 256,
    "ih_num_prototypes": 6,
    "ih_assignment_mode": "hard",
    "ih_diversity_weight": 0.02117221555730722,
    "info_nce_temperature": 0.5
  },
  "hparams": {
    "batch_size": 128,
    "lr": 0.0003541907367207213,
    "weight_decay": 9.9686049757797e-05,
    "num_epochs": 150,
    "patience": 10,
    "gcn_pretrain_epochs": 150,
    "transformer_epochs": 150,
    "pretrain_lr": 0.0008008343155476469,
    "transformer_lr": 0.0003541907367207213,
    "ema_decay": 0.9841618328438544,
    "ema_decay_init": 0.98,
    "distill_weight": 0.0024275290194545295,
    "cross_distill_weight": 0.02
  },
  "device": "cuda",
  "status": "complete"
}