{
  "generated_at": "2026-05-26T15:27:44",
  "study_name": "dual_kd_gnn_optuna",
  "trial_number": 15,
  "model_kwargs": {
    "gnn_hidden": 192,
    "gnn_layers": 4,
    "gnn_dropout": 0.432549898065652,
    "nhead": 8,
    "tf_layers": 2,
    "dim_ff": 768,
    "tf_dropout": 0.0878934007775662,
    "ih_rank": 32,
    "ih_symmetric": true,
    "ih_proj_dim": 128,
    "ih_num_prototypes": 12,
    "ih_assignment_mode": "soft",
    "ih_diversity_weight": 0.00018740845510965154
  },
  "hparams": {
    "batch_size": 64,
    "lr": 0.0007893375082346042,
    "weight_decay": 1.4846294105750043e-05,
    "num_epochs": 60,
    "patience": 12,
    "gcn_pretrain_epochs": 40,
    "transformer_epochs": 60,
    "pretrain_lr": 0.001916510845648193,
    "transformer_lr": 0.0007893375082346042,
    "ema_decay": 0.9800039661346839,
    "distill_weight": 0.034454772263653385
  },
  "device": "cuda",
  "status": "complete"
}