{
  "generated_at": "2026-06-23T16:52:23",
  "study_name": "tox21_xkd",
  "trial_number": 3,
  "model_kwargs": {
    "gnn_hidden": 192,
    "gnn_layers": 3,
    "gnn_dropout": 0.3262055604529877,
    "nhead": 8,
    "tf_layers": 4,
    "dim_ff": 384,
    "tf_dropout": 0.2718685672000917,
    "ih_rank": 64,
    "ih_symmetric": false,
    "ih_proj_dim": 128,
    "ih_num_prototypes": 8,
    "ih_assignment_mode": "sparse",
    "ih_diversity_weight": 0.0009169384722192332,
    "info_nce_temperature": 1.0
  },
  "hparams": {
    "batch_size": 128,
    "lr": 0.0007612574550680783,
    "weight_decay": 6.13130999103722e-06,
    "num_epochs": 150,
    "patience": 10,
    "gcn_pretrain_epochs": 150,
    "transformer_epochs": 150,
    "pretrain_lr": 0.00039643430816069464,
    "transformer_lr": 0.0007612574550680783,
    "ema_decay": 0.9750566264411448,
    "ema_decay_init": 0.98,
    "distill_weight": 0.002404931475750692,
    "cross_distill_weight": 0.05
  },
  "device": "cuda",
  "status": "complete"
}