{
  "trial_number": 59,
  "dataset_name": "bace_optuna_trial_0059",
  "model_kwargs": {
    "gnn_hidden": 512,
    "gnn_layers": 3,
    "gnn_dropout": 0.3158921871100775,
    "nhead": 4,
    "tf_layers": 3,
    "dim_ff": 1536,
    "tf_dropout": 0.296030141880557,
    "ih_rank": 64,
    "ih_symmetric": true,
    "ih_proj_dim": 128,
    "ih_num_prototypes": 4,
    "ih_assignment_mode": "hard",
    "ih_diversity_weight": 0.00015239917980394515,
    "info_nce_temperature": 1.0
  },
  "hparams": {
    "batch_size": 128,
    "lr": 0.0003788980621312577,
    "weight_decay": 3.534049016084065e-05,
    "num_epochs": 150,
    "patience": 10,
    "gcn_pretrain_epochs": 150,
    "transformer_epochs": 150,
    "pretrain_lr": 0.00011306811433545505,
    "transformer_lr": 0.0003788980621312577,
    "ema_decay": 0.997894834211816,
    "ema_decay_init": 0.99,
    "distill_weight": 0.0027836642602973795,
    "cross_distill_weight": 0.1
  },
  "seed": 42
}