{
  "generated_at": "2026-06-21T20:08:35",
  "study_name": "clintox_xkd",
  "trial_number": 20,
  "model_kwargs": {
    "gnn_hidden": 128,
    "gnn_layers": 4,
    "gnn_dropout": 0.4970675199196054,
    "nhead": 8,
    "tf_layers": 1,
    "dim_ff": 256,
    "tf_dropout": 0.39065463338560985,
    "ih_rank": 64,
    "ih_symmetric": true,
    "ih_proj_dim": 0,
    "ih_num_prototypes": 4,
    "ih_assignment_mode": "sparse",
    "ih_diversity_weight": 0.0004987848967798064,
    "info_nce_temperature": 1.0
  },
  "hparams": {
    "batch_size": 64,
    "lr": 0.00047034952633487624,
    "weight_decay": 0.0005253162647048556,
    "num_epochs": 150,
    "patience": 10,
    "gcn_pretrain_epochs": 150,
    "transformer_epochs": 150,
    "pretrain_lr": 0.0013698955222724441,
    "transformer_lr": 0.00047034952633487624,
    "ema_decay": 0.9882046912219388,
    "ema_decay_init": 0.9,
    "distill_weight": 0.004151149920357528,
    "cross_distill_weight": 0.02
  },
  "device": "cuda",
  "status": "pruned"
}