{
  "trial_number": 20,
  "dataset_name": "clintox_optuna_trial_0020",
  "model_kwargs": {
    "gnn_hidden": 384,
    "gnn_layers": 2,
    "gnn_dropout": 0.27275706513281883,
    "nhead": 4,
    "tf_layers": 2,
    "dim_ff": 1152,
    "tf_dropout": 0.11438580596361643,
    "ih_rank": 32,
    "ih_symmetric": true,
    "ih_proj_dim": 128,
    "ih_num_prototypes": 8,
    "ih_assignment_mode": "hard",
    "ih_diversity_weight": 0.0016705173404181414,
    "info_nce_temperature": 0.2
  },
  "hparams": {
    "batch_size": 128,
    "lr": 0.0009457243892811742,
    "weight_decay": 3.8959649816259474e-05,
    "num_epochs": 150,
    "patience": 10,
    "gcn_pretrain_epochs": 150,
    "transformer_epochs": 150,
    "pretrain_lr": 0.00016612699417572653,
    "transformer_lr": 0.0009457243892811742,
    "ema_decay": 0.9527972457784697,
    "ema_decay_init": 0.98,
    "distill_weight": 0.0026645073373007923,
    "cross_distill_weight": 0.02
  },
  "seed": 42
}