{
  "generated_at": "2026-06-23T12:08:07",
  "study_name": "bace_xkd",
  "trial_number": 18,
  "model_kwargs": {
    "gnn_hidden": 512,
    "gnn_layers": 4,
    "gnn_dropout": 0.44472955979512135,
    "nhead": 8,
    "tf_layers": 3,
    "dim_ff": 1024,
    "tf_dropout": 0.11497719122909841,
    "ih_rank": 32,
    "ih_symmetric": true,
    "ih_proj_dim": 128,
    "ih_num_prototypes": 6,
    "ih_assignment_mode": "soft",
    "ih_diversity_weight": 0.0001505730039628597,
    "info_nce_temperature": 0.2
  },
  "hparams": {
    "batch_size": 64,
    "lr": 0.0003889522188481327,
    "weight_decay": 9.634166726260517e-06,
    "num_epochs": 150,
    "patience": 10,
    "gcn_pretrain_epochs": 150,
    "transformer_epochs": 150,
    "pretrain_lr": 0.0001149473656698826,
    "transformer_lr": 0.0003889522188481327,
    "ema_decay": 0.9943677971168552,
    "ema_decay_init": 0.99,
    "distill_weight": 0.003726179939205334,
    "cross_distill_weight": 0.02
  },
  "device": "cuda",
  "status": "pruned"
}