{
  "trial_number": 18,
  "dataset_name": "bace_optuna_trial_0018",
  "model_kwargs": {
    "gnn_hidden": 256,
    "gnn_layers": 3,
    "gnn_dropout": 0.334033983322611,
    "nhead": 4,
    "tf_layers": 2,
    "dim_ff": 512,
    "tf_dropout": 0.1881388247086488,
    "ih_rank": 64,
    "ih_symmetric": false,
    "ih_proj_dim": 128,
    "ih_num_prototypes": 6,
    "ih_assignment_mode": "hard",
    "ih_diversity_weight": 0.0003440236023976779,
    "info_nce_temperature": 1.0
  },
  "hparams": {
    "batch_size": 64,
    "lr": 0.0009510669707918326,
    "weight_decay": 7.888934928951272e-06,
    "num_epochs": 150,
    "patience": 10,
    "gcn_pretrain_epochs": 150,
    "transformer_epochs": 150,
    "pretrain_lr": 0.0003788012860450976,
    "transformer_lr": 0.0009510669707918326,
    "ema_decay": 0.9797153996642833,
    "ema_decay_init": 0.99,
    "distill_weight": 0.022005790079610878,
    "cross_distill_weight": 0.05
  },
  "seed": 42
}