{
  "generated_at": "2026-06-23T11:20:17",
  "study_name": "bace_xkd",
  "trial_number": 7,
  "model_kwargs": {
    "gnn_hidden": 512,
    "gnn_layers": 2,
    "gnn_dropout": 0.45783378764591676,
    "nhead": 8,
    "tf_layers": 2,
    "dim_ff": 1536,
    "tf_dropout": 0.1050701486830915,
    "ih_rank": 16,
    "ih_symmetric": true,
    "ih_proj_dim": 128,
    "ih_num_prototypes": 6,
    "ih_assignment_mode": "soft",
    "ih_diversity_weight": 0.004603224516025264,
    "info_nce_temperature": 0.2
  },
  "hparams": {
    "batch_size": 64,
    "lr": 0.000290489963873385,
    "weight_decay": 2.532786865696868e-06,
    "num_epochs": 150,
    "patience": 10,
    "gcn_pretrain_epochs": 150,
    "transformer_epochs": 150,
    "pretrain_lr": 0.00011477592913333903,
    "transformer_lr": 0.000290489963873385,
    "ema_decay": 0.9519957113136295,
    "ema_decay_init": 0.9,
    "distill_weight": 0.013527666095282886,
    "cross_distill_weight": 0.02
  },
  "device": "cuda",
  "status": "pruned"
}