{
  "trial_number": 42,
  "dataset_name": "bbbp_optuna_trial_0042",
  "model_kwargs": {
    "gnn_hidden": 256,
    "gnn_layers": 3,
    "gnn_dropout": 0.4770741744952321,
    "nhead": 4,
    "tf_layers": 1,
    "dim_ff": 768,
    "tf_dropout": 0.30327943344462605,
    "ih_rank": 32,
    "ih_symmetric": true,
    "ih_proj_dim": 128,
    "ih_num_prototypes": 4,
    "ih_assignment_mode": "sparse",
    "ih_diversity_weight": 0.0003924342710011977,
    "info_nce_temperature": 0.2
  },
  "hparams": {
    "batch_size": 64,
    "lr": 0.0012801402293442076,
    "weight_decay": 1.712908634878123e-05,
    "num_epochs": 150,
    "patience": 10,
    "gcn_pretrain_epochs": 150,
    "transformer_epochs": 150,
    "pretrain_lr": 0.0005807657066000906,
    "transformer_lr": 0.0012801402293442076,
    "ema_decay": 0.9724698657593492,
    "ema_decay_init": 0.95,
    "distill_weight": 0.010388529897306348,
    "cross_distill_weight": 0.05
  },
  "seed": 42
}