{
  "generated_at": "2026-06-16T07:54:39",
  "study_name": "xkd_infonce_emaramp",
  "trial_number": 7,
  "model_kwargs": {
    "gnn_hidden": 256,
    "gnn_layers": 4,
    "gnn_dropout": 0.41664603672101075,
    "nhead": 4,
    "tf_layers": 2,
    "dim_ff": 512,
    "tf_dropout": 0.2393887083122263,
    "ih_rank": 32,
    "ih_symmetric": false,
    "ih_proj_dim": 256,
    "ih_num_prototypes": 4,
    "ih_assignment_mode": "hard",
    "ih_diversity_weight": 0.06617450849063193,
    "info_nce_temperature": 0.5
  },
  "hparams": {
    "batch_size": 128,
    "lr": 0.00013650481636667998,
    "weight_decay": 2.2005218660574487e-05,
    "num_epochs": 60,
    "patience": 12,
    "gcn_pretrain_epochs": 40,
    "transformer_epochs": 60,
    "pretrain_lr": 0.002404282943608316,
    "transformer_lr": 0.00013650481636667998,
    "ema_decay": 0.9943621814558471,
    "ema_decay_init": 0.9,
    "distill_weight": 0.0016493623837247058,
    "cross_distill_weight": 0.02
  },
  "device": "cuda",
  "status": "pruned"
}