{
  "generated_at": "2026-06-20T17:33:52",
  "study_name": "clintox_xkd",
  "trial_number": 27,
  "model_kwargs": {
    "gnn_hidden": 192,
    "gnn_layers": 4,
    "gnn_dropout": 0.431026284087571,
    "nhead": 4,
    "tf_layers": 3,
    "dim_ff": 384,
    "tf_dropout": 0.492817502271778,
    "ih_rank": 64,
    "ih_symmetric": true,
    "ih_proj_dim": 128,
    "ih_num_prototypes": 8,
    "ih_assignment_mode": "hard",
    "ih_diversity_weight": 0.015266462148051895,
    "info_nce_temperature": 0.1
  },
  "hparams": {
    "batch_size": 64,
    "lr": 0.00040042152359998355,
    "weight_decay": 3.1771136171306325e-05,
    "num_epochs": 150,
    "patience": 10,
    "gcn_pretrain_epochs": 150,
    "transformer_epochs": 150,
    "pretrain_lr": 0.0006980291232926773,
    "transformer_lr": 0.00040042152359998355,
    "ema_decay": 0.9832024538300101,
    "ema_decay_init": 0.9,
    "distill_weight": 0.01707443225216587,
    "cross_distill_weight": 0.05
  },
  "device": "cuda",
  "status": "complete"
}