{
  "trial_number": 27,
  "dataset_name": "clintox_optuna_trial_0027",
  "model_kwargs": {
    "gnn_hidden": 192,
    "gnn_layers": 4,
    "gnn_dropout": 0.41794861662980276,
    "nhead": 8,
    "tf_layers": 2,
    "dim_ff": 768,
    "tf_dropout": 0.4970698209075701,
    "ih_rank": 16,
    "ih_symmetric": false,
    "ih_proj_dim": 256,
    "ih_num_prototypes": 16,
    "ih_assignment_mode": "sparse",
    "ih_diversity_weight": 0.0010514070261004752,
    "info_nce_temperature": 0.5
  },
  "hparams": {
    "batch_size": 64,
    "lr": 0.0004583219450808222,
    "weight_decay": 3.866561216554681e-06,
    "num_epochs": 150,
    "patience": 10,
    "gcn_pretrain_epochs": 150,
    "transformer_epochs": 150,
    "pretrain_lr": 0.0010763808595313667,
    "transformer_lr": 0.0004583219450808222,
    "ema_decay": 0.9912927544589064,
    "ema_decay_init": 0.9,
    "distill_weight": 0.008679022613626963,
    "cross_distill_weight": 0.02
  },
  "seed": 42
}