{
  "generated_at": "2026-06-24T04:34:40",
  "study_name": "tox21_xkd",
  "trial_number": 32,
  "model_kwargs": {
    "gnn_hidden": 512,
    "gnn_layers": 3,
    "gnn_dropout": 0.5286220840084361,
    "nhead": 8,
    "tf_layers": 2,
    "dim_ff": 1024,
    "tf_dropout": 0.2122613864667112,
    "ih_rank": 32,
    "ih_symmetric": false,
    "ih_proj_dim": 256,
    "ih_num_prototypes": 8,
    "ih_assignment_mode": "soft",
    "ih_diversity_weight": 0.0006279563753336727,
    "info_nce_temperature": 1.0
  },
  "hparams": {
    "batch_size": 64,
    "lr": 0.0002861166252388254,
    "weight_decay": 0.00015939450787210945,
    "num_epochs": 150,
    "patience": 10,
    "gcn_pretrain_epochs": 150,
    "transformer_epochs": 150,
    "pretrain_lr": 0.0010593133352907443,
    "transformer_lr": 0.0002861166252388254,
    "ema_decay": 0.9922192203237581,
    "ema_decay_init": 0.95,
    "distill_weight": 0.016132694048303232,
    "cross_distill_weight": 0.02
  },
  "device": "cuda",
  "status": "pruned"
}