{
  "generated_at": "2026-06-22T11:50:10",
  "study_name": "tox21_xkd",
  "trial_number": 32,
  "model_kwargs": {
    "gnn_hidden": 192,
    "gnn_layers": 4,
    "gnn_dropout": 0.42150861996600814,
    "nhead": 8,
    "tf_layers": 3,
    "dim_ff": 768,
    "tf_dropout": 0.33431256771869894,
    "ih_rank": 32,
    "ih_symmetric": true,
    "ih_proj_dim": 256,
    "ih_num_prototypes": 16,
    "ih_assignment_mode": "soft",
    "ih_diversity_weight": 0.00013508202961925932,
    "info_nce_temperature": 0.5
  },
  "hparams": {
    "batch_size": 64,
    "lr": 0.00018947887649205805,
    "weight_decay": 0.0006450075287409634,
    "num_epochs": 150,
    "patience": 10,
    "gcn_pretrain_epochs": 150,
    "transformer_epochs": 150,
    "pretrain_lr": 0.0010159802817103786,
    "transformer_lr": 0.00018947887649205805,
    "ema_decay": 0.951227913803082,
    "ema_decay_init": 0.99,
    "distill_weight": 0.003954027586188445,
    "cross_distill_weight": 0.1
  },
  "device": "cuda",
  "status": "pruned"
}