{
  "generated_at": "2026-06-20T00:00:02",
  "study_name": "tox21_xkd",
  "trial_number": 12,
  "model_kwargs": {
    "gnn_hidden": 128,
    "gnn_layers": 4,
    "gnn_dropout": 0.38346664538081,
    "nhead": 4,
    "tf_layers": 2,
    "dim_ff": 384,
    "tf_dropout": 0.4192042104478756,
    "ih_rank": 64,
    "ih_symmetric": false,
    "ih_proj_dim": 0,
    "ih_num_prototypes": 16,
    "ih_assignment_mode": "sparse",
    "ih_diversity_weight": 0.00028571184071013835,
    "info_nce_temperature": 0.1
  },
  "hparams": {
    "batch_size": 64,
    "lr": 0.0015306961156084996,
    "weight_decay": 1.7909583290771153e-05,
    "num_epochs": 60,
    "patience": 12,
    "gcn_pretrain_epochs": 40,
    "transformer_epochs": 60,
    "pretrain_lr": 0.00034326945096331313,
    "transformer_lr": 0.0015306961156084996,
    "ema_decay": 0.9677128268662191,
    "ema_decay_init": 0.98,
    "distill_weight": 0.02775668701846482,
    "cross_distill_weight": 0.05
  },
  "device": "cuda",
  "status": "complete"
}