{
  "generated_at": "2026-06-23T20:21:04",
  "study_name": "tox21_xkd",
  "trial_number": 12,
  "model_kwargs": {
    "gnn_hidden": 256,
    "gnn_layers": 4,
    "gnn_dropout": 0.4571400587729837,
    "nhead": 8,
    "tf_layers": 2,
    "dim_ff": 512,
    "tf_dropout": 0.21789423523129384,
    "ih_rank": 32,
    "ih_symmetric": false,
    "ih_proj_dim": 256,
    "ih_num_prototypes": 8,
    "ih_assignment_mode": "sparse",
    "ih_diversity_weight": 0.0004207044462268102,
    "info_nce_temperature": 0.2
  },
  "hparams": {
    "batch_size": 64,
    "lr": 0.0002564878857490007,
    "weight_decay": 0.00017774130812656848,
    "num_epochs": 150,
    "patience": 10,
    "gcn_pretrain_epochs": 150,
    "transformer_epochs": 150,
    "pretrain_lr": 0.001126491513792064,
    "transformer_lr": 0.0002564878857490007,
    "ema_decay": 0.9884183738563591,
    "ema_decay_init": 0.95,
    "distill_weight": 0.04596991406126452,
    "cross_distill_weight": 0.05
  },
  "device": "cuda",
  "status": "complete"
}