{
  "trial_number": 12,
  "dataset_name": "tox21_optuna_trial_0012",
  "model_kwargs": {
    "gnn_hidden": 128,
    "gnn_layers": 4,
    "gnn_dropout": 0.4116964141346253,
    "nhead": 8,
    "tf_layers": 2,
    "dim_ff": 384,
    "tf_dropout": 0.35849721954567665,
    "ih_rank": 64,
    "ih_symmetric": false,
    "ih_proj_dim": 0,
    "ih_num_prototypes": 16,
    "ih_assignment_mode": "soft",
    "ih_diversity_weight": 0.0010319843254132269,
    "info_nce_temperature": 0.5
  },
  "hparams": {
    "batch_size": 128,
    "lr": 0.0003853070059975652,
    "weight_decay": 7.461310551877735e-06,
    "num_epochs": 150,
    "patience": 10,
    "gcn_pretrain_epochs": 150,
    "transformer_epochs": 150,
    "pretrain_lr": 0.0014945855088828212,
    "transformer_lr": 0.0003853070059975652,
    "ema_decay": 0.9604734723161218,
    "ema_decay_init": 0.99,
    "distill_weight": 0.0011294547746678672,
    "cross_distill_weight": 0.05
  },
  "seed": 42
}