{
  "generated_at": "2026-06-23T11:01:36",
  "study_name": "bace_xkd",
  "trial_number": 3,
  "model_kwargs": {
    "gnn_hidden": 256,
    "gnn_layers": 2,
    "gnn_dropout": 0.3334557797845148,
    "nhead": 4,
    "tf_layers": 4,
    "dim_ff": 1024,
    "tf_dropout": 0.29248945898842227,
    "ih_rank": 32,
    "ih_symmetric": true,
    "ih_proj_dim": 0,
    "ih_num_prototypes": 8,
    "ih_assignment_mode": "sparse",
    "ih_diversity_weight": 0.09056311714376349,
    "info_nce_temperature": 1.0
  },
  "hparams": {
    "batch_size": 64,
    "lr": 0.00020378563773076978,
    "weight_decay": 0.00015798070335448384,
    "num_epochs": 150,
    "patience": 10,
    "gcn_pretrain_epochs": 150,
    "transformer_epochs": 150,
    "pretrain_lr": 0.0006671771392675706,
    "transformer_lr": 0.00020378563773076978,
    "ema_decay": 0.9762529595196632,
    "ema_decay_init": 0.95,
    "distill_weight": 0.0012411515780473906,
    "cross_distill_weight": 0.05
  },
  "device": "cuda",
  "status": "pruned"
}