{
  "generated_at": "2026-06-21T22:38:58",
  "study_name": "clintox_xkd",
  "trial_number": 48,
  "model_kwargs": {
    "gnn_hidden": 384,
    "gnn_layers": 3,
    "gnn_dropout": 0.3423034152141902,
    "nhead": 4,
    "tf_layers": 1,
    "dim_ff": 1152,
    "tf_dropout": 0.45149366525508183,
    "ih_rank": 16,
    "ih_symmetric": false,
    "ih_proj_dim": 0,
    "ih_num_prototypes": 16,
    "ih_assignment_mode": "soft",
    "ih_diversity_weight": 0.002293730993836227,
    "info_nce_temperature": 0.5
  },
  "hparams": {
    "batch_size": 64,
    "lr": 0.0003199672299138368,
    "weight_decay": 1.3338875825166394e-06,
    "num_epochs": 150,
    "patience": 10,
    "gcn_pretrain_epochs": 150,
    "transformer_epochs": 150,
    "pretrain_lr": 0.0005817612411827085,
    "transformer_lr": 0.0003199672299138368,
    "ema_decay": 0.9933244118111307,
    "ema_decay_init": 0.99,
    "distill_weight": 0.02205949248560545,
    "cross_distill_weight": 0.02
  },
  "device": "cuda",
  "status": "pruned"
}