{
  "generated_at": "2026-06-20T21:49:55",
  "study_name": "sider_xkd",
  "trial_number": 29,
  "model_kwargs": {
    "gnn_hidden": 256,
    "gnn_layers": 3,
    "gnn_dropout": 0.41675654908959736,
    "nhead": 4,
    "tf_layers": 2,
    "dim_ff": 512,
    "tf_dropout": 0.14597748268140048,
    "ih_rank": 32,
    "ih_symmetric": false,
    "ih_proj_dim": 0,
    "ih_num_prototypes": 8,
    "ih_assignment_mode": "soft",
    "ih_diversity_weight": 0.0007090091565551591,
    "info_nce_temperature": 0.2
  },
  "hparams": {
    "batch_size": 64,
    "lr": 0.0005813166137018639,
    "weight_decay": 1.4115830557358753e-05,
    "num_epochs": 150,
    "patience": 10,
    "gcn_pretrain_epochs": 150,
    "transformer_epochs": 150,
    "pretrain_lr": 0.00015843497093946104,
    "transformer_lr": 0.0005813166137018639,
    "ema_decay": 0.9532018694086501,
    "ema_decay_init": 0.98,
    "distill_weight": 0.01747963736403395,
    "cross_distill_weight": 0.02
  },
  "device": "cuda",
  "status": "pruned"
}