{
  "trial_number": 6,
  "dataset_name": "tox21_optuna_trial_0006",
  "model_kwargs": {
    "gnn_hidden": 256,
    "gnn_layers": 3,
    "gnn_dropout": 0.11372511247257225,
    "nhead": 8,
    "tf_layers": 2,
    "dim_ff": 768,
    "tf_dropout": 0.10082420506075392,
    "ih_rank": 32,
    "ih_symmetric": true,
    "ih_proj_dim": 256,
    "ih_num_prototypes": 6,
    "ih_assignment_mode": "hard",
    "ih_diversity_weight": 0.00017193692051833056,
    "info_nce_temperature": 0.2
  },
  "hparams": {
    "batch_size": 64,
    "lr": 0.0005296786874055661,
    "weight_decay": 3.4990533651792354e-06,
    "num_epochs": 60,
    "patience": 12,
    "gcn_pretrain_epochs": 40,
    "transformer_epochs": 60,
    "pretrain_lr": 4.1675613515342814e-05,
    "transformer_lr": 0.0005296786874055661,
    "ema_decay": 0.9769121065705999,
    "ema_decay_init": 0.99,
    "distill_weight": 0.04987959735228863,
    "cross_distill_weight": 0.05
  },
  "seed": 42
}