{
  "trial_number": 4,
  "dataset_name": "tox21_optuna_trial_0004",
  "model_kwargs": {
    "gnn_hidden": 256,
    "gnn_layers": 4,
    "gnn_dropout": 0.3848956557729706,
    "nhead": 8,
    "tf_layers": 4,
    "dim_ff": 1024,
    "tf_dropout": 0.46913307798577314,
    "ih_rank": 16,
    "ih_symmetric": false,
    "ih_proj_dim": 128,
    "ih_num_prototypes": 16,
    "ih_assignment_mode": "sparse",
    "ih_diversity_weight": 0.009034076805537776,
    "info_nce_temperature": 0.5
  },
  "hparams": {
    "batch_size": 64,
    "lr": 0.00026506645379019666,
    "weight_decay": 0.0008971246103963549,
    "num_epochs": 150,
    "patience": 10,
    "gcn_pretrain_epochs": 150,
    "transformer_epochs": 150,
    "pretrain_lr": 0.000425585549072793,
    "transformer_lr": 0.00026506645379019666,
    "ema_decay": 0.9864809494967287,
    "ema_decay_init": 0.95,
    "distill_weight": 0.04415614124121264,
    "cross_distill_weight": 0.05
  },
  "seed": 42
}