{
  "trial_number": 51,
  "dataset_name": "bace_optuna_trial_0051",
  "model_kwargs": {
    "gnn_hidden": 384,
    "gnn_layers": 3,
    "gnn_dropout": 0.2236885380584866,
    "nhead": 8,
    "tf_layers": 4,
    "dim_ff": 768,
    "tf_dropout": 0.2314246377519097,
    "ih_rank": 64,
    "ih_symmetric": false,
    "ih_proj_dim": 128,
    "ih_num_prototypes": 4,
    "ih_assignment_mode": "soft",
    "ih_diversity_weight": 0.005134167301933136,
    "info_nce_temperature": 1.0
  },
  "hparams": {
    "batch_size": 128,
    "lr": 0.0008987043314449733,
    "weight_decay": 1.705409208419516e-06,
    "num_epochs": 150,
    "patience": 10,
    "gcn_pretrain_epochs": 150,
    "transformer_epochs": 150,
    "pretrain_lr": 0.00019644340701902762,
    "transformer_lr": 0.0008987043314449733,
    "ema_decay": 0.9526880301575089,
    "ema_decay_init": 0.95,
    "distill_weight": 0.02184112027636905,
    "cross_distill_weight": 0.05
  },
  "seed": 42
}