{
  "generated_at": "2026-04-25T04:19:05",
  "study_name": "att1",
  "trial_number": 8,
  "model_kwargs": {
    "gnn_hidden": 128,
    "gnn_layers": 3,
    "gnn_dropout": 0.46334806982382815,
    "nhead": 4,
    "tf_layers": 1,
    "dim_ff": 512,
    "tf_dropout": 0.14117406501677668,
    "ih_rank": 64,
    "ih_symmetric": false,
    "ih_proj_dim": 0
  },
  "hparams": {
    "batch_size": 64,
    "lr": 6.859835746759403e-05,
    "weight_decay": 6.366458282383561e-05,
    "num_epochs": 60,
    "patience": 12,
    "gcn_pretrain_epochs": 40,
    "transformer_epochs": 60,
    "pretrain_lr": 0.0005513954848805307,
    "transformer_lr": 6.859835746759403e-05,
    "ema_decay": 0.9678178505165854,
    "distill_weight": 0.17222639914460647
  },
  "device": "cuda",
  "status": "pruned"
}