{
  "trial_number": 13,
  "dataset_name": "clintox_optuna_trial_0013",
  "model_kwargs": {
    "gnn_hidden": 192,
    "gnn_layers": 4,
    "gnn_dropout": 0.4453831944924858,
    "nhead": 8,
    "tf_layers": 3,
    "dim_ff": 384,
    "tf_dropout": 0.49246801507537474,
    "ih_rank": 16,
    "ih_symmetric": false,
    "ih_proj_dim": 256,
    "ih_num_prototypes": 16,
    "ih_assignment_mode": "sparse",
    "ih_diversity_weight": 0.0006823375421459679,
    "info_nce_temperature": 0.2
  },
  "hparams": {
    "batch_size": 64,
    "lr": 0.0014161150920033165,
    "weight_decay": 1.3876742691812276e-06,
    "num_epochs": 150,
    "patience": 10,
    "gcn_pretrain_epochs": 150,
    "transformer_epochs": 150,
    "pretrain_lr": 0.0011913917970112805,
    "transformer_lr": 0.0014161150920033165,
    "ema_decay": 0.9871649404613594,
    "ema_decay_init": 0.9,
    "distill_weight": 0.010038065485048354,
    "cross_distill_weight": 0.02
  },
  "seed": 42
}