{
  "trial_number": 13,
  "dataset_name": "clintox_optuna_trial_0013",
  "model_kwargs": {
    "gnn_hidden": 128,
    "gnn_layers": 4,
    "gnn_dropout": 0.5321417972469296,
    "nhead": 4,
    "tf_layers": 3,
    "dim_ff": 256,
    "tf_dropout": 0.3629915645775875,
    "ih_rank": 64,
    "ih_symmetric": true,
    "ih_proj_dim": 256,
    "ih_num_prototypes": 12,
    "ih_assignment_mode": "hard",
    "ih_diversity_weight": 0.00404775866422967,
    "info_nce_temperature": 0.2
  },
  "hparams": {
    "batch_size": 64,
    "lr": 0.0003931166984007072,
    "weight_decay": 0.0005480681109685561,
    "num_epochs": 60,
    "patience": 12,
    "gcn_pretrain_epochs": 40,
    "transformer_epochs": 60,
    "pretrain_lr": 0.0003309694145704115,
    "transformer_lr": 0.0003931166984007072,
    "ema_decay": 0.9964820778345417,
    "ema_decay_init": 0.99,
    "distill_weight": 0.012354517806373212,
    "cross_distill_weight": 0.02
  },
  "seed": 42
}