{
  "generated_at": "2026-06-16T10:14:07",
  "study_name": "xkd_infonce_emaramp",
  "trial_number": 8,
  "model_kwargs": {
    "gnn_hidden": 128,
    "gnn_layers": 4,
    "gnn_dropout": 0.43078196971174865,
    "nhead": 4,
    "tf_layers": 1,
    "dim_ff": 384,
    "tf_dropout": 0.35024590065634337,
    "ih_rank": 32,
    "ih_symmetric": false,
    "ih_proj_dim": 128,
    "ih_num_prototypes": 12,
    "ih_assignment_mode": "soft",
    "ih_diversity_weight": 0.048592549471642474,
    "info_nce_temperature": 0.5
  },
  "hparams": {
    "batch_size": 128,
    "lr": 1.683170718737057e-05,
    "weight_decay": 0.0020201160329851643,
    "num_epochs": 60,
    "patience": 12,
    "gcn_pretrain_epochs": 40,
    "transformer_epochs": 60,
    "pretrain_lr": 0.0002633147460220927,
    "transformer_lr": 1.683170718737057e-05,
    "ema_decay": 0.9809600233963202,
    "ema_decay_init": 0.99,
    "distill_weight": 0.053856280992241094,
    "cross_distill_weight": 0.02
  },
  "device": "cuda",
  "status": "pruned"
}