{
  "generated_at": "2026-06-23T13:52:46",
  "study_name": "bace_xkd",
  "trial_number": 42,
  "model_kwargs": {
    "gnn_hidden": 512,
    "gnn_layers": 4,
    "gnn_dropout": 0.21648835069583844,
    "nhead": 4,
    "tf_layers": 4,
    "dim_ff": 1536,
    "tf_dropout": 0.28079185234908166,
    "ih_rank": 64,
    "ih_symmetric": false,
    "ih_proj_dim": 128,
    "ih_num_prototypes": 6,
    "ih_assignment_mode": "sparse",
    "ih_diversity_weight": 0.014211008614643706,
    "info_nce_temperature": 0.2
  },
  "hparams": {
    "batch_size": 128,
    "lr": 0.00012289061372832902,
    "weight_decay": 0.0002934922948186664,
    "num_epochs": 150,
    "patience": 10,
    "gcn_pretrain_epochs": 150,
    "transformer_epochs": 150,
    "pretrain_lr": 0.00010645245612758552,
    "transformer_lr": 0.00012289061372832902,
    "ema_decay": 0.9674741493401714,
    "ema_decay_init": 0.95,
    "distill_weight": 0.09987964996244364,
    "cross_distill_weight": 0.05
  },
  "device": "cuda",
  "status": "pruned"
}