{
  "generated_at": "2026-06-20T16:26:10",
  "study_name": "bbbp_xkd",
  "trial_number": 54,
  "model_kwargs": {
    "gnn_hidden": 256,
    "gnn_layers": 3,
    "gnn_dropout": 0.4732695425862298,
    "nhead": 4,
    "tf_layers": 1,
    "dim_ff": 1024,
    "tf_dropout": 0.26990616241058174,
    "ih_rank": 16,
    "ih_symmetric": true,
    "ih_proj_dim": 128,
    "ih_num_prototypes": 8,
    "ih_assignment_mode": "hard",
    "ih_diversity_weight": 0.0012575953860654292,
    "info_nce_temperature": 0.5
  },
  "hparams": {
    "batch_size": 64,
    "lr": 0.0019657045133880495,
    "weight_decay": 6.312222465460217e-05,
    "num_epochs": 150,
    "patience": 10,
    "gcn_pretrain_epochs": 150,
    "transformer_epochs": 150,
    "pretrain_lr": 0.00012578995265645325,
    "transformer_lr": 0.0019657045133880495,
    "ema_decay": 0.9538440627413933,
    "ema_decay_init": 0.98,
    "distill_weight": 0.007446056532003201,
    "cross_distill_weight": 0.02
  },
  "device": "cuda",
  "status": "complete"
}