{
  "generated_at": "2026-06-24T09:46:59",
  "study_name": "tox21_xkd",
  "trial_number": 45,
  "model_kwargs": {
    "gnn_hidden": 192,
    "gnn_layers": 4,
    "gnn_dropout": 0.42387151867141515,
    "nhead": 4,
    "tf_layers": 2,
    "dim_ff": 768,
    "tf_dropout": 0.23482270494715057,
    "ih_rank": 32,
    "ih_symmetric": false,
    "ih_proj_dim": 256,
    "ih_num_prototypes": 24,
    "ih_assignment_mode": "sparse",
    "ih_diversity_weight": 0.000896616579761916,
    "info_nce_temperature": 1.0
  },
  "hparams": {
    "batch_size": 64,
    "lr": 0.00025075913213006126,
    "weight_decay": 6.57949590691559e-05,
    "num_epochs": 150,
    "patience": 10,
    "gcn_pretrain_epochs": 150,
    "transformer_epochs": 150,
    "pretrain_lr": 0.0029007774614749635,
    "transformer_lr": 0.00025075913213006126,
    "ema_decay": 0.9825694703421101,
    "ema_decay_init": 0.95,
    "distill_weight": 0.010406663413912162,
    "cross_distill_weight": 0.02
  },
  "device": "cuda",
  "status": "complete"
}