{
  "generated_at": "2026-06-22T16:22:35",
  "study_name": "tox21_xkd",
  "trial_number": 45,
  "model_kwargs": {
    "gnn_hidden": 192,
    "gnn_layers": 4,
    "gnn_dropout": 0.4036133778510588,
    "nhead": 8,
    "tf_layers": 2,
    "dim_ff": 576,
    "tf_dropout": 0.12533728949901102,
    "ih_rank": 16,
    "ih_symmetric": true,
    "ih_proj_dim": 256,
    "ih_num_prototypes": 6,
    "ih_assignment_mode": "hard",
    "ih_diversity_weight": 0.0006342016796969613,
    "info_nce_temperature": 0.5
  },
  "hparams": {
    "batch_size": 64,
    "lr": 0.0008026636917645887,
    "weight_decay": 9.25267820729934e-05,
    "num_epochs": 150,
    "patience": 10,
    "gcn_pretrain_epochs": 150,
    "transformer_epochs": 150,
    "pretrain_lr": 0.0004954664550726913,
    "transformer_lr": 0.0008026636917645887,
    "ema_decay": 0.9974403458734251,
    "ema_decay_init": 0.99,
    "distill_weight": 0.011070348927927944,
    "cross_distill_weight": 0.1
  },
  "device": "cuda",
  "status": "pruned"
}