{
  "generated_at": "2026-06-23T12:13:30",
  "study_name": "bace_xkd",
  "trial_number": 19,
  "model_kwargs": {
    "gnn_hidden": 512,
    "gnn_layers": 4,
    "gnn_dropout": 0.3696712076863101,
    "nhead": 8,
    "tf_layers": 3,
    "dim_ff": 1024,
    "tf_dropout": 0.18698712291569317,
    "ih_rank": 64,
    "ih_symmetric": true,
    "ih_proj_dim": 128,
    "ih_num_prototypes": 8,
    "ih_assignment_mode": "hard",
    "ih_diversity_weight": 0.0006955644396236742,
    "info_nce_temperature": 1.0
  },
  "hparams": {
    "batch_size": 128,
    "lr": 0.000922693818228245,
    "weight_decay": 2.3729334921069613e-06,
    "num_epochs": 150,
    "patience": 10,
    "gcn_pretrain_epochs": 150,
    "transformer_epochs": 150,
    "pretrain_lr": 0.00014063361996779757,
    "transformer_lr": 0.000922693818228245,
    "ema_decay": 0.9969236081269862,
    "ema_decay_init": 0.99,
    "distill_weight": 0.0014037489460403992,
    "cross_distill_weight": 0.1
  },
  "device": "cuda",
  "status": "pruned"
}