{
  "trial_number": 19,
  "dataset_name": "bace_optuna_trial_0019",
  "model_kwargs": {
    "gnn_hidden": 256,
    "gnn_layers": 4,
    "gnn_dropout": 0.3272048728777751,
    "nhead": 8,
    "tf_layers": 1,
    "dim_ff": 512,
    "tf_dropout": 0.3054429657281322,
    "ih_rank": 32,
    "ih_symmetric": false,
    "ih_proj_dim": 128,
    "ih_num_prototypes": 4,
    "ih_assignment_mode": "soft",
    "ih_diversity_weight": 0.0003463230310889939,
    "info_nce_temperature": 1.0
  },
  "hparams": {
    "batch_size": 64,
    "lr": 0.0010963196426514422,
    "weight_decay": 5.473079755276989e-06,
    "num_epochs": 150,
    "patience": 10,
    "gcn_pretrain_epochs": 150,
    "transformer_epochs": 150,
    "pretrain_lr": 0.0005715987505290011,
    "transformer_lr": 0.0010963196426514422,
    "ema_decay": 0.9944257035934162,
    "ema_decay_init": 0.9,
    "distill_weight": 0.004431857031122988,
    "cross_distill_weight": 0.1
  },
  "seed": 42
}