{
  "trial_number": 37,
  "dataset_name": "bbbp_optuna_trial_0037",
  "model_kwargs": {
    "gnn_hidden": 128,
    "gnn_layers": 2,
    "gnn_dropout": 0.3757579946140204,
    "nhead": 8,
    "tf_layers": 2,
    "dim_ff": 512,
    "tf_dropout": 0.178954281091676,
    "ih_rank": 16,
    "ih_symmetric": true,
    "ih_proj_dim": 0,
    "ih_num_prototypes": 6,
    "ih_assignment_mode": "sparse",
    "ih_diversity_weight": 0.010019249617934356,
    "info_nce_temperature": 0.5
  },
  "hparams": {
    "batch_size": 128,
    "lr": 0.0018179505103913139,
    "weight_decay": 0.00048468247458101604,
    "num_epochs": 150,
    "patience": 10,
    "gcn_pretrain_epochs": 150,
    "transformer_epochs": 150,
    "pretrain_lr": 0.00021206670542607515,
    "transformer_lr": 0.0018179505103913139,
    "ema_decay": 0.960987369465428,
    "ema_decay_init": 0.95,
    "distill_weight": 0.02109534089993433,
    "cross_distill_weight": 0.05
  },
  "seed": 42
}