{
  "generated_at": "2026-06-20T15:17:02",
  "study_name": "bbbp_xkd",
  "trial_number": 43,
  "model_kwargs": {
    "gnn_hidden": 128,
    "gnn_layers": 3,
    "gnn_dropout": 0.453025368876157,
    "nhead": 4,
    "tf_layers": 1,
    "dim_ff": 384,
    "tf_dropout": 0.43433570706277214,
    "ih_rank": 32,
    "ih_symmetric": true,
    "ih_proj_dim": 128,
    "ih_num_prototypes": 4,
    "ih_assignment_mode": "sparse",
    "ih_diversity_weight": 0.01441499464082911,
    "info_nce_temperature": 0.2
  },
  "hparams": {
    "batch_size": 64,
    "lr": 0.0008395984362982744,
    "weight_decay": 9.907763869609512e-05,
    "num_epochs": 150,
    "patience": 10,
    "gcn_pretrain_epochs": 150,
    "transformer_epochs": 150,
    "pretrain_lr": 0.00035213930828335713,
    "transformer_lr": 0.0008395984362982744,
    "ema_decay": 0.971709604617474,
    "ema_decay_init": 0.95,
    "distill_weight": 0.0014176597742546052,
    "cross_distill_weight": 0.1
  },
  "device": "cuda",
  "status": "pruned"
}