{
  "generated_at": "2026-06-21T21:51:23",
  "study_name": "clintox_xkd",
  "trial_number": 39,
  "model_kwargs": {
    "gnn_hidden": 128,
    "gnn_layers": 3,
    "gnn_dropout": 0.34568992393941333,
    "nhead": 8,
    "tf_layers": 2,
    "dim_ff": 256,
    "tf_dropout": 0.2766391572660276,
    "ih_rank": 64,
    "ih_symmetric": true,
    "ih_proj_dim": 256,
    "ih_num_prototypes": 12,
    "ih_assignment_mode": "sparse",
    "ih_diversity_weight": 0.0015770048261206566,
    "info_nce_temperature": 1.0
  },
  "hparams": {
    "batch_size": 64,
    "lr": 0.0010291281379279892,
    "weight_decay": 4.465342863119879e-06,
    "num_epochs": 150,
    "patience": 10,
    "gcn_pretrain_epochs": 150,
    "transformer_epochs": 150,
    "pretrain_lr": 0.0010294283672943527,
    "transformer_lr": 0.0010291281379279892,
    "ema_decay": 0.9909853124205291,
    "ema_decay_init": 0.9,
    "distill_weight": 0.008831325149624264,
    "cross_distill_weight": 0.1
  },
  "device": "cuda",
  "status": "complete"
}