{
  "generated_at": "2026-06-20T18:23:41",
  "study_name": "clintox_xkd",
  "trial_number": 39,
  "model_kwargs": {
    "gnn_hidden": 192,
    "gnn_layers": 4,
    "gnn_dropout": 0.44275281150452933,
    "nhead": 8,
    "tf_layers": 3,
    "dim_ff": 384,
    "tf_dropout": 0.33159188920697913,
    "ih_rank": 64,
    "ih_symmetric": true,
    "ih_proj_dim": 128,
    "ih_num_prototypes": 8,
    "ih_assignment_mode": "hard",
    "ih_diversity_weight": 0.02285411696895116,
    "info_nce_temperature": 0.2
  },
  "hparams": {
    "batch_size": 64,
    "lr": 0.0009252835728661736,
    "weight_decay": 0.0002670850422471919,
    "num_epochs": 150,
    "patience": 10,
    "gcn_pretrain_epochs": 150,
    "transformer_epochs": 150,
    "pretrain_lr": 0.0008949031125905098,
    "transformer_lr": 0.0009252835728661736,
    "ema_decay": 0.9912379722808671,
    "ema_decay_init": 0.98,
    "distill_weight": 0.16775567729468452,
    "cross_distill_weight": 0.02
  },
  "device": "cuda",
  "status": "pruned"
}