{
  "generated_at": "2026-06-20T12:00:57",
  "study_name": "bbbp_xkd",
  "trial_number": 28,
  "model_kwargs": {
    "gnn_hidden": 192,
    "gnn_layers": 3,
    "gnn_dropout": 0.25423060478901305,
    "nhead": 8,
    "tf_layers": 1,
    "dim_ff": 576,
    "tf_dropout": 0.28789421314620167,
    "ih_rank": 16,
    "ih_symmetric": true,
    "ih_proj_dim": 0,
    "ih_num_prototypes": 12,
    "ih_assignment_mode": "sparse",
    "ih_diversity_weight": 0.00016069516711481296,
    "info_nce_temperature": 0.2
  },
  "hparams": {
    "batch_size": 128,
    "lr": 0.0008941888577676819,
    "weight_decay": 0.00017342659236851176,
    "num_epochs": 150,
    "patience": 10,
    "gcn_pretrain_epochs": 150,
    "transformer_epochs": 150,
    "pretrain_lr": 0.0002451407419225559,
    "transformer_lr": 0.0008941888577676819,
    "ema_decay": 0.954512957983093,
    "ema_decay_init": 0.95,
    "distill_weight": 0.028762829768268886,
    "cross_distill_weight": 0.05
  },
  "device": "cuda",
  "status": "complete"
}