{
  "generated_at": "2026-06-23T10:50:20",
  "study_name": "bace_xkd",
  "trial_number": 1,
  "model_kwargs": {
    "gnn_hidden": 256,
    "gnn_layers": 2,
    "gnn_dropout": 0.5363130824940514,
    "nhead": 8,
    "tf_layers": 4,
    "dim_ff": 1024,
    "tf_dropout": 0.21957999576221704,
    "ih_rank": 16,
    "ih_symmetric": false,
    "ih_proj_dim": 0,
    "ih_num_prototypes": 4,
    "ih_assignment_mode": "sparse",
    "ih_diversity_weight": 0.00016736010167825804,
    "info_nce_temperature": 0.2
  },
  "hparams": {
    "batch_size": 64,
    "lr": 0.0001016680374002288,
    "weight_decay": 0.0003426465148409954,
    "num_epochs": 150,
    "patience": 10,
    "gcn_pretrain_epochs": 150,
    "transformer_epochs": 150,
    "pretrain_lr": 0.0010079659367870726,
    "transformer_lr": 0.0001016680374002288,
    "ema_decay": 0.9536281879349704,
    "ema_decay_init": 0.98,
    "distill_weight": 0.005773062784917182,
    "cross_distill_weight": 0.1
  },
  "device": "cuda",
  "status": "complete"
}