{
  "trial_number": 27,
  "dataset_name": "tox21_optuna_trial_0027",
  "model_kwargs": {
    "gnn_hidden": 384,
    "gnn_layers": 4,
    "gnn_dropout": 0.42373515273421625,
    "nhead": 4,
    "tf_layers": 2,
    "dim_ff": 1536,
    "tf_dropout": 0.07658840765523794,
    "ih_rank": 32,
    "ih_symmetric": true,
    "ih_proj_dim": 0,
    "ih_num_prototypes": 12,
    "ih_assignment_mode": "soft",
    "ih_diversity_weight": 0.00019730805366850496
  },
  "hparams": {
    "batch_size": 64,
    "lr": 0.00033765572333266245,
    "weight_decay": 7.690974678957826e-05,
    "num_epochs": 60,
    "patience": 12,
    "gcn_pretrain_epochs": 40,
    "transformer_epochs": 60,
    "pretrain_lr": 0.0010248712109466932,
    "transformer_lr": 0.00033765572333266245,
    "ema_decay": 0.9923767947528916,
    "distill_weight": 0.023342824231941662
  },
  "seed": 42
}