{
  "trial_number": 20,
  "dataset_name": "sider_optuna_trial_0020",
  "model_kwargs": {
    "gnn_hidden": 256,
    "gnn_layers": 3,
    "gnn_dropout": 0.5271872084771398,
    "nhead": 4,
    "tf_layers": 3,
    "dim_ff": 512,
    "tf_dropout": 0.28608429218935644,
    "ih_rank": 32,
    "ih_symmetric": false,
    "ih_proj_dim": 0,
    "ih_num_prototypes": 12,
    "ih_assignment_mode": "soft",
    "ih_diversity_weight": 0.0030715579583004294,
    "info_nce_temperature": 0.2
  },
  "hparams": {
    "batch_size": 64,
    "lr": 0.0009620175359733395,
    "weight_decay": 2.009034035415709e-05,
    "num_epochs": 150,
    "patience": 10,
    "gcn_pretrain_epochs": 150,
    "transformer_epochs": 150,
    "pretrain_lr": 0.00040556500749075675,
    "transformer_lr": 0.0009620175359733395,
    "ema_decay": 0.9572552939504125,
    "ema_decay_init": 0.98,
    "distill_weight": 0.007719595490843096,
    "cross_distill_weight": 0.02
  },
  "seed": 42
}