{
  "trial_number": 34,
  "dataset_name": "tox21_optuna_trial_0034",
  "model_kwargs": {
    "gnn_hidden": 128,
    "gnn_layers": 4,
    "gnn_dropout": 0.4789128870529255,
    "nhead": 8,
    "tf_layers": 2,
    "dim_ff": 256,
    "tf_dropout": 0.2515241332454181,
    "ih_rank": 16,
    "ih_symmetric": false,
    "ih_proj_dim": 256,
    "ih_num_prototypes": 8,
    "ih_assignment_mode": "soft",
    "ih_diversity_weight": 0.013658188787332623,
    "info_nce_temperature": 1.0
  },
  "hparams": {
    "batch_size": 64,
    "lr": 0.0005616667583859535,
    "weight_decay": 0.0005220406415121713,
    "num_epochs": 150,
    "patience": 10,
    "gcn_pretrain_epochs": 150,
    "transformer_epochs": 150,
    "pretrain_lr": 0.0019739356230989735,
    "transformer_lr": 0.0005616667583859535,
    "ema_decay": 0.9923760199027701,
    "ema_decay_init": 0.9,
    "distill_weight": 0.044367541743095804,
    "cross_distill_weight": 0.1
  },
  "seed": 42
}