{
  "trial_number": 34,
  "dataset_name": "tox21_optuna_trial_0034",
  "model_kwargs": {
    "gnn_hidden": 192,
    "gnn_layers": 4,
    "gnn_dropout": 0.4546657456128316,
    "nhead": 4,
    "tf_layers": 2,
    "dim_ff": 384,
    "tf_dropout": 0.2539355239540795,
    "ih_rank": 32,
    "ih_symmetric": false,
    "ih_proj_dim": 256,
    "ih_num_prototypes": 8,
    "ih_assignment_mode": "sparse",
    "ih_diversity_weight": 0.08462598120875654,
    "info_nce_temperature": 0.5
  },
  "hparams": {
    "batch_size": 128,
    "lr": 0.00034957018952380117,
    "weight_decay": 9.587942068867409e-05,
    "num_epochs": 150,
    "patience": 10,
    "gcn_pretrain_epochs": 150,
    "transformer_epochs": 150,
    "pretrain_lr": 0.0016971075262778882,
    "transformer_lr": 0.00034957018952380117,
    "ema_decay": 0.98559785464815,
    "ema_decay_init": 0.9,
    "distill_weight": 0.0013835396615738023,
    "cross_distill_weight": 0.1
  },
  "seed": 42
}