{
  "trial_number": 34,
  "dataset_name": "tox21_optuna_trial_0034",
  "model_kwargs": {
    "gnn_hidden": 256,
    "gnn_layers": 4,
    "gnn_dropout": 0.41823700068856434,
    "nhead": 8,
    "tf_layers": 3,
    "dim_ff": 768,
    "tf_dropout": 0.2648532789869566,
    "ih_rank": 32,
    "ih_symmetric": true,
    "ih_proj_dim": 256,
    "ih_num_prototypes": 12,
    "ih_assignment_mode": "hard",
    "ih_diversity_weight": 0.00015949555214798573,
    "info_nce_temperature": 0.2
  },
  "hparams": {
    "batch_size": 64,
    "lr": 0.00023485597351601494,
    "weight_decay": 0.0006119481962915816,
    "num_epochs": 150,
    "patience": 10,
    "gcn_pretrain_epochs": 150,
    "transformer_epochs": 150,
    "pretrain_lr": 0.0016194931007700313,
    "transformer_lr": 0.00023485597351601494,
    "ema_decay": 0.9801071283991175,
    "ema_decay_init": 0.99,
    "distill_weight": 0.007010065209575025,
    "cross_distill_weight": 0.05
  },
  "seed": 42
}