{
  "trial_number": 10,
  "dataset_name": "bace_optuna_trial_0010",
  "model_kwargs": {
    "gnn_hidden": 256,
    "gnn_layers": 3,
    "gnn_dropout": 0.3752939715637219,
    "nhead": 4,
    "tf_layers": 1,
    "dim_ff": 512,
    "tf_dropout": 0.457982764440957,
    "ih_rank": 32,
    "ih_symmetric": false,
    "ih_proj_dim": 0,
    "ih_num_prototypes": 4,
    "ih_assignment_mode": "sparse",
    "ih_diversity_weight": 0.0008170825731938087,
    "info_nce_temperature": 1.0
  },
  "hparams": {
    "batch_size": 64,
    "lr": 0.0011298039602198522,
    "weight_decay": 2.413108000140219e-05,
    "num_epochs": 150,
    "patience": 10,
    "gcn_pretrain_epochs": 150,
    "transformer_epochs": 150,
    "pretrain_lr": 0.0017468921360567487,
    "transformer_lr": 0.0011298039602198522,
    "ema_decay": 0.9832782901321224,
    "ema_decay_init": 0.9,
    "distill_weight": 0.0378175960845007,
    "cross_distill_weight": 0.05
  },
  "seed": 42
}