{
  "trial_number": 10,
  "dataset_name": "bace_optuna_trial_0010",
  "model_kwargs": {
    "gnn_hidden": 512,
    "gnn_layers": 3,
    "gnn_dropout": 0.43201864978772114,
    "nhead": 8,
    "tf_layers": 3,
    "dim_ff": 1536,
    "tf_dropout": 0.2743614854030786,
    "ih_rank": 64,
    "ih_symmetric": true,
    "ih_proj_dim": 128,
    "ih_num_prototypes": 4,
    "ih_assignment_mode": "hard",
    "ih_diversity_weight": 0.00016652492731652623,
    "info_nce_temperature": 0.2
  },
  "hparams": {
    "batch_size": 128,
    "lr": 0.000404709645220637,
    "weight_decay": 7.20455716327956e-06,
    "num_epochs": 150,
    "patience": 10,
    "gcn_pretrain_epochs": 150,
    "transformer_epochs": 150,
    "pretrain_lr": 0.00011633301849811184,
    "transformer_lr": 0.000404709645220637,
    "ema_decay": 0.9970938987690421,
    "ema_decay_init": 0.99,
    "distill_weight": 0.0011950712075118732,
    "cross_distill_weight": 0.05
  },
  "seed": 42
}