{
  "trial_number": 43,
  "dataset_name": "tox21_optuna_trial_0043",
  "model_kwargs": {
    "gnn_hidden": 256,
    "gnn_layers": 4,
    "gnn_dropout": 0.49483217122024176,
    "nhead": 8,
    "tf_layers": 2,
    "dim_ff": 768,
    "tf_dropout": 0.26727292800082436,
    "ih_rank": 64,
    "ih_symmetric": true,
    "ih_proj_dim": 256,
    "ih_num_prototypes": 12,
    "ih_assignment_mode": "soft",
    "ih_diversity_weight": 0.0024457532858873855,
    "info_nce_temperature": 1.0
  },
  "hparams": {
    "batch_size": 128,
    "lr": 0.0009717827862182344,
    "weight_decay": 0.0005821705717716373,
    "num_epochs": 150,
    "patience": 10,
    "gcn_pretrain_epochs": 150,
    "transformer_epochs": 150,
    "pretrain_lr": 0.0010339859881851017,
    "transformer_lr": 0.0009717827862182344,
    "ema_decay": 0.9898881900952979,
    "ema_decay_init": 0.99,
    "distill_weight": 0.01899451650844301,
    "cross_distill_weight": 0.02
  },
  "seed": 42
}