{
  "trial_number": 61,
  "dataset_name": "bace_optuna_trial_0061",
  "model_kwargs": {
    "gnn_hidden": 384,
    "gnn_layers": 4,
    "gnn_dropout": 0.14938900188424128,
    "nhead": 4,
    "tf_layers": 4,
    "dim_ff": 1152,
    "tf_dropout": 0.28496480677950253,
    "ih_rank": 64,
    "ih_symmetric": true,
    "ih_proj_dim": 128,
    "ih_num_prototypes": 4,
    "ih_assignment_mode": "sparse",
    "ih_diversity_weight": 0.04365504410439666,
    "info_nce_temperature": 0.2
  },
  "hparams": {
    "batch_size": 64,
    "lr": 0.0001855946268974762,
    "weight_decay": 0.00021240922957201292,
    "num_epochs": 150,
    "patience": 10,
    "gcn_pretrain_epochs": 150,
    "transformer_epochs": 150,
    "pretrain_lr": 0.00014273802472467055,
    "transformer_lr": 0.0001855946268974762,
    "ema_decay": 0.954829748392206,
    "ema_decay_init": 0.99,
    "distill_weight": 0.16082204940879374,
    "cross_distill_weight": 0.1
  },
  "seed": 42
}