{
  "generated_at": "2026-06-21T15:14:34",
  "study_name": "bace_xkd",
  "trial_number": 11,
  "model_kwargs": {
    "gnn_hidden": 384,
    "gnn_layers": 4,
    "gnn_dropout": 0.41519434132186844,
    "nhead": 8,
    "tf_layers": 3,
    "dim_ff": 1152,
    "tf_dropout": 0.3836768608164698,
    "ih_rank": 64,
    "ih_symmetric": false,
    "ih_proj_dim": 128,
    "ih_num_prototypes": 16,
    "ih_assignment_mode": "soft",
    "ih_diversity_weight": 0.0025453741021007692,
    "info_nce_temperature": 0.5
  },
  "hparams": {
    "batch_size": 64,
    "lr": 0.00019278614673427162,
    "weight_decay": 0.00010490819080119846,
    "num_epochs": 150,
    "patience": 10,
    "gcn_pretrain_epochs": 150,
    "transformer_epochs": 150,
    "pretrain_lr": 0.0017057993051573762,
    "transformer_lr": 0.00019278614673427162,
    "ema_decay": 0.9651951282811032,
    "ema_decay_init": 0.98,
    "distill_weight": 0.005445599949880227,
    "cross_distill_weight": 0.05
  },
  "device": "cuda",
  "status": "pruned"
}