{
  "trial_number": 11,
  "dataset_name": "bace_optuna_trial_0011",
  "model_kwargs": {
    "gnn_hidden": 512,
    "gnn_layers": 4,
    "gnn_dropout": 0.388700493817438,
    "nhead": 8,
    "tf_layers": 2,
    "dim_ff": 1536,
    "tf_dropout": 0.2538388517844957,
    "ih_rank": 64,
    "ih_symmetric": true,
    "ih_proj_dim": 128,
    "ih_num_prototypes": 4,
    "ih_assignment_mode": "hard",
    "ih_diversity_weight": 0.0005498421319784814,
    "info_nce_temperature": 0.2
  },
  "hparams": {
    "batch_size": 128,
    "lr": 0.00034383201666863053,
    "weight_decay": 1.7159056062319836e-06,
    "num_epochs": 150,
    "patience": 10,
    "gcn_pretrain_epochs": 150,
    "transformer_epochs": 150,
    "pretrain_lr": 0.00017504967055098497,
    "transformer_lr": 0.00034383201666863053,
    "ema_decay": 0.9836749938092784,
    "ema_decay_init": 0.99,
    "distill_weight": 0.0029973927159425294,
    "cross_distill_weight": 0.05
  },
  "seed": 42
}