{
  "trial_number": 65,
  "dataset_name": "bace_optuna_trial_0065",
  "model_kwargs": {
    "gnn_hidden": 256,
    "gnn_layers": 3,
    "gnn_dropout": 0.15617974470365223,
    "nhead": 4,
    "tf_layers": 3,
    "dim_ff": 768,
    "tf_dropout": 0.2729746934557304,
    "ih_rank": 64,
    "ih_symmetric": true,
    "ih_proj_dim": 128,
    "ih_num_prototypes": 4,
    "ih_assignment_mode": "hard",
    "ih_diversity_weight": 0.00013418229264671776,
    "info_nce_temperature": 0.5
  },
  "hparams": {
    "batch_size": 128,
    "lr": 0.0004899349271330236,
    "weight_decay": 0.00011810631216433161,
    "num_epochs": 150,
    "patience": 10,
    "gcn_pretrain_epochs": 150,
    "transformer_epochs": 150,
    "pretrain_lr": 0.00019301352339611214,
    "transformer_lr": 0.0004899349271330236,
    "ema_decay": 0.9987191950288148,
    "ema_decay_init": 0.99,
    "distill_weight": 0.0067698539073862045,
    "cross_distill_weight": 0.1
  },
  "seed": 42
}