{
  "generated_at": "2026-06-23T14:16:55",
  "study_name": "bace_xkd",
  "trial_number": 48,
  "model_kwargs": {
    "gnn_hidden": 256,
    "gnn_layers": 4,
    "gnn_dropout": 0.305488905545332,
    "nhead": 8,
    "tf_layers": 4,
    "dim_ff": 512,
    "tf_dropout": 0.28332908602637,
    "ih_rank": 64,
    "ih_symmetric": false,
    "ih_proj_dim": 128,
    "ih_num_prototypes": 4,
    "ih_assignment_mode": "soft",
    "ih_diversity_weight": 0.009260502690131862,
    "info_nce_temperature": 1.0
  },
  "hparams": {
    "batch_size": 128,
    "lr": 0.0012663117505033205,
    "weight_decay": 2.8881040684175405e-06,
    "num_epochs": 150,
    "patience": 10,
    "gcn_pretrain_epochs": 150,
    "transformer_epochs": 150,
    "pretrain_lr": 0.00022423684291937118,
    "transformer_lr": 0.0012663117505033205,
    "ema_decay": 0.9568258993630897,
    "ema_decay_init": 0.9,
    "distill_weight": 0.008954737910685356,
    "cross_distill_weight": 0.05
  },
  "device": "cuda",
  "status": "complete"
}