{
  "trial_number": 48,
  "dataset_name": "bace_optuna_trial_0048",
  "model_kwargs": {
    "gnn_hidden": 384,
    "gnn_layers": 3,
    "gnn_dropout": 0.377406655000436,
    "nhead": 8,
    "tf_layers": 1,
    "dim_ff": 768,
    "tf_dropout": 0.30585611816103925,
    "ih_rank": 32,
    "ih_symmetric": false,
    "ih_proj_dim": 0,
    "ih_num_prototypes": 16,
    "ih_assignment_mode": "soft",
    "ih_diversity_weight": 0.005275814686123309,
    "info_nce_temperature": 0.5
  },
  "hparams": {
    "batch_size": 128,
    "lr": 0.0013383348399668852,
    "weight_decay": 2.1680218271506303e-05,
    "num_epochs": 150,
    "patience": 10,
    "gcn_pretrain_epochs": 150,
    "transformer_epochs": 150,
    "pretrain_lr": 0.00033472806089146105,
    "transformer_lr": 0.0013383348399668852,
    "ema_decay": 0.9986362571281876,
    "ema_decay_init": 0.99,
    "distill_weight": 0.07507667513257742,
    "cross_distill_weight": 0.05
  },
  "seed": 42
}