{
  "generated_at": "2026-06-19T18:28:40",
  "study_name": "sider_xkd",
  "trial_number": 14,
  "model_kwargs": {
    "gnn_hidden": 384,
    "gnn_layers": 3,
    "gnn_dropout": 0.4924220742908995,
    "nhead": 8,
    "tf_layers": 2,
    "dim_ff": 1152,
    "tf_dropout": 0.1881732516890573,
    "ih_rank": 64,
    "ih_symmetric": true,
    "ih_proj_dim": 256,
    "ih_num_prototypes": 6,
    "ih_assignment_mode": "hard",
    "ih_diversity_weight": 0.0002290215541871661,
    "info_nce_temperature": 0.2
  },
  "hparams": {
    "batch_size": 64,
    "lr": 0.0006587163592897216,
    "weight_decay": 1.9754583426948504e-05,
    "num_epochs": 60,
    "patience": 12,
    "gcn_pretrain_epochs": 40,
    "transformer_epochs": 60,
    "pretrain_lr": 0.0005325963604330105,
    "transformer_lr": 0.0006587163592897216,
    "ema_decay": 0.9767615393444973,
    "ema_decay_init": 0.99,
    "distill_weight": 0.006411980577828592,
    "cross_distill_weight": 0.05
  },
  "device": "cuda",
  "status": "pruned"
}