{
  "trial_number": 28,
  "dataset_name": "bace_optuna_trial_0028",
  "model_kwargs": {
    "gnn_hidden": 256,
    "gnn_layers": 2,
    "gnn_dropout": 0.31922345521715734,
    "nhead": 8,
    "tf_layers": 3,
    "dim_ff": 1024,
    "tf_dropout": 0.12225335245355375,
    "ih_rank": 64,
    "ih_symmetric": false,
    "ih_proj_dim": 128,
    "ih_num_prototypes": 8,
    "ih_assignment_mode": "hard",
    "ih_diversity_weight": 0.00038776392985843093,
    "info_nce_temperature": 0.5
  },
  "hparams": {
    "batch_size": 64,
    "lr": 0.0011371890841868821,
    "weight_decay": 6.54837460734205e-05,
    "num_epochs": 150,
    "patience": 10,
    "gcn_pretrain_epochs": 150,
    "transformer_epochs": 150,
    "pretrain_lr": 0.0001344531689276748,
    "transformer_lr": 0.0011371890841868821,
    "ema_decay": 0.9804772479191719,
    "ema_decay_init": 0.99,
    "distill_weight": 0.030295881800506887,
    "cross_distill_weight": 0.05
  },
  "seed": 42
}