{
  "trial_number": 28,
  "dataset_name": "bace_optuna_trial_0028",
  "model_kwargs": {
    "gnn_hidden": 256,
    "gnn_layers": 2,
    "gnn_dropout": 0.40462644754825233,
    "nhead": 8,
    "tf_layers": 4,
    "dim_ff": 1024,
    "tf_dropout": 0.2187960283439988,
    "ih_rank": 64,
    "ih_symmetric": false,
    "ih_proj_dim": 0,
    "ih_num_prototypes": 4,
    "ih_assignment_mode": "sparse",
    "ih_diversity_weight": 0.00038681287241232564,
    "info_nce_temperature": 0.5
  },
  "hparams": {
    "batch_size": 64,
    "lr": 0.00013694471279810565,
    "weight_decay": 0.000374259537885642,
    "num_epochs": 150,
    "patience": 10,
    "gcn_pretrain_epochs": 150,
    "transformer_epochs": 150,
    "pretrain_lr": 0.0019875671419694783,
    "transformer_lr": 0.00013694471279810565,
    "ema_decay": 0.9558048912782834,
    "ema_decay_init": 0.98,
    "distill_weight": 0.029466494668153327,
    "cross_distill_weight": 0.1
  },
  "seed": 42
}