{
  "trial_number": 28,
  "dataset_name": "bace_optuna_trial_0028",
  "model_kwargs": {
    "gnn_hidden": 192,
    "gnn_layers": 2,
    "gnn_dropout": 0.33381369868551986,
    "nhead": 8,
    "tf_layers": 2,
    "dim_ff": 384,
    "tf_dropout": 0.23032412197472354,
    "ih_rank": 32,
    "ih_symmetric": false,
    "ih_proj_dim": 256,
    "ih_num_prototypes": 4,
    "ih_assignment_mode": "sparse",
    "ih_diversity_weight": 0.00011334056462426261,
    "info_nce_temperature": 1.0
  },
  "hparams": {
    "batch_size": 64,
    "lr": 0.001194352309236451,
    "weight_decay": 1.695602953833888e-06,
    "num_epochs": 150,
    "patience": 10,
    "gcn_pretrain_epochs": 150,
    "transformer_epochs": 150,
    "pretrain_lr": 0.0010249782192757104,
    "transformer_lr": 0.001194352309236451,
    "ema_decay": 0.9764979180354274,
    "ema_decay_init": 0.99,
    "distill_weight": 0.0036732479110671954,
    "cross_distill_weight": 0.1
  },
  "seed": 42
}