{
  "generated_at": "2026-06-23T17:40:09",
  "study_name": "tox21_xkd",
  "trial_number": 5,
  "model_kwargs": {
    "gnn_hidden": 128,
    "gnn_layers": 3,
    "gnn_dropout": 0.17969980573317204,
    "nhead": 8,
    "tf_layers": 4,
    "dim_ff": 256,
    "tf_dropout": 0.31104761007663334,
    "ih_rank": 32,
    "ih_symmetric": true,
    "ih_proj_dim": 128,
    "ih_num_prototypes": 12,
    "ih_assignment_mode": "soft",
    "ih_diversity_weight": 0.005130781383387444,
    "info_nce_temperature": 1.0
  },
  "hparams": {
    "batch_size": 128,
    "lr": 0.00015214353605950138,
    "weight_decay": 0.0003764803431019338,
    "num_epochs": 150,
    "patience": 10,
    "gcn_pretrain_epochs": 150,
    "transformer_epochs": 150,
    "pretrain_lr": 0.0005328347086901425,
    "transformer_lr": 0.00015214353605950138,
    "ema_decay": 0.9903720384356262,
    "ema_decay_init": 0.99,
    "distill_weight": 0.02710907140487825,
    "cross_distill_weight": 0.02
  },
  "device": "cuda",
  "status": "complete"
}