{
  "trial_number": 5,
  "dataset_name": "tox21_optuna_trial_0005",
  "model_kwargs": {
    "gnn_hidden": 192,
    "gnn_layers": 4,
    "gnn_dropout": 0.49272399541785056,
    "nhead": 4,
    "tf_layers": 2,
    "dim_ff": 576,
    "tf_dropout": 0.44045466860674276,
    "ih_rank": 64,
    "ih_symmetric": true,
    "ih_proj_dim": 256,
    "ih_num_prototypes": 4,
    "ih_assignment_mode": "soft",
    "ih_diversity_weight": 0.0003865304288032154,
    "info_nce_temperature": 1.0
  },
  "hparams": {
    "batch_size": 256,
    "lr": 0.001542244933269889,
    "weight_decay": 8.910289040644939e-05,
    "num_epochs": 150,
    "patience": 10,
    "gcn_pretrain_epochs": 150,
    "transformer_epochs": 150,
    "pretrain_lr": 0.000818992572769882,
    "transformer_lr": 0.001542244933269889,
    "ema_decay": 0.988993840802369,
    "ema_decay_init": 0.9,
    "distill_weight": 0.010705573922940692,
    "cross_distill_weight": 0.1
  },
  "seed": 42
}