{
  "trial_number": 7,
  "dataset_name": "tox21_optuna_trial_0007",
  "model_kwargs": {
    "gnn_hidden": 128,
    "gnn_layers": 3,
    "gnn_dropout": 0.228943563457728,
    "nhead": 4,
    "tf_layers": 1,
    "dim_ff": 256,
    "tf_dropout": 0.3790402242638633,
    "ih_rank": 64,
    "ih_symmetric": true,
    "ih_proj_dim": 0,
    "ih_num_prototypes": 12,
    "ih_assignment_mode": "sparse",
    "ih_diversity_weight": 0.0006493767776722168
  },
  "hparams": {
    "batch_size": 64,
    "lr": 0.0001222884488943007,
    "weight_decay": 0.0022245658374568196,
    "num_epochs": 60,
    "patience": 12,
    "gcn_pretrain_epochs": 40,
    "transformer_epochs": 60,
    "pretrain_lr": 0.0011771291784507558,
    "transformer_lr": 0.0001222884488943007,
    "ema_decay": 0.9841027360985912,
    "distill_weight": 0.008729974837029704,
    "cross_distill_weight": 0.1
  },
  "seed": 42
}