{
  "trial_number": 7,
  "dataset_name": "tox21_optuna_trial_0007",
  "model_kwargs": {
    "gnn_hidden": 256,
    "gnn_layers": 4,
    "gnn_dropout": 0.4161178377941992,
    "nhead": 4,
    "tf_layers": 3,
    "dim_ff": 768,
    "tf_dropout": 0.3740453578716723,
    "ih_rank": 32,
    "ih_symmetric": false,
    "ih_proj_dim": 256,
    "ih_num_prototypes": 3,
    "ih_assignment_mode": "sparse",
    "ih_diversity_weight": 0.0007238086291181397
  },
  "hparams": {
    "batch_size": 128,
    "lr": 0.00029078073351332666,
    "weight_decay": 0.0007249063325290251,
    "num_epochs": 60,
    "patience": 12,
    "gcn_pretrain_epochs": 40,
    "transformer_epochs": 60,
    "pretrain_lr": 7.802538020535496e-05,
    "transformer_lr": 0.00029078073351332666,
    "ema_decay": 0.9562259651199423,
    "distill_weight": 0.01591099746037091
  },
  "seed": 42
}