{
  "generated_at": "2026-06-21T19:48:28",
  "study_name": "clintox_xkd",
  "trial_number": 16,
  "model_kwargs": {
    "gnn_hidden": 192,
    "gnn_layers": 4,
    "gnn_dropout": 0.3938123002023885,
    "nhead": 8,
    "tf_layers": 3,
    "dim_ff": 384,
    "tf_dropout": 0.4018169823726845,
    "ih_rank": 16,
    "ih_symmetric": false,
    "ih_proj_dim": 256,
    "ih_num_prototypes": 16,
    "ih_assignment_mode": "soft",
    "ih_diversity_weight": 0.0005078088813190861,
    "info_nce_temperature": 0.2
  },
  "hparams": {
    "batch_size": 256,
    "lr": 0.0008300490278520381,
    "weight_decay": 1.4968710498435941e-06,
    "num_epochs": 150,
    "patience": 10,
    "gcn_pretrain_epochs": 150,
    "transformer_epochs": 150,
    "pretrain_lr": 0.0008118431787567372,
    "transformer_lr": 0.0008300490278520381,
    "ema_decay": 0.9932241095423308,
    "ema_decay_init": 0.9,
    "distill_weight": 0.02583367918838896,
    "cross_distill_weight": 0.1
  },
  "device": "cuda",
  "status": "pruned"
}