{
  "trial_number": 16,
  "dataset_name": "clintox_optuna_trial_0016",
  "model_kwargs": {
    "gnn_hidden": 192,
    "gnn_layers": 2,
    "gnn_dropout": 0.3981434278405805,
    "nhead": 4,
    "tf_layers": 3,
    "dim_ff": 384,
    "tf_dropout": 0.28551777675318435,
    "ih_rank": 32,
    "ih_symmetric": false,
    "ih_proj_dim": 256,
    "ih_num_prototypes": 8,
    "ih_assignment_mode": "hard",
    "ih_diversity_weight": 0.010132085883678888,
    "info_nce_temperature": 0.2
  },
  "hparams": {
    "batch_size": 128,
    "lr": 0.0006198334816441863,
    "weight_decay": 1.5063070503906947e-05,
    "num_epochs": 60,
    "patience": 12,
    "gcn_pretrain_epochs": 40,
    "transformer_epochs": 60,
    "pretrain_lr": 0.0002894793037262098,
    "transformer_lr": 0.0006198334816441863,
    "ema_decay": 0.992313169766261,
    "ema_decay_init": 0.9,
    "distill_weight": 0.05269255217302042,
    "cross_distill_weight": 0.1
  },
  "seed": 42
}