{
  "generated_at": "2026-06-21T19:57:02",
  "study_name": "clintox_xkd",
  "trial_number": 18,
  "model_kwargs": {
    "gnn_hidden": 128,
    "gnn_layers": 4,
    "gnn_dropout": 0.40496221546243605,
    "nhead": 8,
    "tf_layers": 2,
    "dim_ff": 256,
    "tf_dropout": 0.3926029957686767,
    "ih_rank": 16,
    "ih_symmetric": true,
    "ih_proj_dim": 256,
    "ih_num_prototypes": 12,
    "ih_assignment_mode": "sparse",
    "ih_diversity_weight": 0.0012444606810370386,
    "info_nce_temperature": 1.0
  },
  "hparams": {
    "batch_size": 64,
    "lr": 0.0011825156419207194,
    "weight_decay": 5.36548382377418e-06,
    "num_epochs": 150,
    "patience": 10,
    "gcn_pretrain_epochs": 150,
    "transformer_epochs": 150,
    "pretrain_lr": 0.0019346167524552627,
    "transformer_lr": 0.0011825156419207194,
    "ema_decay": 0.9942233878018497,
    "ema_decay_init": 0.9,
    "distill_weight": 0.0021977415507901427,
    "cross_distill_weight": 0.02
  },
  "device": "cuda",
  "status": "complete"
}