{
  "trial_number": 18,
  "dataset_name": "clintox_optuna_trial_0018",
  "model_kwargs": {
    "gnn_hidden": 384,
    "gnn_layers": 4,
    "gnn_dropout": 0.5105832201997387,
    "nhead": 4,
    "tf_layers": 2,
    "dim_ff": 768,
    "tf_dropout": 0.29286445476345846,
    "ih_rank": 16,
    "ih_symmetric": false,
    "ih_proj_dim": 256,
    "ih_num_prototypes": 8,
    "ih_assignment_mode": "soft",
    "ih_diversity_weight": 0.0022045571831297915,
    "info_nce_temperature": 0.2
  },
  "hparams": {
    "batch_size": 64,
    "lr": 0.0003101103890415037,
    "weight_decay": 0.0004427509541411805,
    "num_epochs": 60,
    "patience": 12,
    "gcn_pretrain_epochs": 40,
    "transformer_epochs": 60,
    "pretrain_lr": 0.001297483212062815,
    "transformer_lr": 0.0003101103890415037,
    "ema_decay": 0.9737133023988269,
    "ema_decay_init": 0.95,
    "distill_weight": 0.03802779127281321,
    "cross_distill_weight": 0.02
  },
  "seed": 42
}