{
  "generated_at": "2026-06-23T14:32:03",
  "study_name": "bace_xkd",
  "trial_number": 52,
  "model_kwargs": {
    "gnn_hidden": 256,
    "gnn_layers": 4,
    "gnn_dropout": 0.3914553815497681,
    "nhead": 8,
    "tf_layers": 4,
    "dim_ff": 512,
    "tf_dropout": 0.2843463760612574,
    "ih_rank": 64,
    "ih_symmetric": false,
    "ih_proj_dim": 128,
    "ih_num_prototypes": 6,
    "ih_assignment_mode": "sparse",
    "ih_diversity_weight": 0.0031386680497837807,
    "info_nce_temperature": 1.0
  },
  "hparams": {
    "batch_size": 128,
    "lr": 0.001361025612501898,
    "weight_decay": 2.5765201621047618e-06,
    "num_epochs": 150,
    "patience": 10,
    "gcn_pretrain_epochs": 150,
    "transformer_epochs": 150,
    "pretrain_lr": 0.0001981911267517189,
    "transformer_lr": 0.001361025612501898,
    "ema_decay": 0.9611532692821599,
    "ema_decay_init": 0.9,
    "distill_weight": 0.016677907979742383,
    "cross_distill_weight": 0.05
  },
  "device": "cuda",
  "status": "pruned"
}