{
  "trial_number": 12,
  "dataset_name": "clintox_optuna_trial_0012",
  "model_kwargs": {
    "gnn_hidden": 384,
    "gnn_layers": 4,
    "gnn_dropout": 0.388992308692126,
    "nhead": 4,
    "tf_layers": 3,
    "dim_ff": 1536,
    "tf_dropout": 0.3516720404552611,
    "ih_rank": 64,
    "ih_symmetric": true,
    "ih_proj_dim": 128,
    "ih_num_prototypes": 8,
    "ih_assignment_mode": "hard",
    "ih_diversity_weight": 0.007190789943765835,
    "info_nce_temperature": 0.2
  },
  "hparams": {
    "batch_size": 128,
    "lr": 0.00037863482358461515,
    "weight_decay": 8.43687951260874e-05,
    "num_epochs": 60,
    "patience": 12,
    "gcn_pretrain_epochs": 40,
    "transformer_epochs": 60,
    "pretrain_lr": 0.0005085556306511832,
    "transformer_lr": 0.00037863482358461515,
    "ema_decay": 0.9856781428089515,
    "ema_decay_init": 0.95,
    "distill_weight": 0.04965204217806772,
    "cross_distill_weight": 0.02
  },
  "seed": 42
}