{
  "trial_number": 12,
  "dataset_name": "clintox_optuna_trial_0012",
  "model_kwargs": {
    "gnn_hidden": 256,
    "gnn_layers": 4,
    "gnn_dropout": 0.3576269025913141,
    "nhead": 4,
    "tf_layers": 1,
    "dim_ff": 512,
    "tf_dropout": 0.17714036406611156,
    "ih_rank": 32,
    "ih_symmetric": false,
    "ih_proj_dim": 128,
    "ih_num_prototypes": 4,
    "ih_assignment_mode": "sparse",
    "ih_diversity_weight": 0.00012030253260461475,
    "info_nce_temperature": 1.0
  },
  "hparams": {
    "batch_size": 64,
    "lr": 0.0009265478156611876,
    "weight_decay": 1.9072938849403683e-05,
    "num_epochs": 150,
    "patience": 10,
    "gcn_pretrain_epochs": 150,
    "transformer_epochs": 150,
    "pretrain_lr": 0.0008475022111901659,
    "transformer_lr": 0.0009265478156611876,
    "ema_decay": 0.9835399683581342,
    "ema_decay_init": 0.9,
    "distill_weight": 0.08220049110812067,
    "cross_distill_weight": 0.05
  },
  "seed": 42
}