{
  "trial_number": 12,
  "dataset_name": "bace_optuna_trial_0012",
  "model_kwargs": {
    "gnn_hidden": 256,
    "gnn_layers": 4,
    "gnn_dropout": 0.30405140504378936,
    "nhead": 4,
    "tf_layers": 1,
    "dim_ff": 512,
    "tf_dropout": 0.197468749963472,
    "ih_rank": 16,
    "ih_symmetric": false,
    "ih_proj_dim": 0,
    "ih_num_prototypes": 4,
    "ih_assignment_mode": "sparse",
    "ih_diversity_weight": 0.00010343179442284114,
    "info_nce_temperature": 0.5
  },
  "hparams": {
    "batch_size": 64,
    "lr": 0.0006559918174193435,
    "weight_decay": 4.3732167818309705e-05,
    "num_epochs": 150,
    "patience": 10,
    "gcn_pretrain_epochs": 150,
    "transformer_epochs": 150,
    "pretrain_lr": 0.0010479372567519041,
    "transformer_lr": 0.0006559918174193435,
    "ema_decay": 0.9649560875467975,
    "ema_decay_init": 0.9,
    "distill_weight": 0.0052521351971228265,
    "cross_distill_weight": 0.05
  },
  "seed": 42
}