{
  "trial_number": 12,
  "dataset_name": "bace_optuna_trial_0012",
  "model_kwargs": {
    "gnn_hidden": 384,
    "gnn_layers": 4,
    "gnn_dropout": 0.3963564474972174,
    "nhead": 8,
    "tf_layers": 4,
    "dim_ff": 768,
    "tf_dropout": 0.117367758640326,
    "ih_rank": 64,
    "ih_symmetric": true,
    "ih_proj_dim": 128,
    "ih_num_prototypes": 8,
    "ih_assignment_mode": "hard",
    "ih_diversity_weight": 0.0002399871573767972,
    "info_nce_temperature": 0.2
  },
  "hparams": {
    "batch_size": 128,
    "lr": 0.0015016473624058632,
    "weight_decay": 1.7497721629508033e-05,
    "num_epochs": 150,
    "patience": 10,
    "gcn_pretrain_epochs": 150,
    "transformer_epochs": 150,
    "pretrain_lr": 0.0001979681449867719,
    "transformer_lr": 0.0015016473624058632,
    "ema_decay": 0.9970330636174295,
    "ema_decay_init": 0.95,
    "distill_weight": 0.004528768888110232,
    "cross_distill_weight": 0.02
  },
  "seed": 42
}