{
  "generated_at": "2026-06-20T14:22:40",
  "study_name": "bace_xkd",
  "trial_number": 34,
  "model_kwargs": {
    "gnn_hidden": 256,
    "gnn_layers": 3,
    "gnn_dropout": 0.25894072389264167,
    "nhead": 8,
    "tf_layers": 1,
    "dim_ff": 512,
    "tf_dropout": 0.1781721851830798,
    "ih_rank": 64,
    "ih_symmetric": true,
    "ih_proj_dim": 256,
    "ih_num_prototypes": 8,
    "ih_assignment_mode": "hard",
    "ih_diversity_weight": 0.0001315247411664026,
    "info_nce_temperature": 0.2
  },
  "hparams": {
    "batch_size": 64,
    "lr": 0.0010239818071636725,
    "weight_decay": 1.3348968541436207e-05,
    "num_epochs": 150,
    "patience": 10,
    "gcn_pretrain_epochs": 150,
    "transformer_epochs": 150,
    "pretrain_lr": 0.0001927265164290748,
    "transformer_lr": 0.0010239818071636725,
    "ema_decay": 0.9756564001974668,
    "ema_decay_init": 0.99,
    "distill_weight": 0.04003459938047715,
    "cross_distill_weight": 0.05
  },
  "device": "cuda",
  "status": "complete"
}