{
  "trial_number": 34,
  "dataset_name": "bace_optuna_trial_0034",
  "model_kwargs": {
    "gnn_hidden": 512,
    "gnn_layers": 4,
    "gnn_dropout": 0.1258574856696748,
    "nhead": 8,
    "tf_layers": 4,
    "dim_ff": 1024,
    "tf_dropout": 0.2841346887772236,
    "ih_rank": 64,
    "ih_symmetric": true,
    "ih_proj_dim": 128,
    "ih_num_prototypes": 6,
    "ih_assignment_mode": "sparse",
    "ih_diversity_weight": 0.014543500828739621,
    "info_nce_temperature": 1.0
  },
  "hparams": {
    "batch_size": 128,
    "lr": 0.0002503638169793301,
    "weight_decay": 4.589520746096438e-06,
    "num_epochs": 150,
    "patience": 10,
    "gcn_pretrain_epochs": 150,
    "transformer_epochs": 150,
    "pretrain_lr": 0.00011425286807027956,
    "transformer_lr": 0.0002503638169793301,
    "ema_decay": 0.954112672703244,
    "ema_decay_init": 0.9,
    "distill_weight": 0.030843652932279492,
    "cross_distill_weight": 0.05
  },
  "seed": 42
}