{
  "trial_number": 34,
  "dataset_name": "bace_optuna_trial_0034",
  "model_kwargs": {
    "gnn_hidden": 192,
    "gnn_layers": 3,
    "gnn_dropout": 0.3064217799670628,
    "nhead": 8,
    "tf_layers": 1,
    "dim_ff": 384,
    "tf_dropout": 0.16430111354961505,
    "ih_rank": 16,
    "ih_symmetric": false,
    "ih_proj_dim": 128,
    "ih_num_prototypes": 16,
    "ih_assignment_mode": "soft",
    "ih_diversity_weight": 0.0009096989114004017,
    "info_nce_temperature": 0.5
  },
  "hparams": {
    "batch_size": 64,
    "lr": 0.0017270913719801455,
    "weight_decay": 0.00012039334101448104,
    "num_epochs": 150,
    "patience": 10,
    "gcn_pretrain_epochs": 150,
    "transformer_epochs": 150,
    "pretrain_lr": 0.0002355386035229543,
    "transformer_lr": 0.0017270913719801455,
    "ema_decay": 0.9913790480197554,
    "ema_decay_init": 0.99,
    "distill_weight": 0.0517952819975592,
    "cross_distill_weight": 0.02
  },
  "seed": 42
}