{
  "generated_at": "2026-05-26T12:40:36",
  "study_name": "dual_kd_gnn_optuna",
  "trial_number": 14,
  "model_kwargs": {
    "gnn_hidden": 384,
    "gnn_layers": 4,
    "gnn_dropout": 0.319353585589218,
    "nhead": 4,
    "tf_layers": 3,
    "dim_ff": 1536,
    "tf_dropout": 0.4197590412630848,
    "ih_rank": 16,
    "ih_symmetric": false,
    "ih_proj_dim": 0,
    "ih_num_prototypes": 3,
    "ih_assignment_mode": "hard",
    "ih_diversity_weight": 0.02680797821111161
  },
  "hparams": {
    "batch_size": 128,
    "lr": 9.874382134373882e-05,
    "weight_decay": 2.201761038166623e-05,
    "num_epochs": 60,
    "patience": 12,
    "gcn_pretrain_epochs": 40,
    "transformer_epochs": 60,
    "pretrain_lr": 0.0017139723577066096,
    "transformer_lr": 9.874382134373882e-05,
    "ema_decay": 0.9878775982644138,
    "distill_weight": 0.010157152514078635
  },
  "device": "cuda",
  "status": "complete"
}