{
  "trial_number": 22,
  "dataset_name": "tox21_optuna_trial_0022",
  "model_kwargs": {
    "gnn_hidden": 256,
    "gnn_layers": 2,
    "gnn_dropout": 0.22587292461030312,
    "nhead": 8,
    "tf_layers": 3,
    "dim_ff": 1024,
    "tf_dropout": 0.21101550220972637,
    "ih_rank": 32,
    "ih_symmetric": false,
    "ih_proj_dim": 256,
    "ih_num_prototypes": 16,
    "ih_assignment_mode": "soft",
    "ih_diversity_weight": 0.0002423749989458018,
    "info_nce_temperature": 0.5
  },
  "hparams": {
    "batch_size": 128,
    "lr": 0.00012704138122359126,
    "weight_decay": 0.00022481951837085656,
    "num_epochs": 150,
    "patience": 10,
    "gcn_pretrain_epochs": 150,
    "transformer_epochs": 150,
    "pretrain_lr": 0.001434454009857033,
    "transformer_lr": 0.00012704138122359126,
    "ema_decay": 0.980612868774446,
    "ema_decay_init": 0.9,
    "distill_weight": 0.03889033487768385,
    "cross_distill_weight": 0.05
  },
  "seed": 42
}