{
  "trial_number": 22,
  "dataset_name": "tox21_optuna_trial_0022",
  "model_kwargs": {
    "gnn_hidden": 192,
    "gnn_layers": 4,
    "gnn_dropout": 0.4804746190326004,
    "nhead": 4,
    "tf_layers": 3,
    "dim_ff": 768,
    "tf_dropout": 0.1883211037792764,
    "ih_rank": 32,
    "ih_symmetric": false,
    "ih_proj_dim": 256,
    "ih_num_prototypes": 6,
    "ih_assignment_mode": "hard",
    "ih_diversity_weight": 0.08515521286143268,
    "info_nce_temperature": 0.5
  },
  "hparams": {
    "batch_size": 64,
    "lr": 0.0005143776881633615,
    "weight_decay": 0.0010833603093895155,
    "num_epochs": 150,
    "patience": 10,
    "gcn_pretrain_epochs": 150,
    "transformer_epochs": 150,
    "pretrain_lr": 0.0009519880202554282,
    "transformer_lr": 0.0005143776881633615,
    "ema_decay": 0.996130072353598,
    "ema_decay_init": 0.9,
    "distill_weight": 0.0013298834127085778,
    "cross_distill_weight": 0.02
  },
  "seed": 42
}