{
  "trial_number": 22,
  "dataset_name": "tox21_optuna_trial_0022",
  "model_kwargs": {
    "gnn_hidden": 128,
    "gnn_layers": 4,
    "gnn_dropout": 0.40453754316202617,
    "nhead": 8,
    "tf_layers": 2,
    "dim_ff": 384,
    "tf_dropout": 0.4517111854014541,
    "ih_rank": 64,
    "ih_symmetric": false,
    "ih_proj_dim": 0,
    "ih_num_prototypes": 12,
    "ih_assignment_mode": "soft",
    "ih_diversity_weight": 0.000194404589991304,
    "info_nce_temperature": 0.5
  },
  "hparams": {
    "batch_size": 128,
    "lr": 0.0001349553367108372,
    "weight_decay": 0.00010252353212676201,
    "num_epochs": 150,
    "patience": 10,
    "gcn_pretrain_epochs": 150,
    "transformer_epochs": 150,
    "pretrain_lr": 0.0009667022177528615,
    "transformer_lr": 0.0001349553367108372,
    "ema_decay": 0.9856042826465491,
    "ema_decay_init": 0.9,
    "distill_weight": 0.004793411140261083,
    "cross_distill_weight": 0.05
  },
  "seed": 42
}