{
  "generated_at": "2026-06-23T13:01:36",
  "study_name": "bace_xkd",
  "trial_number": 30,
  "model_kwargs": {
    "gnn_hidden": 512,
    "gnn_layers": 3,
    "gnn_dropout": 0.4413892035212563,
    "nhead": 8,
    "tf_layers": 3,
    "dim_ff": 2048,
    "tf_dropout": 0.1762105204794552,
    "ih_rank": 16,
    "ih_symmetric": false,
    "ih_proj_dim": 128,
    "ih_num_prototypes": 4,
    "ih_assignment_mode": "sparse",
    "ih_diversity_weight": 0.0010498340251994267,
    "info_nce_temperature": 0.2
  },
  "hparams": {
    "batch_size": 64,
    "lr": 0.00012278031126630636,
    "weight_decay": 0.0005570148028947859,
    "num_epochs": 150,
    "patience": 10,
    "gcn_pretrain_epochs": 150,
    "transformer_epochs": 150,
    "pretrain_lr": 0.001350938415966533,
    "transformer_lr": 0.00012278031126630636,
    "ema_decay": 0.9618389657997494,
    "ema_decay_init": 0.95,
    "distill_weight": 0.00519970813872681,
    "cross_distill_weight": 0.1
  },
  "device": "cuda",
  "status": "complete"
}