{
  "trial_number": 30,
  "dataset_name": "bace_optuna_trial_0030",
  "model_kwargs": {
    "gnn_hidden": 192,
    "gnn_layers": 3,
    "gnn_dropout": 0.36041628902424316,
    "nhead": 8,
    "tf_layers": 2,
    "dim_ff": 384,
    "tf_dropout": 0.30874554002534066,
    "ih_rank": 32,
    "ih_symmetric": false,
    "ih_proj_dim": 256,
    "ih_num_prototypes": 4,
    "ih_assignment_mode": "soft",
    "ih_diversity_weight": 0.0006380115848953506,
    "info_nce_temperature": 0.2
  },
  "hparams": {
    "batch_size": 64,
    "lr": 0.0019237414472984726,
    "weight_decay": 1.4446030943884474e-05,
    "num_epochs": 150,
    "patience": 10,
    "gcn_pretrain_epochs": 150,
    "transformer_epochs": 150,
    "pretrain_lr": 0.0006331927057190946,
    "transformer_lr": 0.0019237414472984726,
    "ema_decay": 0.9952496807614656,
    "ema_decay_init": 0.99,
    "distill_weight": 0.08392312575458084,
    "cross_distill_weight": 0.02
  },
  "seed": 42
}