{
  "trial_number": 30,
  "dataset_name": "bace_optuna_trial_0030",
  "model_kwargs": {
    "gnn_hidden": 256,
    "gnn_layers": 2,
    "gnn_dropout": 0.39116810794291507,
    "nhead": 4,
    "tf_layers": 2,
    "dim_ff": 768,
    "tf_dropout": 0.11556486757103071,
    "ih_rank": 32,
    "ih_symmetric": false,
    "ih_proj_dim": 0,
    "ih_num_prototypes": 8,
    "ih_assignment_mode": "hard",
    "ih_diversity_weight": 0.00043357685096313863,
    "info_nce_temperature": 0.5
  },
  "hparams": {
    "batch_size": 128,
    "lr": 0.001222799982866138,
    "weight_decay": 8.219194185147073e-05,
    "num_epochs": 150,
    "patience": 10,
    "gcn_pretrain_epochs": 150,
    "transformer_epochs": 150,
    "pretrain_lr": 0.00019364602881437307,
    "transformer_lr": 0.001222799982866138,
    "ema_decay": 0.9862394473162266,
    "ema_decay_init": 0.9,
    "distill_weight": 0.02371046704973202,
    "cross_distill_weight": 0.05
  },
  "seed": 42
}