{
  "trial_number": 0,
  "dataset_name": "tox21_optuna_trial_0000",
  "model_kwargs": {
    "gnn_hidden": 192,
    "gnn_layers": 4,
    "gnn_dropout": 0.37050175528444396,
    "nhead": 4,
    "tf_layers": 3,
    "dim_ff": 384,
    "tf_dropout": 0.3829770563201687,
    "ih_rank": 16,
    "ih_symmetric": false,
    "ih_proj_dim": 256
  },
  "hparams": {
    "batch_size": 128,
    "lr": 2.215864537454989e-05,
    "weight_decay": 3.853103152262979e-05,
    "num_epochs": 60,
    "patience": 12,
    "gcn_pretrain_epochs": 40,
    "transformer_epochs": 60,
    "pretrain_lr": 0.0008810003129071785,
    "transformer_lr": 2.215864537454989e-05,
    "ema_decay": 0.9597840153257596,
    "distill_weight": 0.015249965725213558
  },
  "seed": 42
}