{
  "generated_at": "2026-06-19T15:24:08",
  "study_name": "clintox_xkd",
  "trial_number": 3,
  "model_kwargs": {
    "gnn_hidden": 192,
    "gnn_layers": 2,
    "gnn_dropout": 0.297526262482814,
    "nhead": 4,
    "tf_layers": 1,
    "dim_ff": 576,
    "tf_dropout": 0.2957811041110252,
    "ih_rank": 16,
    "ih_symmetric": true,
    "ih_proj_dim": 0,
    "ih_num_prototypes": 12,
    "ih_assignment_mode": "sparse",
    "ih_diversity_weight": 0.010781845035122271,
    "info_nce_temperature": 0.2
  },
  "hparams": {
    "batch_size": 128,
    "lr": 0.0006908585753904278,
    "weight_decay": 0.0001446125682015214,
    "num_epochs": 60,
    "patience": 12,
    "gcn_pretrain_epochs": 40,
    "transformer_epochs": 60,
    "pretrain_lr": 0.0016546792209949479,
    "transformer_lr": 0.0006908585753904278,
    "ema_decay": 0.9567385262631536,
    "ema_decay_init": 0.98,
    "distill_weight": 0.0039222152370481465,
    "cross_distill_weight": 0.05
  },
  "device": "cuda",
  "status": "pruned"
}