{
  "trial_number": 3,
  "dataset_name": "clintox_optuna_trial_0003",
  "model_kwargs": {
    "gnn_hidden": 256,
    "gnn_layers": 2,
    "gnn_dropout": 0.3289789744182446,
    "nhead": 8,
    "tf_layers": 1,
    "dim_ff": 1024,
    "tf_dropout": 0.3688542189623515,
    "ih_rank": 16,
    "ih_symmetric": false,
    "ih_proj_dim": 0,
    "ih_num_prototypes": 4,
    "ih_assignment_mode": "hard",
    "ih_diversity_weight": 0.0002837863814617628,
    "info_nce_temperature": 1.0
  },
  "hparams": {
    "batch_size": 64,
    "lr": 0.00031853289294255736,
    "weight_decay": 2.1898812429056903e-06,
    "num_epochs": 150,
    "patience": 10,
    "gcn_pretrain_epochs": 150,
    "transformer_epochs": 150,
    "pretrain_lr": 0.001596078083664173,
    "transformer_lr": 0.00031853289294255736,
    "ema_decay": 0.9929896283156681,
    "ema_decay_init": 0.98,
    "distill_weight": 0.008273930572385131,
    "cross_distill_weight": 0.1
  },
  "seed": 42
}