{
  "generated_at": "2026-06-24T08:42:56",
  "study_name": "tox21_xkd",
  "trial_number": 42,
  "model_kwargs": {
    "gnn_hidden": 256,
    "gnn_layers": 4,
    "gnn_dropout": 0.4916189354458478,
    "nhead": 8,
    "tf_layers": 2,
    "dim_ff": 1024,
    "tf_dropout": 0.2501776879865065,
    "ih_rank": 32,
    "ih_symmetric": true,
    "ih_proj_dim": 256,
    "ih_num_prototypes": 16,
    "ih_assignment_mode": "soft",
    "ih_diversity_weight": 0.0027634606100282737,
    "info_nce_temperature": 1.0
  },
  "hparams": {
    "batch_size": 64,
    "lr": 0.00039772641430523166,
    "weight_decay": 0.001078080630931504,
    "num_epochs": 150,
    "patience": 10,
    "gcn_pretrain_epochs": 150,
    "transformer_epochs": 150,
    "pretrain_lr": 0.0006184470636634266,
    "transformer_lr": 0.00039772641430523166,
    "ema_decay": 0.9956576688210756,
    "ema_decay_init": 0.99,
    "distill_weight": 0.036481905818277025,
    "cross_distill_weight": 0.1
  },
  "device": "cuda",
  "status": "pruned"
}