{
  "trial_number": 42,
  "dataset_name": "tox21_optuna_trial_0042",
  "model_kwargs": {
    "gnn_hidden": 192,
    "gnn_layers": 4,
    "gnn_dropout": 0.4302597787992025,
    "nhead": 8,
    "tf_layers": 2,
    "dim_ff": 768,
    "tf_dropout": 0.22871351965314007,
    "ih_rank": 32,
    "ih_symmetric": true,
    "ih_proj_dim": 256,
    "ih_num_prototypes": 12,
    "ih_assignment_mode": "soft",
    "ih_diversity_weight": 0.0002967531137776399,
    "info_nce_temperature": 0.5
  },
  "hparams": {
    "batch_size": 128,
    "lr": 0.0004240310741473856,
    "weight_decay": 0.0006899267926057992,
    "num_epochs": 150,
    "patience": 10,
    "gcn_pretrain_epochs": 150,
    "transformer_epochs": 150,
    "pretrain_lr": 0.0007772938924773245,
    "transformer_lr": 0.0004240310741473856,
    "ema_decay": 0.9829098600492423,
    "ema_decay_init": 0.99,
    "distill_weight": 0.03951479150267939,
    "cross_distill_weight": 0.1
  },
  "seed": 42
}