{
  "generated_at": "2026-05-31T11:33:32",
  "study_name": "xkd_on",
  "trial_number": 14,
  "model_kwargs": {
    "gnn_hidden": 384,
    "gnn_layers": 2,
    "gnn_dropout": 0.35982559884526666,
    "nhead": 4,
    "tf_layers": 3,
    "dim_ff": 1152,
    "tf_dropout": 0.4462257128799166,
    "ih_rank": 64,
    "ih_symmetric": false,
    "ih_proj_dim": 128,
    "ih_num_prototypes": 6,
    "ih_assignment_mode": "sparse",
    "ih_diversity_weight": 0.001977617231931662
  },
  "hparams": {
    "batch_size": 64,
    "lr": 3.1529057809094326e-05,
    "weight_decay": 2.489823168499091e-05,
    "num_epochs": 60,
    "patience": 12,
    "gcn_pretrain_epochs": 40,
    "transformer_epochs": 60,
    "pretrain_lr": 0.0029073512683887278,
    "transformer_lr": 3.1529057809094326e-05,
    "ema_decay": 0.9892040606023111,
    "distill_weight": 0.005096290095073816,
    "cross_distill_weight": 0.02
  },
  "device": "cuda",
  "status": "pruned"
}