{
  "generated_at": "2026-06-21T17:05:40",
  "study_name": "bace_xkd",
  "trial_number": 33,
  "model_kwargs": {
    "gnn_hidden": 192,
    "gnn_layers": 2,
    "gnn_dropout": 0.35996368999557055,
    "nhead": 8,
    "tf_layers": 1,
    "dim_ff": 384,
    "tf_dropout": 0.21776372284245255,
    "ih_rank": 32,
    "ih_symmetric": false,
    "ih_proj_dim": 128,
    "ih_num_prototypes": 4,
    "ih_assignment_mode": "sparse",
    "ih_diversity_weight": 0.005349914400571868,
    "info_nce_temperature": 0.2
  },
  "hparams": {
    "batch_size": 64,
    "lr": 0.0012175255721260149,
    "weight_decay": 2.6363750770979255e-06,
    "num_epochs": 150,
    "patience": 10,
    "gcn_pretrain_epochs": 150,
    "transformer_epochs": 150,
    "pretrain_lr": 0.0006333319823363754,
    "transformer_lr": 0.0012175255721260149,
    "ema_decay": 0.9819886638429514,
    "ema_decay_init": 0.99,
    "distill_weight": 0.011642980053406787,
    "cross_distill_weight": 0.05
  },
  "device": "cuda",
  "status": "pruned"
}