{
  "generated_at": "2026-06-20T14:18:54",
  "study_name": "bace_xkd",
  "trial_number": 33,
  "model_kwargs": {
    "gnn_hidden": 256,
    "gnn_layers": 2,
    "gnn_dropout": 0.5288369052528434,
    "nhead": 4,
    "tf_layers": 2,
    "dim_ff": 768,
    "tf_dropout": 0.10268651791922204,
    "ih_rank": 32,
    "ih_symmetric": false,
    "ih_proj_dim": 0,
    "ih_num_prototypes": 4,
    "ih_assignment_mode": "hard",
    "ih_diversity_weight": 0.0017954573803707168,
    "info_nce_temperature": 0.5
  },
  "hparams": {
    "batch_size": 128,
    "lr": 0.0008358192990533588,
    "weight_decay": 5.9148345788798504e-05,
    "num_epochs": 150,
    "patience": 10,
    "gcn_pretrain_epochs": 150,
    "transformer_epochs": 150,
    "pretrain_lr": 0.000198074421740738,
    "transformer_lr": 0.0008358192990533588,
    "ema_decay": 0.971103160508287,
    "ema_decay_init": 0.9,
    "distill_weight": 0.005691912994407574,
    "cross_distill_weight": 0.05
  },
  "device": "cuda",
  "status": "pruned"
}