{
  "trial_number": 33,
  "dataset_name": "bace_optuna_trial_0033",
  "model_kwargs": {
    "gnn_hidden": 512,
    "gnn_layers": 3,
    "gnn_dropout": 0.45343393008933236,
    "nhead": 8,
    "tf_layers": 3,
    "dim_ff": 1536,
    "tf_dropout": 0.28711631508543045,
    "ih_rank": 64,
    "ih_symmetric": false,
    "ih_proj_dim": 128,
    "ih_num_prototypes": 4,
    "ih_assignment_mode": "sparse",
    "ih_diversity_weight": 0.00010525177871251474,
    "info_nce_temperature": 0.2
  },
  "hparams": {
    "batch_size": 128,
    "lr": 0.0012939865061627948,
    "weight_decay": 1.6376378961628514e-05,
    "num_epochs": 150,
    "patience": 10,
    "gcn_pretrain_epochs": 150,
    "transformer_epochs": 150,
    "pretrain_lr": 0.0002127209432142237,
    "transformer_lr": 0.0012939865061627948,
    "ema_decay": 0.9931774270421355,
    "ema_decay_init": 0.9,
    "distill_weight": 0.001444828492124055,
    "cross_distill_weight": 0.05
  },
  "seed": 42
}