{
  "generated_at": "2026-06-23T13:45:25",
  "study_name": "bace_xkd",
  "trial_number": 40,
  "model_kwargs": {
    "gnn_hidden": 512,
    "gnn_layers": 4,
    "gnn_dropout": 0.46962691242846616,
    "nhead": 4,
    "tf_layers": 3,
    "dim_ff": 1024,
    "tf_dropout": 0.18430867618145605,
    "ih_rank": 64,
    "ih_symmetric": true,
    "ih_proj_dim": 128,
    "ih_num_prototypes": 4,
    "ih_assignment_mode": "sparse",
    "ih_diversity_weight": 0.0008037689327022728,
    "info_nce_temperature": 0.2
  },
  "hparams": {
    "batch_size": 128,
    "lr": 0.0012957005010965177,
    "weight_decay": 5.1614787666932625e-06,
    "num_epochs": 150,
    "patience": 10,
    "gcn_pretrain_epochs": 150,
    "transformer_epochs": 150,
    "pretrain_lr": 0.00013014628294238457,
    "transformer_lr": 0.0012957005010965177,
    "ema_decay": 0.9954994690035048,
    "ema_decay_init": 0.9,
    "distill_weight": 0.004875800000558874,
    "cross_distill_weight": 0.02
  },
  "device": "cuda",
  "status": "pruned"
}