{
  "generated_at": "2026-05-30T04:49:50",
  "study_name": "xkd_on",
  "trial_number": 4,
  "model_kwargs": {
    "gnn_hidden": 256,
    "gnn_layers": 2,
    "gnn_dropout": 0.11834881369964377,
    "nhead": 8,
    "tf_layers": 1,
    "dim_ff": 768,
    "tf_dropout": 0.2548372233197124,
    "ih_rank": 32,
    "ih_symmetric": true,
    "ih_proj_dim": 0,
    "ih_num_prototypes": 4,
    "ih_assignment_mode": "hard",
    "ih_diversity_weight": 0.0005315656057158323
  },
  "hparams": {
    "batch_size": 128,
    "lr": 1.7006966059793952e-05,
    "weight_decay": 0.0001589902650976323,
    "num_epochs": 60,
    "patience": 12,
    "gcn_pretrain_epochs": 40,
    "transformer_epochs": 60,
    "pretrain_lr": 6.915409486982811e-05,
    "transformer_lr": 1.7006966059793952e-05,
    "ema_decay": 0.9671112691560203,
    "distill_weight": 0.04682155064038321,
    "cross_distill_weight": 0.02
  },
  "device": "cuda",
  "status": "pruned"
}