{
  "generated_at": "2026-06-22T11:22:58",
  "study_name": "tox21_xkd",
  "trial_number": 31,
  "model_kwargs": {
    "gnn_hidden": 192,
    "gnn_layers": 4,
    "gnn_dropout": 0.4505735207762777,
    "nhead": 4,
    "tf_layers": 3,
    "dim_ff": 576,
    "tf_dropout": 0.22129172513505235,
    "ih_rank": 64,
    "ih_symmetric": true,
    "ih_proj_dim": 256,
    "ih_num_prototypes": 4,
    "ih_assignment_mode": "soft",
    "ih_diversity_weight": 0.0004984730339469889,
    "info_nce_temperature": 0.5
  },
  "hparams": {
    "batch_size": 64,
    "lr": 0.00047984353879004397,
    "weight_decay": 0.0009374753763823259,
    "num_epochs": 150,
    "patience": 10,
    "gcn_pretrain_epochs": 150,
    "transformer_epochs": 150,
    "pretrain_lr": 0.0011774367449522624,
    "transformer_lr": 0.00047984353879004397,
    "ema_decay": 0.9671617440748906,
    "ema_decay_init": 0.99,
    "distill_weight": 0.005141969193548431,
    "cross_distill_weight": 0.05
  },
  "device": "cuda",
  "status": "pruned"
}