{
  "trial_number": 31,
  "dataset_name": "tox21_optuna_trial_0031",
  "model_kwargs": {
    "gnn_hidden": 128,
    "gnn_layers": 4,
    "gnn_dropout": 0.4045174419697683,
    "nhead": 8,
    "tf_layers": 2,
    "dim_ff": 384,
    "tf_dropout": 0.4209551558810428,
    "ih_rank": 32,
    "ih_symmetric": true,
    "ih_proj_dim": 256,
    "ih_num_prototypes": 12,
    "ih_assignment_mode": "hard",
    "ih_diversity_weight": 0.0025266510983716823,
    "info_nce_temperature": 0.5
  },
  "hparams": {
    "batch_size": 128,
    "lr": 0.0003004510465396859,
    "weight_decay": 0.00017442126185564238,
    "num_epochs": 150,
    "patience": 10,
    "gcn_pretrain_epochs": 150,
    "transformer_epochs": 150,
    "pretrain_lr": 0.0016828575442472823,
    "transformer_lr": 0.0003004510465396859,
    "ema_decay": 0.9969839206892286,
    "ema_decay_init": 0.99,
    "distill_weight": 0.0015472893466406791,
    "cross_distill_weight": 0.02
  },
  "seed": 42
}