{
  "trial_number": 31,
  "dataset_name": "tox21_optuna_trial_0031",
  "model_kwargs": {
    "gnn_hidden": 256,
    "gnn_layers": 4,
    "gnn_dropout": 0.4742810041407651,
    "nhead": 8,
    "tf_layers": 2,
    "dim_ff": 512,
    "tf_dropout": 0.2820214930880499,
    "ih_rank": 32,
    "ih_symmetric": true,
    "ih_proj_dim": 256,
    "ih_num_prototypes": 8,
    "ih_assignment_mode": "hard",
    "ih_diversity_weight": 0.010122721765745604,
    "info_nce_temperature": 1.0
  },
  "hparams": {
    "batch_size": 64,
    "lr": 0.00021759082691411223,
    "weight_decay": 3.483171940855443e-05,
    "num_epochs": 150,
    "patience": 10,
    "gcn_pretrain_epochs": 150,
    "transformer_epochs": 150,
    "pretrain_lr": 0.0022999121968144136,
    "transformer_lr": 0.00021759082691411223,
    "ema_decay": 0.9858912754366385,
    "ema_decay_init": 0.95,
    "distill_weight": 0.04979405430360078,
    "cross_distill_weight": 0.02
  },
  "seed": 42
}