{
  "generated_at": "2026-06-22T14:06:48",
  "study_name": "tox21_xkd",
  "trial_number": 38,
  "model_kwargs": {
    "gnn_hidden": 192,
    "gnn_layers": 4,
    "gnn_dropout": 0.436378917414274,
    "nhead": 4,
    "tf_layers": 3,
    "dim_ff": 576,
    "tf_dropout": 0.23466340065104502,
    "ih_rank": 32,
    "ih_symmetric": false,
    "ih_proj_dim": 128,
    "ih_num_prototypes": 16,
    "ih_assignment_mode": "soft",
    "ih_diversity_weight": 0.0011154456432548078,
    "info_nce_temperature": 0.2
  },
  "hparams": {
    "batch_size": 64,
    "lr": 0.00015459430524011048,
    "weight_decay": 9.159711538634777e-05,
    "num_epochs": 150,
    "patience": 10,
    "gcn_pretrain_epochs": 150,
    "transformer_epochs": 150,
    "pretrain_lr": 0.001246510235771452,
    "transformer_lr": 0.00015459430524011048,
    "ema_decay": 0.9601286008868167,
    "ema_decay_init": 0.99,
    "distill_weight": 0.0011815938377472395,
    "cross_distill_weight": 0.05
  },
  "device": "cuda",
  "status": "pruned"
}