{
  "trial_number": 38,
  "dataset_name": "tox21_optuna_trial_0038",
  "model_kwargs": {
    "gnn_hidden": 256,
    "gnn_layers": 4,
    "gnn_dropout": 0.5197859435912466,
    "nhead": 8,
    "tf_layers": 2,
    "dim_ff": 512,
    "tf_dropout": 0.20291067217216108,
    "ih_rank": 32,
    "ih_symmetric": false,
    "ih_proj_dim": 256,
    "ih_num_prototypes": 16,
    "ih_assignment_mode": "sparse",
    "ih_diversity_weight": 0.00034291364375032803,
    "info_nce_temperature": 0.2
  },
  "hparams": {
    "batch_size": 128,
    "lr": 0.0003246943657948096,
    "weight_decay": 1.667476882149271e-05,
    "num_epochs": 150,
    "patience": 10,
    "gcn_pretrain_epochs": 150,
    "transformer_epochs": 150,
    "pretrain_lr": 0.0015575663966233162,
    "transformer_lr": 0.0003246943657948096,
    "ema_decay": 0.99070669232266,
    "ema_decay_init": 0.95,
    "distill_weight": 0.025288170384353218,
    "cross_distill_weight": 0.05
  },
  "seed": 42
}