{
  "trial_number": 35,
  "dataset_name": "clintox_optuna_trial_0035",
  "model_kwargs": {
    "gnn_hidden": 128,
    "gnn_layers": 4,
    "gnn_dropout": 0.3935147747155105,
    "nhead": 8,
    "tf_layers": 3,
    "dim_ff": 512,
    "tf_dropout": 0.494838506510632,
    "ih_rank": 16,
    "ih_symmetric": false,
    "ih_proj_dim": 256,
    "ih_num_prototypes": 16,
    "ih_assignment_mode": "sparse",
    "ih_diversity_weight": 0.0001439601715099632,
    "info_nce_temperature": 1.0
  },
  "hparams": {
    "batch_size": 64,
    "lr": 0.0013685301728218028,
    "weight_decay": 1.3539053949924695e-06,
    "num_epochs": 150,
    "patience": 10,
    "gcn_pretrain_epochs": 150,
    "transformer_epochs": 150,
    "pretrain_lr": 0.0016958046028011271,
    "transformer_lr": 0.0013685301728218028,
    "ema_decay": 0.9722692455925375,
    "ema_decay_init": 0.9,
    "distill_weight": 0.011011064750160993,
    "cross_distill_weight": 0.02
  },
  "seed": 42
}