{
  "generated_at": "2026-06-20T21:44:31",
  "study_name": "sider_xkd",
  "trial_number": 28,
  "model_kwargs": {
    "gnn_hidden": 256,
    "gnn_layers": 3,
    "gnn_dropout": 0.4739392249665065,
    "nhead": 4,
    "tf_layers": 3,
    "dim_ff": 512,
    "tf_dropout": 0.15729665190981384,
    "ih_rank": 32,
    "ih_symmetric": false,
    "ih_proj_dim": 0,
    "ih_num_prototypes": 12,
    "ih_assignment_mode": "soft",
    "ih_diversity_weight": 0.00039579957912429454,
    "info_nce_temperature": 0.5
  },
  "hparams": {
    "batch_size": 64,
    "lr": 0.0004043571615111747,
    "weight_decay": 0.00020947845835029555,
    "num_epochs": 150,
    "patience": 10,
    "gcn_pretrain_epochs": 150,
    "transformer_epochs": 150,
    "pretrain_lr": 0.000137202623608323,
    "transformer_lr": 0.0004043571615111747,
    "ema_decay": 0.9709118021865247,
    "ema_decay_init": 0.95,
    "distill_weight": 0.002055625073604791,
    "cross_distill_weight": 0.1
  },
  "device": "cuda",
  "status": "pruned"
}