{
  "generated_at": "2026-04-25T18:50:44",
  "study_name": "att1",
  "trial_number": 14,
  "model_kwargs": {
    "gnn_hidden": 384,
    "gnn_layers": 3,
    "gnn_dropout": 0.15187800430825887,
    "nhead": 4,
    "tf_layers": 3,
    "dim_ff": 1536,
    "tf_dropout": 0.05917012416291234,
    "ih_rank": 16,
    "ih_symmetric": false,
    "ih_proj_dim": 256
  },
  "hparams": {
    "batch_size": 64,
    "lr": 6.628327240943808e-05,
    "weight_decay": 0.00017941907329245029,
    "num_epochs": 60,
    "patience": 12,
    "gcn_pretrain_epochs": 40,
    "transformer_epochs": 60,
    "pretrain_lr": 0.0002156388117962091,
    "transformer_lr": 6.628327240943808e-05,
    "ema_decay": 0.97421660415714,
    "distill_weight": 0.007689537620169153
  },
  "device": "cuda",
  "status": "pruned"
}