{
  "trial_number": 1,
  "dataset_name": "tox21_optuna_trial_0001",
  "model_kwargs": {
    "gnn_hidden": 192,
    "gnn_layers": 4,
    "gnn_dropout": 0.5227745237038852,
    "nhead": 4,
    "tf_layers": 3,
    "dim_ff": 768,
    "tf_dropout": 0.0853970008207678,
    "ih_rank": 64,
    "ih_symmetric": true,
    "ih_proj_dim": 0,
    "ih_num_prototypes": 12,
    "ih_assignment_mode": "hard",
    "ih_diversity_weight": 0.02795015916508337
  },
  "hparams": {
    "batch_size": 128,
    "lr": 0.0005636004750527737,
    "weight_decay": 1.809098578331445e-06,
    "num_epochs": 60,
    "patience": 12,
    "gcn_pretrain_epochs": 40,
    "transformer_epochs": 60,
    "pretrain_lr": 7.72614892774646e-05,
    "transformer_lr": 0.0005636004750527737,
    "ema_decay": 0.9556775839167313,
    "ema_decay_init": 0.9,
    "distill_weight": 0.005194929407101736,
    "cross_distill_weight": 0.05
  },
  "seed": 42
}