{
  "generated_at": "2026-05-30T10:23:02",
  "study_name": "xkd_on",
  "trial_number": 6,
  "model_kwargs": {
    "gnn_hidden": 192,
    "gnn_layers": 4,
    "gnn_dropout": 0.5336289896901638,
    "nhead": 4,
    "tf_layers": 2,
    "dim_ff": 576,
    "tf_dropout": 0.39045466860674277,
    "ih_rank": 64,
    "ih_symmetric": true,
    "ih_proj_dim": 256,
    "ih_num_prototypes": 3,
    "ih_assignment_mode": "soft",
    "ih_diversity_weight": 0.0007599334001601102
  },
  "hparams": {
    "batch_size": 128,
    "lr": 0.0010113133051262834,
    "weight_decay": 0.0014977803754075486,
    "num_epochs": 60,
    "patience": 12,
    "gcn_pretrain_epochs": 40,
    "transformer_epochs": 60,
    "pretrain_lr": 0.00018478091982292416,
    "transformer_lr": 0.0010113133051262834,
    "ema_decay": 0.9745742984396728,
    "distill_weight": 0.06869120772681417,
    "cross_distill_weight": 0.1
  },
  "device": "cuda",
  "status": "pruned"
}