{
  "generated_at": "2026-05-25T20:09:09",
  "study_name": "dual_kd_gnn_optuna",
  "trial_number": 8,
  "model_kwargs": {
    "gnn_hidden": 128,
    "gnn_layers": 3,
    "gnn_dropout": 0.42674110017519773,
    "nhead": 4,
    "tf_layers": 1,
    "dim_ff": 512,
    "tf_dropout": 0.3680744779074815,
    "ih_rank": 32,
    "ih_symmetric": false,
    "ih_proj_dim": 0,
    "ih_num_prototypes": 12,
    "ih_assignment_mode": "sparse",
    "ih_diversity_weight": 0.016356514014241656
  },
  "hparams": {
    "batch_size": 64,
    "lr": 0.00023615775201572917,
    "weight_decay": 7.2675945245763955e-06,
    "num_epochs": 60,
    "patience": 12,
    "gcn_pretrain_epochs": 40,
    "transformer_epochs": 60,
    "pretrain_lr": 7.617061961171449e-05,
    "transformer_lr": 0.00023615775201572917,
    "ema_decay": 0.987134459412754,
    "distill_weight": 0.0010792445123717635
  },
  "device": "cuda",
  "status": "pruned"
}