{
  "generated_at": "2026-06-23T14:58:08",
  "study_name": "bace_xkd",
  "trial_number": 58,
  "model_kwargs": {
    "gnn_hidden": 512,
    "gnn_layers": 3,
    "gnn_dropout": 0.46252286728207204,
    "nhead": 8,
    "tf_layers": 3,
    "dim_ff": 1536,
    "tf_dropout": 0.22624456606324614,
    "ih_rank": 32,
    "ih_symmetric": true,
    "ih_proj_dim": 0,
    "ih_num_prototypes": 8,
    "ih_assignment_mode": "hard",
    "ih_diversity_weight": 0.0003405804583132633,
    "info_nce_temperature": 0.2
  },
  "hparams": {
    "batch_size": 64,
    "lr": 0.00024737308493123805,
    "weight_decay": 1.9368663178862965e-06,
    "num_epochs": 150,
    "patience": 10,
    "gcn_pretrain_epochs": 150,
    "transformer_epochs": 150,
    "pretrain_lr": 0.00015136323991078005,
    "transformer_lr": 0.00024737308493123805,
    "ema_decay": 0.9979263765858716,
    "ema_decay_init": 0.99,
    "distill_weight": 0.001430327611366733,
    "cross_distill_weight": 0.05
  },
  "device": "cuda",
  "status": "pruned"
}