{
  "generated_at": "2026-06-20T11:40:40",
  "study_name": "bbbp_xkd",
  "trial_number": 25,
  "model_kwargs": {
    "gnn_hidden": 128,
    "gnn_layers": 3,
    "gnn_dropout": 0.3186523633650694,
    "nhead": 4,
    "tf_layers": 1,
    "dim_ff": 384,
    "tf_dropout": 0.24443185335362738,
    "ih_rank": 16,
    "ih_symmetric": true,
    "ih_proj_dim": 0,
    "ih_num_prototypes": 12,
    "ih_assignment_mode": "soft",
    "ih_diversity_weight": 0.00024921868174951974,
    "info_nce_temperature": 0.1
  },
  "hparams": {
    "batch_size": 128,
    "lr": 0.0016522779374479098,
    "weight_decay": 0.00011867372147746056,
    "num_epochs": 150,
    "patience": 10,
    "gcn_pretrain_epochs": 150,
    "transformer_epochs": 150,
    "pretrain_lr": 0.00013531850695013036,
    "transformer_lr": 0.0016522779374479098,
    "ema_decay": 0.9538710619478542,
    "ema_decay_init": 0.98,
    "distill_weight": 0.033423660870308805,
    "cross_distill_weight": 0.05
  },
  "device": "cuda",
  "status": "complete"
}