{
  "generated_at": "2026-06-21T17:32:48",
  "study_name": "bace_xkd",
  "trial_number": 38,
  "model_kwargs": {
    "gnn_hidden": 256,
    "gnn_layers": 2,
    "gnn_dropout": 0.3134417875744894,
    "nhead": 4,
    "tf_layers": 3,
    "dim_ff": 512,
    "tf_dropout": 0.2687914440633657,
    "ih_rank": 32,
    "ih_symmetric": false,
    "ih_proj_dim": 128,
    "ih_num_prototypes": 12,
    "ih_assignment_mode": "sparse",
    "ih_diversity_weight": 0.003800075725574412,
    "info_nce_temperature": 0.2
  },
  "hparams": {
    "batch_size": 64,
    "lr": 0.0009111216643871097,
    "weight_decay": 6.390868077281079e-06,
    "num_epochs": 150,
    "patience": 10,
    "gcn_pretrain_epochs": 150,
    "transformer_epochs": 150,
    "pretrain_lr": 0.0005391029053772889,
    "transformer_lr": 0.0009111216643871097,
    "ema_decay": 0.9738152588064657,
    "ema_decay_init": 0.99,
    "distill_weight": 0.0017091243047669994,
    "cross_distill_weight": 0.1
  },
  "device": "cuda",
  "status": "pruned"
}