{
  "trial_number": 38,
  "dataset_name": "bace_optuna_trial_0038",
  "model_kwargs": {
    "gnn_hidden": 256,
    "gnn_layers": 2,
    "gnn_dropout": 0.49611950396746324,
    "nhead": 4,
    "tf_layers": 4,
    "dim_ff": 768,
    "tf_dropout": 0.2020417570491821,
    "ih_rank": 16,
    "ih_symmetric": false,
    "ih_proj_dim": 0,
    "ih_num_prototypes": 4,
    "ih_assignment_mode": "sparse",
    "ih_diversity_weight": 0.00014913838569145566,
    "info_nce_temperature": 0.2
  },
  "hparams": {
    "batch_size": 64,
    "lr": 0.00011235170145143097,
    "weight_decay": 1.8434629522709108e-05,
    "num_epochs": 150,
    "patience": 10,
    "gcn_pretrain_epochs": 150,
    "transformer_epochs": 150,
    "pretrain_lr": 0.0005284227196787544,
    "transformer_lr": 0.00011235170145143097,
    "ema_decay": 0.9508607712640375,
    "ema_decay_init": 0.98,
    "distill_weight": 0.004041529785329845,
    "cross_distill_weight": 0.1
  },
  "seed": 42
}