{
  "trial_number": 33,
  "dataset_name": "bbbp_optuna_trial_0033",
  "model_kwargs": {
    "gnn_hidden": 128,
    "gnn_layers": 3,
    "gnn_dropout": 0.30222045219477556,
    "nhead": 4,
    "tf_layers": 1,
    "dim_ff": 384,
    "tf_dropout": 0.3253781498741233,
    "ih_rank": 16,
    "ih_symmetric": true,
    "ih_proj_dim": 0,
    "ih_num_prototypes": 16,
    "ih_assignment_mode": "sparse",
    "ih_diversity_weight": 0.00010267436083138669,
    "info_nce_temperature": 0.2
  },
  "hparams": {
    "batch_size": 128,
    "lr": 0.0009557100614210844,
    "weight_decay": 0.0011174714897126123,
    "num_epochs": 150,
    "patience": 10,
    "gcn_pretrain_epochs": 150,
    "transformer_epochs": 150,
    "pretrain_lr": 0.00027922742831155024,
    "transformer_lr": 0.0009557100614210844,
    "ema_decay": 0.9603234461921464,
    "ema_decay_init": 0.95,
    "distill_weight": 0.06964938141882893,
    "cross_distill_weight": 0.05
  },
  "seed": 42
}