{
  "generated_at": "2026-06-22T02:19:38",
  "study_name": "tox21_xkd",
  "trial_number": 9,
  "model_kwargs": {
    "gnn_hidden": 384,
    "gnn_layers": 2,
    "gnn_dropout": 0.3169675428170384,
    "nhead": 4,
    "tf_layers": 2,
    "dim_ff": 1152,
    "tf_dropout": 0.4251198269030011,
    "ih_rank": 32,
    "ih_symmetric": true,
    "ih_proj_dim": 0,
    "ih_num_prototypes": 4,
    "ih_assignment_mode": "soft",
    "ih_diversity_weight": 0.0019880193364014637,
    "info_nce_temperature": 1.0
  },
  "hparams": {
    "batch_size": 128,
    "lr": 0.00030740991330836445,
    "weight_decay": 0.0007756532531954863,
    "num_epochs": 150,
    "patience": 10,
    "gcn_pretrain_epochs": 150,
    "transformer_epochs": 150,
    "pretrain_lr": 0.00010370825721816744,
    "transformer_lr": 0.00030740991330836445,
    "ema_decay": 0.9975240625086743,
    "ema_decay_init": 0.99,
    "distill_weight": 0.0007392274977341989,
    "cross_distill_weight": 0.05
  },
  "device": "cuda",
  "status": "pruned"
}