{
  "generated_at": "2026-06-23T19:11:12",
  "study_name": "tox21_xkd",
  "trial_number": 9,
  "model_kwargs": {
    "gnn_hidden": 512,
    "gnn_layers": 2,
    "gnn_dropout": 0.3224891371161617,
    "nhead": 8,
    "tf_layers": 3,
    "dim_ff": 1536,
    "tf_dropout": 0.4663112548274899,
    "ih_rank": 16,
    "ih_symmetric": true,
    "ih_proj_dim": 128,
    "ih_num_prototypes": 16,
    "ih_assignment_mode": "sparse",
    "ih_diversity_weight": 0.001326821154758573,
    "info_nce_temperature": 1.0
  },
  "hparams": {
    "batch_size": 64,
    "lr": 0.001917860258071628,
    "weight_decay": 1.9513812010055734e-06,
    "num_epochs": 150,
    "patience": 10,
    "gcn_pretrain_epochs": 150,
    "transformer_epochs": 150,
    "pretrain_lr": 0.0008415639889678826,
    "transformer_lr": 0.001917860258071628,
    "ema_decay": 0.9861937232423383,
    "ema_decay_init": 0.95,
    "distill_weight": 0.0005268382444016461,
    "cross_distill_weight": 0.02
  },
  "device": "cuda",
  "status": "pruned"
}