{
  "generated_at": "2026-06-22T10:54:08",
  "study_name": "tox21_xkd",
  "trial_number": 30,
  "model_kwargs": {
    "gnn_hidden": 192,
    "gnn_layers": 4,
    "gnn_dropout": 0.45909475693070584,
    "nhead": 4,
    "tf_layers": 1,
    "dim_ff": 576,
    "tf_dropout": 0.23269999118670653,
    "ih_rank": 16,
    "ih_symmetric": false,
    "ih_proj_dim": 256,
    "ih_num_prototypes": 12,
    "ih_assignment_mode": "sparse",
    "ih_diversity_weight": 0.0008800809670584585,
    "info_nce_temperature": 0.2
  },
  "hparams": {
    "batch_size": 64,
    "lr": 0.00019097283631228982,
    "weight_decay": 0.0003478040249094787,
    "num_epochs": 150,
    "patience": 10,
    "gcn_pretrain_epochs": 150,
    "transformer_epochs": 150,
    "pretrain_lr": 0.0011340553458567143,
    "transformer_lr": 0.00019097283631228982,
    "ema_decay": 0.9664863004640716,
    "ema_decay_init": 0.99,
    "distill_weight": 0.0052794748080370645,
    "cross_distill_weight": 0.05
  },
  "device": "cuda",
  "status": "pruned"
}