{
  "trial_number": 30,
  "dataset_name": "tox21_optuna_trial_0030",
  "model_kwargs": {
    "gnn_hidden": 256,
    "gnn_layers": 4,
    "gnn_dropout": 0.3072698520854872,
    "nhead": 8,
    "tf_layers": 2,
    "dim_ff": 512,
    "tf_dropout": 0.20642352959070348,
    "ih_rank": 16,
    "ih_symmetric": false,
    "ih_proj_dim": 128,
    "ih_num_prototypes": 8,
    "ih_assignment_mode": "sparse",
    "ih_diversity_weight": 0.00011839023932836614,
    "info_nce_temperature": 0.2
  },
  "hparams": {
    "batch_size": 64,
    "lr": 0.0003330325184169941,
    "weight_decay": 1.299255405819076e-05,
    "num_epochs": 150,
    "patience": 10,
    "gcn_pretrain_epochs": 150,
    "transformer_epochs": 150,
    "pretrain_lr": 0.002990850432631944,
    "transformer_lr": 0.0003330325184169941,
    "ema_decay": 0.9804997077682256,
    "ema_decay_init": 0.98,
    "distill_weight": 0.007334646359143684,
    "cross_distill_weight": 0.05
  },
  "seed": 42
}