{
  "trial_number": 30,
  "dataset_name": "tox21_optuna_trial_0030",
  "model_kwargs": {
    "gnn_hidden": 256,
    "gnn_layers": 3,
    "gnn_dropout": 0.519296237808968,
    "nhead": 4,
    "tf_layers": 1,
    "dim_ff": 512,
    "tf_dropout": 0.2818491134488104,
    "ih_rank": 16,
    "ih_symmetric": false,
    "ih_proj_dim": 128,
    "ih_num_prototypes": 16,
    "ih_assignment_mode": "hard",
    "ih_diversity_weight": 0.09265366675742784,
    "info_nce_temperature": 0.5
  },
  "hparams": {
    "batch_size": 128,
    "lr": 0.0004565132313872561,
    "weight_decay": 5.881270024922895e-05,
    "num_epochs": 150,
    "patience": 10,
    "gcn_pretrain_epochs": 150,
    "transformer_epochs": 150,
    "pretrain_lr": 0.001891744160010376,
    "transformer_lr": 0.0004565132313872561,
    "ema_decay": 0.9925914389468383,
    "ema_decay_init": 0.9,
    "distill_weight": 0.0018175870001510227,
    "cross_distill_weight": 0.02
  },
  "seed": 42
}