{
  "generated_at": "2026-06-20T16:53:15",
  "study_name": "bbbp_xkd",
  "trial_number": 58,
  "model_kwargs": {
    "gnn_hidden": 256,
    "gnn_layers": 2,
    "gnn_dropout": 0.5358173196570126,
    "nhead": 4,
    "tf_layers": 1,
    "dim_ff": 768,
    "tf_dropout": 0.2941665740684118,
    "ih_rank": 32,
    "ih_symmetric": true,
    "ih_proj_dim": 128,
    "ih_num_prototypes": 4,
    "ih_assignment_mode": "sparse",
    "ih_diversity_weight": 0.08756021123563336,
    "info_nce_temperature": 0.2
  },
  "hparams": {
    "batch_size": 128,
    "lr": 0.001954961784508618,
    "weight_decay": 6.1000955558827796e-05,
    "num_epochs": 150,
    "patience": 10,
    "gcn_pretrain_epochs": 150,
    "transformer_epochs": 150,
    "pretrain_lr": 0.0006782240067846314,
    "transformer_lr": 0.001954961784508618,
    "ema_decay": 0.9776025351183594,
    "ema_decay_init": 0.95,
    "distill_weight": 0.0015996851271716365,
    "cross_distill_weight": 0.05
  },
  "device": "cuda",
  "status": "pruned"
}