{
  "generated_at": "2026-06-24T11:28:18",
  "study_name": "tox21_xkd",
  "trial_number": 49,
  "model_kwargs": {
    "gnn_hidden": 256,
    "gnn_layers": 4,
    "gnn_dropout": 0.3188815080766889,
    "nhead": 8,
    "tf_layers": 2,
    "dim_ff": 512,
    "tf_dropout": 0.23517555449463518,
    "ih_rank": 32,
    "ih_symmetric": false,
    "ih_proj_dim": 256,
    "ih_num_prototypes": 16,
    "ih_assignment_mode": "sparse",
    "ih_diversity_weight": 0.0017937213087365564,
    "info_nce_temperature": 0.2
  },
  "hparams": {
    "batch_size": 64,
    "lr": 0.0003597126619577843,
    "weight_decay": 0.00023122041860201657,
    "num_epochs": 150,
    "patience": 10,
    "gcn_pretrain_epochs": 150,
    "transformer_epochs": 150,
    "pretrain_lr": 0.0011780292369414783,
    "transformer_lr": 0.0003597126619577843,
    "ema_decay": 0.9818218324341151,
    "ema_decay_init": 0.98,
    "distill_weight": 0.019381435051021578,
    "cross_distill_weight": 0.02
  },
  "device": "cuda",
  "status": "complete"
}