{
  "trial_number": 49,
  "dataset_name": "tox21_optuna_trial_0049",
  "model_kwargs": {
    "gnn_hidden": 192,
    "gnn_layers": 4,
    "gnn_dropout": 0.4287326503970177,
    "nhead": 8,
    "tf_layers": 1,
    "dim_ff": 384,
    "tf_dropout": 0.3584266491759565,
    "ih_rank": 32,
    "ih_symmetric": true,
    "ih_proj_dim": 256,
    "ih_num_prototypes": 4,
    "ih_assignment_mode": "hard",
    "ih_diversity_weight": 0.0005663490291598764,
    "info_nce_temperature": 0.5
  },
  "hparams": {
    "batch_size": 64,
    "lr": 0.0008819505370567853,
    "weight_decay": 0.0007728629617775873,
    "num_epochs": 150,
    "patience": 10,
    "gcn_pretrain_epochs": 150,
    "transformer_epochs": 150,
    "pretrain_lr": 0.001719934415150539,
    "transformer_lr": 0.0008819505370567853,
    "ema_decay": 0.9938306777837324,
    "ema_decay_init": 0.9,
    "distill_weight": 0.0032848389770806555,
    "cross_distill_weight": 0.05
  },
  "seed": 42
}