{
  "generated_at": "2026-06-23T14:20:50",
  "study_name": "bace_xkd",
  "trial_number": 49,
  "model_kwargs": {
    "gnn_hidden": 256,
    "gnn_layers": 4,
    "gnn_dropout": 0.3160670316469383,
    "nhead": 8,
    "tf_layers": 4,
    "dim_ff": 512,
    "tf_dropout": 0.2796261779130183,
    "ih_rank": 64,
    "ih_symmetric": false,
    "ih_proj_dim": 128,
    "ih_num_prototypes": 4,
    "ih_assignment_mode": "soft",
    "ih_diversity_weight": 0.012854266951667253,
    "info_nce_temperature": 0.5
  },
  "hparams": {
    "batch_size": 128,
    "lr": 0.0014104425284210836,
    "weight_decay": 2.989388242619704e-05,
    "num_epochs": 150,
    "patience": 10,
    "gcn_pretrain_epochs": 150,
    "transformer_epochs": 150,
    "pretrain_lr": 0.0006588856502018126,
    "transformer_lr": 0.0014104425284210836,
    "ema_decay": 0.9631856755798596,
    "ema_decay_init": 0.9,
    "distill_weight": 0.012067863195407072,
    "cross_distill_weight": 0.05
  },
  "device": "cuda",
  "status": "pruned"
}