{
  "trial_number": 49,
  "dataset_name": "bace_optuna_trial_0049",
  "model_kwargs": {
    "gnn_hidden": 256,
    "gnn_layers": 3,
    "gnn_dropout": 0.30438374627724396,
    "nhead": 8,
    "tf_layers": 1,
    "dim_ff": 512,
    "tf_dropout": 0.24695998306791134,
    "ih_rank": 32,
    "ih_symmetric": false,
    "ih_proj_dim": 128,
    "ih_num_prototypes": 12,
    "ih_assignment_mode": "sparse",
    "ih_diversity_weight": 0.0018469962952194182,
    "info_nce_temperature": 1.0
  },
  "hparams": {
    "batch_size": 64,
    "lr": 0.0015192282692133385,
    "weight_decay": 1.97745244454786e-05,
    "num_epochs": 150,
    "patience": 10,
    "gcn_pretrain_epochs": 150,
    "transformer_epochs": 150,
    "pretrain_lr": 0.0003568529376515195,
    "transformer_lr": 0.0015192282692133385,
    "ema_decay": 0.9805472408566701,
    "ema_decay_init": 0.99,
    "distill_weight": 0.0032127156365001036,
    "cross_distill_weight": 0.02
  },
  "seed": 42
}