{
  "trial_number": 0,
  "dataset_name": "tox21_optuna_trial_0000",
  "model_kwargs": {
    "gnn_hidden": 192,
    "gnn_layers": 4,
    "gnn_dropout": 0.37050175528444396,
    "nhead": 4,
    "tf_layers": 3,
    "dim_ff": 384,
    "tf_dropout": 0.3829770563201687,
    "ih_rank": 16,
    "ih_symmetric": false,
    "ih_proj_dim": 256,
    "ih_num_prototypes": 12,
    "ih_assignment_mode": "sparse",
    "ih_diversity_weight": 0.000137832374550072,
    "info_nce_temperature": 0.1
  },
  "hparams": {
    "batch_size": 64,
    "lr": 0.0022413234378101127,
    "weight_decay": 1.1459852062471542e-05,
    "num_epochs": 60,
    "patience": 12,
    "gcn_pretrain_epochs": 40,
    "transformer_epochs": 60,
    "pretrain_lr": 1.7456037635797413e-05,
    "transformer_lr": 0.0022413234378101127,
    "ema_decay": 0.9835274182990956,
    "ema_decay_init": 0.98,
    "distill_weight": 0.12370108840299013,
    "cross_distill_weight": 0.05
  },
  "seed": 42
}