{
  "trial_number": 27,
  "dataset_name": "bbbp_optuna_trial_0027",
  "model_kwargs": {
    "gnn_hidden": 128,
    "gnn_layers": 4,
    "gnn_dropout": 0.21168563011567748,
    "nhead": 8,
    "tf_layers": 1,
    "dim_ff": 256,
    "tf_dropout": 0.29896554237659434,
    "ih_rank": 16,
    "ih_symmetric": false,
    "ih_proj_dim": 0,
    "ih_num_prototypes": 4,
    "ih_assignment_mode": "soft",
    "ih_diversity_weight": 0.0002056468309108496,
    "info_nce_temperature": 0.1
  },
  "hparams": {
    "batch_size": 64,
    "lr": 0.0007304048265125311,
    "weight_decay": 0.0002013193259905606,
    "num_epochs": 150,
    "patience": 10,
    "gcn_pretrain_epochs": 150,
    "transformer_epochs": 150,
    "pretrain_lr": 0.00017154278946397906,
    "transformer_lr": 0.0007304048265125311,
    "ema_decay": 0.9631873567283381,
    "ema_decay_init": 0.95,
    "distill_weight": 0.06223939353421131,
    "cross_distill_weight": 0.02
  },
  "seed": 42
}