{
  "generated_at": "2026-06-21T15:36:43",
  "study_name": "bace_xkd",
  "trial_number": 15,
  "model_kwargs": {
    "gnn_hidden": 128,
    "gnn_layers": 4,
    "gnn_dropout": 0.4441202607440548,
    "nhead": 8,
    "tf_layers": 3,
    "dim_ff": 384,
    "tf_dropout": 0.205820886591993,
    "ih_rank": 64,
    "ih_symmetric": false,
    "ih_proj_dim": 128,
    "ih_num_prototypes": 16,
    "ih_assignment_mode": "soft",
    "ih_diversity_weight": 0.00026794139027443094,
    "info_nce_temperature": 0.5
  },
  "hparams": {
    "batch_size": 128,
    "lr": 0.0001638722306432588,
    "weight_decay": 0.0007185687236039306,
    "num_epochs": 150,
    "patience": 10,
    "gcn_pretrain_epochs": 150,
    "transformer_epochs": 150,
    "pretrain_lr": 0.00038162755782843237,
    "transformer_lr": 0.0001638722306432588,
    "ema_decay": 0.989992946477556,
    "ema_decay_init": 0.99,
    "distill_weight": 0.0009632473548027186,
    "cross_distill_weight": 0.05
  },
  "device": "cuda",
  "status": "pruned"
}