{
  "generated_at": "2026-06-23T11:55:28",
  "study_name": "bace_xkd",
  "trial_number": 15,
  "model_kwargs": {
    "gnn_hidden": 256,
    "gnn_layers": 3,
    "gnn_dropout": 0.37960919203484356,
    "nhead": 8,
    "tf_layers": 2,
    "dim_ff": 512,
    "tf_dropout": 0.13431995884702952,
    "ih_rank": 16,
    "ih_symmetric": true,
    "ih_proj_dim": 128,
    "ih_num_prototypes": 8,
    "ih_assignment_mode": "hard",
    "ih_diversity_weight": 0.001577680127625464,
    "info_nce_temperature": 0.5
  },
  "hparams": {
    "batch_size": 128,
    "lr": 0.00047009666436845026,
    "weight_decay": 2.823506146382882e-06,
    "num_epochs": 150,
    "patience": 10,
    "gcn_pretrain_epochs": 150,
    "transformer_epochs": 150,
    "pretrain_lr": 0.00012077595048017863,
    "transformer_lr": 0.00047009666436845026,
    "ema_decay": 0.9922287678976082,
    "ema_decay_init": 0.99,
    "distill_weight": 0.0033009832349742943,
    "cross_distill_weight": 0.02
  },
  "device": "cuda",
  "status": "pruned"
}