{
  "generated_at": "2026-06-20T13:46:41",
  "study_name": "bace_xkd",
  "trial_number": 26,
  "model_kwargs": {
    "gnn_hidden": 128,
    "gnn_layers": 2,
    "gnn_dropout": 0.3161311724430086,
    "nhead": 4,
    "tf_layers": 2,
    "dim_ff": 512,
    "tf_dropout": 0.25047667704564736,
    "ih_rank": 32,
    "ih_symmetric": false,
    "ih_proj_dim": 0,
    "ih_num_prototypes": 16,
    "ih_assignment_mode": "hard",
    "ih_diversity_weight": 0.00014214557435368065,
    "info_nce_temperature": 0.5
  },
  "hparams": {
    "batch_size": 64,
    "lr": 0.000993515558060336,
    "weight_decay": 0.00018900595128425185,
    "num_epochs": 150,
    "patience": 10,
    "gcn_pretrain_epochs": 150,
    "transformer_epochs": 150,
    "pretrain_lr": 0.00027701682106139383,
    "transformer_lr": 0.000993515558060336,
    "ema_decay": 0.9664454877384341,
    "ema_decay_init": 0.95,
    "distill_weight": 0.06913707083311957,
    "cross_distill_weight": 0.05
  },
  "device": "cuda",
  "status": "pruned"
}