{
  "generated_at": "2026-06-21T16:30:43",
  "study_name": "bace_xkd",
  "trial_number": 26,
  "model_kwargs": {
    "gnn_hidden": 256,
    "gnn_layers": 2,
    "gnn_dropout": 0.3056778078662495,
    "nhead": 8,
    "tf_layers": 3,
    "dim_ff": 768,
    "tf_dropout": 0.2854296010499783,
    "ih_rank": 32,
    "ih_symmetric": true,
    "ih_proj_dim": 128,
    "ih_num_prototypes": 4,
    "ih_assignment_mode": "sparse",
    "ih_diversity_weight": 0.000695774057879395,
    "info_nce_temperature": 1.0
  },
  "hparams": {
    "batch_size": 64,
    "lr": 0.0017159874551111152,
    "weight_decay": 5.446263264397217e-05,
    "num_epochs": 150,
    "patience": 10,
    "gcn_pretrain_epochs": 150,
    "transformer_epochs": 150,
    "pretrain_lr": 0.0005712335559827738,
    "transformer_lr": 0.0017159874551111152,
    "ema_decay": 0.9788312853440451,
    "ema_decay_init": 0.99,
    "distill_weight": 0.008135182864479376,
    "cross_distill_weight": 0.1
  },
  "device": "cuda",
  "status": "pruned"
}