{
  "trial_number": 26,
  "dataset_name": "bace_optuna_trial_0026",
  "model_kwargs": {
    "gnn_hidden": 512,
    "gnn_layers": 2,
    "gnn_dropout": 0.45992938792292953,
    "nhead": 8,
    "tf_layers": 3,
    "dim_ff": 1536,
    "tf_dropout": 0.26145073226919224,
    "ih_rank": 64,
    "ih_symmetric": false,
    "ih_proj_dim": 128,
    "ih_num_prototypes": 4,
    "ih_assignment_mode": "hard",
    "ih_diversity_weight": 0.00021005210904433757,
    "info_nce_temperature": 0.2
  },
  "hparams": {
    "batch_size": 64,
    "lr": 0.00032273856597962014,
    "weight_decay": 3.5397230781307648e-06,
    "num_epochs": 150,
    "patience": 10,
    "gcn_pretrain_epochs": 150,
    "transformer_epochs": 150,
    "pretrain_lr": 0.0001075979207399863,
    "transformer_lr": 0.00032273856597962014,
    "ema_decay": 0.9943618586716461,
    "ema_decay_init": 0.99,
    "distill_weight": 0.0018552674200532076,
    "cross_distill_weight": 0.02
  },
  "seed": 42
}