{
  "generated_at": "2026-06-21T15:25:54",
  "study_name": "bace_xkd",
  "trial_number": 13,
  "model_kwargs": {
    "gnn_hidden": 128,
    "gnn_layers": 4,
    "gnn_dropout": 0.3183846896270833,
    "nhead": 4,
    "tf_layers": 1,
    "dim_ff": 256,
    "tf_dropout": 0.31705153013839354,
    "ih_rank": 32,
    "ih_symmetric": false,
    "ih_proj_dim": 128,
    "ih_num_prototypes": 4,
    "ih_assignment_mode": "sparse",
    "ih_diversity_weight": 0.00012118060422764572,
    "info_nce_temperature": 1.0
  },
  "hparams": {
    "batch_size": 64,
    "lr": 0.00016994429436270644,
    "weight_decay": 4.829006982402823e-06,
    "num_epochs": 150,
    "patience": 10,
    "gcn_pretrain_epochs": 150,
    "transformer_epochs": 150,
    "pretrain_lr": 0.00037256513713374354,
    "transformer_lr": 0.00016994429436270644,
    "ema_decay": 0.9811104849641936,
    "ema_decay_init": 0.98,
    "distill_weight": 0.044656960777351616,
    "cross_distill_weight": 0.05
  },
  "device": "cuda",
  "status": "pruned"
}