{
  "trial_number": 13,
  "dataset_name": "bace_optuna_trial_0013",
  "model_kwargs": {
    "gnn_hidden": 256,
    "gnn_layers": 4,
    "gnn_dropout": 0.5357222857037639,
    "nhead": 8,
    "tf_layers": 4,
    "dim_ff": 768,
    "tf_dropout": 0.24908266363482656,
    "ih_rank": 64,
    "ih_symmetric": true,
    "ih_proj_dim": 128,
    "ih_num_prototypes": 6,
    "ih_assignment_mode": "hard",
    "ih_diversity_weight": 0.00015628442434918033,
    "info_nce_temperature": 0.5
  },
  "hparams": {
    "batch_size": 64,
    "lr": 0.00038972567079552465,
    "weight_decay": 4.55947232331152e-05,
    "num_epochs": 150,
    "patience": 10,
    "gcn_pretrain_epochs": 150,
    "transformer_epochs": 150,
    "pretrain_lr": 0.00012498055094539725,
    "transformer_lr": 0.00038972567079552465,
    "ema_decay": 0.998245647000914,
    "ema_decay_init": 0.99,
    "distill_weight": 0.0016580384046219676,
    "cross_distill_weight": 0.05
  },
  "seed": 42
}