{
  "generated_at": "2026-06-20T15:02:20",
  "study_name": "bbbp_xkd",
  "trial_number": 41,
  "model_kwargs": {
    "gnn_hidden": 256,
    "gnn_layers": 3,
    "gnn_dropout": 0.5137712586455178,
    "nhead": 4,
    "tf_layers": 1,
    "dim_ff": 768,
    "tf_dropout": 0.34961707438061634,
    "ih_rank": 32,
    "ih_symmetric": true,
    "ih_proj_dim": 128,
    "ih_num_prototypes": 4,
    "ih_assignment_mode": "sparse",
    "ih_diversity_weight": 0.009204249500008732,
    "info_nce_temperature": 0.2
  },
  "hparams": {
    "batch_size": 64,
    "lr": 0.0012417583697974445,
    "weight_decay": 1.820383567443748e-05,
    "num_epochs": 150,
    "patience": 10,
    "gcn_pretrain_epochs": 150,
    "transformer_epochs": 150,
    "pretrain_lr": 0.0005652814625660346,
    "transformer_lr": 0.0012417583697974445,
    "ema_decay": 0.9737400065747525,
    "ema_decay_init": 0.95,
    "distill_weight": 0.002024105835365891,
    "cross_distill_weight": 0.05
  },
  "device": "cuda",
  "status": "complete"
}