{
  "generated_at": "2026-06-20T17:09:05",
  "study_name": "clintox_xkd",
  "trial_number": 21,
  "model_kwargs": {
    "gnn_hidden": 384,
    "gnn_layers": 3,
    "gnn_dropout": 0.351483488253022,
    "nhead": 4,
    "tf_layers": 1,
    "dim_ff": 768,
    "tf_dropout": 0.17706731045202945,
    "ih_rank": 32,
    "ih_symmetric": true,
    "ih_proj_dim": 256,
    "ih_num_prototypes": 6,
    "ih_assignment_mode": "hard",
    "ih_diversity_weight": 0.004475082997394626,
    "info_nce_temperature": 0.2
  },
  "hparams": {
    "batch_size": 128,
    "lr": 0.00041299159177701506,
    "weight_decay": 1.2067258271097114e-05,
    "num_epochs": 150,
    "patience": 10,
    "gcn_pretrain_epochs": 150,
    "transformer_epochs": 150,
    "pretrain_lr": 0.00016519971925702128,
    "transformer_lr": 0.00041299159177701506,
    "ema_decay": 0.9646269259287182,
    "ema_decay_init": 0.9,
    "distill_weight": 0.05009992575442243,
    "cross_distill_weight": 0.02
  },
  "device": "cuda",
  "status": "complete"
}