{
  "generated_at": "2026-06-20T17:39:45",
  "study_name": "clintox_xkd",
  "trial_number": 28,
  "model_kwargs": {
    "gnn_hidden": 192,
    "gnn_layers": 2,
    "gnn_dropout": 0.3769506936647545,
    "nhead": 4,
    "tf_layers": 1,
    "dim_ff": 576,
    "tf_dropout": 0.15773764864582446,
    "ih_rank": 32,
    "ih_symmetric": true,
    "ih_proj_dim": 128,
    "ih_num_prototypes": 8,
    "ih_assignment_mode": "hard",
    "ih_diversity_weight": 0.009673232743416096,
    "info_nce_temperature": 0.1
  },
  "hparams": {
    "batch_size": 128,
    "lr": 0.00045415715275265044,
    "weight_decay": 2.29379076729383e-05,
    "num_epochs": 150,
    "patience": 10,
    "gcn_pretrain_epochs": 150,
    "transformer_epochs": 150,
    "pretrain_lr": 0.0001925008233692282,
    "transformer_lr": 0.00045415715275265044,
    "ema_decay": 0.9703162470870985,
    "ema_decay_init": 0.9,
    "distill_weight": 0.03656481900677547,
    "cross_distill_weight": 0.1
  },
  "device": "cuda",
  "status": "complete"
}