{
  "generated_at": "2026-06-21T20:51:21",
  "study_name": "clintox_xkd",
  "trial_number": 28,
  "model_kwargs": {
    "gnn_hidden": 192,
    "gnn_layers": 3,
    "gnn_dropout": 0.41484685843127816,
    "nhead": 8,
    "tf_layers": 2,
    "dim_ff": 768,
    "tf_dropout": 0.4039158815067355,
    "ih_rank": 16,
    "ih_symmetric": false,
    "ih_proj_dim": 256,
    "ih_num_prototypes": 4,
    "ih_assignment_mode": "sparse",
    "ih_diversity_weight": 0.00011155888866639078,
    "info_nce_temperature": 0.5
  },
  "hparams": {
    "batch_size": 64,
    "lr": 0.00046127458574358695,
    "weight_decay": 1.2397668452347616e-06,
    "num_epochs": 150,
    "patience": 10,
    "gcn_pretrain_epochs": 150,
    "transformer_epochs": 150,
    "pretrain_lr": 0.0015755927696725143,
    "transformer_lr": 0.00046127458574358695,
    "ema_decay": 0.9846297120013752,
    "ema_decay_init": 0.99,
    "distill_weight": 0.005121399291134474,
    "cross_distill_weight": 0.02
  },
  "device": "cuda",
  "status": "complete"
}