{
  "generated_at": "2026-06-20T18:16:29",
  "study_name": "clintox_xkd",
  "trial_number": 37,
  "model_kwargs": {
    "gnn_hidden": 384,
    "gnn_layers": 2,
    "gnn_dropout": 0.5485528047216185,
    "nhead": 4,
    "tf_layers": 3,
    "dim_ff": 768,
    "tf_dropout": 0.3405950473900564,
    "ih_rank": 16,
    "ih_symmetric": true,
    "ih_proj_dim": 128,
    "ih_num_prototypes": 8,
    "ih_assignment_mode": "hard",
    "ih_diversity_weight": 0.0463554054908484,
    "info_nce_temperature": 0.2
  },
  "hparams": {
    "batch_size": 128,
    "lr": 0.0007285975946364304,
    "weight_decay": 1.2065749817781572e-05,
    "num_epochs": 150,
    "patience": 10,
    "gcn_pretrain_epochs": 150,
    "transformer_epochs": 150,
    "pretrain_lr": 0.0004199175022328634,
    "transformer_lr": 0.0007285975946364304,
    "ema_decay": 0.9908129645414132,
    "ema_decay_init": 0.9,
    "distill_weight": 0.02331815720906101,
    "cross_distill_weight": 0.02
  },
  "device": "cuda",
  "status": "complete"
}