{
  "trial_number": 37,
  "dataset_name": "clintox_optuna_trial_0037",
  "model_kwargs": {
    "gnn_hidden": 384,
    "gnn_layers": 3,
    "gnn_dropout": 0.44247177723792575,
    "nhead": 8,
    "tf_layers": 2,
    "dim_ff": 1536,
    "tf_dropout": 0.43511600312439525,
    "ih_rank": 16,
    "ih_symmetric": false,
    "ih_proj_dim": 256,
    "ih_num_prototypes": 16,
    "ih_assignment_mode": "sparse",
    "ih_diversity_weight": 0.0018607260842764956,
    "info_nce_temperature": 0.5
  },
  "hparams": {
    "batch_size": 128,
    "lr": 0.0003974124098312759,
    "weight_decay": 1.8356880692056504e-06,
    "num_epochs": 150,
    "patience": 10,
    "gcn_pretrain_epochs": 150,
    "transformer_epochs": 150,
    "pretrain_lr": 0.001496270586482681,
    "transformer_lr": 0.0003974124098312759,
    "ema_decay": 0.9840016965743802,
    "ema_decay_init": 0.9,
    "distill_weight": 0.001654440174891114,
    "cross_distill_weight": 0.05
  },
  "seed": 42
}