{
  "generated_at": "2026-06-21T16:35:50",
  "study_name": "bace_xkd",
  "trial_number": 27,
  "model_kwargs": {
    "gnn_hidden": 256,
    "gnn_layers": 3,
    "gnn_dropout": 0.3170484455477155,
    "nhead": 8,
    "tf_layers": 1,
    "dim_ff": 1024,
    "tf_dropout": 0.24707124938583197,
    "ih_rank": 64,
    "ih_symmetric": false,
    "ih_proj_dim": 128,
    "ih_num_prototypes": 6,
    "ih_assignment_mode": "soft",
    "ih_diversity_weight": 0.0023555412152983703,
    "info_nce_temperature": 0.5
  },
  "hparams": {
    "batch_size": 64,
    "lr": 0.0005867327989255138,
    "weight_decay": 3.257194706774985e-05,
    "num_epochs": 150,
    "patience": 10,
    "gcn_pretrain_epochs": 150,
    "transformer_epochs": 150,
    "pretrain_lr": 0.000181163897851192,
    "transformer_lr": 0.0005867327989255138,
    "ema_decay": 0.994941520746291,
    "ema_decay_init": 0.99,
    "distill_weight": 0.0017491548536842495,
    "cross_distill_weight": 0.1
  },
  "device": "cuda",
  "status": "pruned"
}