{
  "generated_at": "2026-06-20T13:52:19",
  "study_name": "bace_xkd",
  "trial_number": 27,
  "model_kwargs": {
    "gnn_hidden": 256,
    "gnn_layers": 2,
    "gnn_dropout": 0.3011601319215338,
    "nhead": 8,
    "tf_layers": 2,
    "dim_ff": 1024,
    "tf_dropout": 0.11437875391560028,
    "ih_rank": 32,
    "ih_symmetric": false,
    "ih_proj_dim": 256,
    "ih_num_prototypes": 8,
    "ih_assignment_mode": "hard",
    "ih_diversity_weight": 0.00011175774843076591,
    "info_nce_temperature": 0.5
  },
  "hparams": {
    "batch_size": 128,
    "lr": 0.0008081053637120038,
    "weight_decay": 5.667861619224426e-05,
    "num_epochs": 150,
    "patience": 10,
    "gcn_pretrain_epochs": 150,
    "transformer_epochs": 150,
    "pretrain_lr": 0.0002646535291626583,
    "transformer_lr": 0.0008081053637120038,
    "ema_decay": 0.9829088081459647,
    "ema_decay_init": 0.99,
    "distill_weight": 0.03587839797964264,
    "cross_distill_weight": 0.05
  },
  "device": "cuda",
  "status": "complete"
}