{
  "generated_at": "2026-06-23T12:47:31",
  "study_name": "bace_xkd",
  "trial_number": 27,
  "model_kwargs": {
    "gnn_hidden": 512,
    "gnn_layers": 2,
    "gnn_dropout": 0.5371756938671636,
    "nhead": 8,
    "tf_layers": 3,
    "dim_ff": 2048,
    "tf_dropout": 0.24681045732969495,
    "ih_rank": 64,
    "ih_symmetric": true,
    "ih_proj_dim": 128,
    "ih_num_prototypes": 4,
    "ih_assignment_mode": "hard",
    "ih_diversity_weight": 0.0001299876274421634,
    "info_nce_temperature": 0.2
  },
  "hparams": {
    "batch_size": 128,
    "lr": 0.0007402719613204397,
    "weight_decay": 3.597652181161343e-05,
    "num_epochs": 150,
    "patience": 10,
    "gcn_pretrain_epochs": 150,
    "transformer_epochs": 150,
    "pretrain_lr": 0.00011147122259444695,
    "transformer_lr": 0.0007402719613204397,
    "ema_decay": 0.9881207009933304,
    "ema_decay_init": 0.99,
    "distill_weight": 0.0021197173431441265,
    "cross_distill_weight": 0.05
  },
  "device": "cuda",
  "status": "complete"
}