{
  "generated_at": "2026-06-20T21:55:16",
  "study_name": "sider_xkd",
  "trial_number": 30,
  "model_kwargs": {
    "gnn_hidden": 128,
    "gnn_layers": 3,
    "gnn_dropout": 0.49847345704095614,
    "nhead": 4,
    "tf_layers": 3,
    "dim_ff": 256,
    "tf_dropout": 0.34378666241084965,
    "ih_rank": 32,
    "ih_symmetric": false,
    "ih_proj_dim": 0,
    "ih_num_prototypes": 16,
    "ih_assignment_mode": "soft",
    "ih_diversity_weight": 0.010980383236645883,
    "info_nce_temperature": 0.1
  },
  "hparams": {
    "batch_size": 64,
    "lr": 0.0012619266810155246,
    "weight_decay": 1.8254879713199817e-05,
    "num_epochs": 150,
    "patience": 10,
    "gcn_pretrain_epochs": 150,
    "transformer_epochs": 150,
    "pretrain_lr": 0.000751373762515227,
    "transformer_lr": 0.0012619266810155246,
    "ema_decay": 0.9637174055723623,
    "ema_decay_init": 0.98,
    "distill_weight": 0.025031603809771916,
    "cross_distill_weight": 0.02
  },
  "device": "cuda",
  "status": "pruned"
}