{
  "generated_at": "2026-04-25T14:05:03",
  "study_name": "att1",
  "trial_number": 12,
  "model_kwargs": {
    "gnn_hidden": 256,
    "gnn_layers": 3,
    "gnn_dropout": 0.35960674808186166,
    "nhead": 4,
    "tf_layers": 3,
    "dim_ff": 512,
    "tf_dropout": 0.16230894497634232,
    "ih_rank": 32,
    "ih_symmetric": false,
    "ih_proj_dim": 0
  },
  "hparams": {
    "batch_size": 128,
    "lr": 0.0019932310438786956,
    "weight_decay": 0.002241937512912123,
    "num_epochs": 60,
    "patience": 12,
    "gcn_pretrain_epochs": 40,
    "transformer_epochs": 60,
    "pretrain_lr": 0.0012972027259021553,
    "transformer_lr": 0.0019932310438786956,
    "ema_decay": 0.9644279957114097,
    "distill_weight": 0.007693455122056542
  },
  "device": "cuda",
  "status": "pruned"
}