{
  "trial_number": 38,
  "dataset_name": "bbbp_optuna_trial_0038",
  "model_kwargs": {
    "gnn_hidden": 128,
    "gnn_layers": 2,
    "gnn_dropout": 0.31873850642664847,
    "nhead": 8,
    "tf_layers": 2,
    "dim_ff": 256,
    "tf_dropout": 0.39843193726614246,
    "ih_rank": 16,
    "ih_symmetric": true,
    "ih_proj_dim": 256,
    "ih_num_prototypes": 6,
    "ih_assignment_mode": "sparse",
    "ih_diversity_weight": 0.0019072053651156009,
    "info_nce_temperature": 0.5
  },
  "hparams": {
    "batch_size": 128,
    "lr": 0.001939218543431557,
    "weight_decay": 1.2132195885348573e-05,
    "num_epochs": 150,
    "patience": 10,
    "gcn_pretrain_epochs": 150,
    "transformer_epochs": 150,
    "pretrain_lr": 0.0007209376746311979,
    "transformer_lr": 0.001939218543431557,
    "ema_decay": 0.9573011468157713,
    "ema_decay_init": 0.95,
    "distill_weight": 0.0297768641129676,
    "cross_distill_weight": 0.02
  },
  "seed": 42
}