{
  "generated_at": "2026-06-21T21:13:42",
  "study_name": "clintox_xkd",
  "trial_number": 32,
  "model_kwargs": {
    "gnn_hidden": 192,
    "gnn_layers": 4,
    "gnn_dropout": 0.4187965703684346,
    "nhead": 8,
    "tf_layers": 2,
    "dim_ff": 768,
    "tf_dropout": 0.48924805970428,
    "ih_rank": 32,
    "ih_symmetric": false,
    "ih_proj_dim": 256,
    "ih_num_prototypes": 16,
    "ih_assignment_mode": "sparse",
    "ih_diversity_weight": 0.0005836253328690353,
    "info_nce_temperature": 0.5
  },
  "hparams": {
    "batch_size": 64,
    "lr": 0.00012588843735442207,
    "weight_decay": 1.091139840915427e-05,
    "num_epochs": 150,
    "patience": 10,
    "gcn_pretrain_epochs": 150,
    "transformer_epochs": 150,
    "pretrain_lr": 0.0007038572392183097,
    "transformer_lr": 0.00012588843735442207,
    "ema_decay": 0.9944160449255192,
    "ema_decay_init": 0.99,
    "distill_weight": 0.0043334109906433506,
    "cross_distill_weight": 0.05
  },
  "device": "cuda",
  "status": "pruned"
}