{
  "generated_at": "2026-06-20T23:15:52",
  "study_name": "tox21_xkd",
  "trial_number": 21,
  "model_kwargs": {
    "gnn_hidden": 256,
    "gnn_layers": 4,
    "gnn_dropout": 0.3168521097065259,
    "nhead": 4,
    "tf_layers": 1,
    "dim_ff": 512,
    "tf_dropout": 0.23960410187987724,
    "ih_rank": 64,
    "ih_symmetric": false,
    "ih_proj_dim": 256,
    "ih_num_prototypes": 6,
    "ih_assignment_mode": "sparse",
    "ih_diversity_weight": 0.034770923733078614,
    "info_nce_temperature": 0.5
  },
  "hparams": {
    "batch_size": 128,
    "lr": 0.0001539792817597999,
    "weight_decay": 2.5665380878301702e-05,
    "num_epochs": 150,
    "patience": 10,
    "gcn_pretrain_epochs": 150,
    "transformer_epochs": 150,
    "pretrain_lr": 0.0008878322946500142,
    "transformer_lr": 0.0001539792817597999,
    "ema_decay": 0.9829512923156515,
    "ema_decay_init": 0.9,
    "distill_weight": 0.005880419678153498,
    "cross_distill_weight": 0.02
  },
  "device": "cuda",
  "status": "complete"
}