{
  "generated_at": "2026-06-24T00:12:42",
  "study_name": "tox21_xkd",
  "trial_number": 21,
  "model_kwargs": {
    "gnn_hidden": 256,
    "gnn_layers": 3,
    "gnn_dropout": 0.39479558540506693,
    "nhead": 8,
    "tf_layers": 3,
    "dim_ff": 1024,
    "tf_dropout": 0.30680648591241627,
    "ih_rank": 32,
    "ih_symmetric": false,
    "ih_proj_dim": 256,
    "ih_num_prototypes": 16,
    "ih_assignment_mode": "soft",
    "ih_diversity_weight": 0.00011899496560634336,
    "info_nce_temperature": 0.5
  },
  "hparams": {
    "batch_size": 128,
    "lr": 0.00016514395844198406,
    "weight_decay": 0.0003019879319388449,
    "num_epochs": 150,
    "patience": 10,
    "gcn_pretrain_epochs": 150,
    "transformer_epochs": 150,
    "pretrain_lr": 0.002964272333464072,
    "transformer_lr": 0.00016514395844198406,
    "ema_decay": 0.9872855385221098,
    "ema_decay_init": 0.9,
    "distill_weight": 0.02844814705946163,
    "cross_distill_weight": 0.05
  },
  "device": "cuda",
  "status": "complete"
}