{
  "generated_at": "2026-06-22T07:11:39",
  "study_name": "tox21_xkd",
  "trial_number": 21,
  "model_kwargs": {
    "gnn_hidden": 192,
    "gnn_layers": 4,
    "gnn_dropout": 0.40983207061758486,
    "nhead": 8,
    "tf_layers": 2,
    "dim_ff": 576,
    "tf_dropout": 0.2515078287155303,
    "ih_rank": 16,
    "ih_symmetric": false,
    "ih_proj_dim": 256,
    "ih_num_prototypes": 16,
    "ih_assignment_mode": "soft",
    "ih_diversity_weight": 0.0002649532971338845,
    "info_nce_temperature": 0.2
  },
  "hparams": {
    "batch_size": 256,
    "lr": 0.00018142253256915754,
    "weight_decay": 5.3121977860018275e-05,
    "num_epochs": 150,
    "patience": 10,
    "gcn_pretrain_epochs": 150,
    "transformer_epochs": 150,
    "pretrain_lr": 0.0008563678222676156,
    "transformer_lr": 0.00018142253256915754,
    "ema_decay": 0.9657594714914717,
    "ema_decay_init": 0.9,
    "distill_weight": 0.006722347148991956,
    "cross_distill_weight": 0.05
  },
  "device": "cuda",
  "status": "pruned"
}