{
  "generated_at": "2026-06-21T17:22:00",
  "study_name": "bace_xkd",
  "trial_number": 36,
  "model_kwargs": {
    "gnn_hidden": 256,
    "gnn_layers": 2,
    "gnn_dropout": 0.3095375512507716,
    "nhead": 8,
    "tf_layers": 2,
    "dim_ff": 512,
    "tf_dropout": 0.2835426938465687,
    "ih_rank": 64,
    "ih_symmetric": false,
    "ih_proj_dim": 128,
    "ih_num_prototypes": 4,
    "ih_assignment_mode": "sparse",
    "ih_diversity_weight": 0.0009020569948993491,
    "info_nce_temperature": 1.0
  },
  "hparams": {
    "batch_size": 64,
    "lr": 0.0017009415406812566,
    "weight_decay": 1.0326125412684946e-05,
    "num_epochs": 150,
    "patience": 10,
    "gcn_pretrain_epochs": 150,
    "transformer_epochs": 150,
    "pretrain_lr": 0.0005686316203803092,
    "transformer_lr": 0.0017009415406812566,
    "ema_decay": 0.9731719024279475,
    "ema_decay_init": 0.95,
    "distill_weight": 0.007018931652237913,
    "cross_distill_weight": 0.1
  },
  "device": "cuda",
  "status": "pruned"
}