{
  "generated_at": "2026-06-23T13:25:33",
  "study_name": "bace_xkd",
  "trial_number": 36,
  "model_kwargs": {
    "gnn_hidden": 256,
    "gnn_layers": 3,
    "gnn_dropout": 0.49176426700233977,
    "nhead": 8,
    "tf_layers": 4,
    "dim_ff": 1024,
    "tf_dropout": 0.1941286000287361,
    "ih_rank": 16,
    "ih_symmetric": false,
    "ih_proj_dim": 0,
    "ih_num_prototypes": 8,
    "ih_assignment_mode": "sparse",
    "ih_diversity_weight": 0.00010408471298721425,
    "info_nce_temperature": 0.5
  },
  "hparams": {
    "batch_size": 64,
    "lr": 0.00016048106261169745,
    "weight_decay": 0.0003914528000954147,
    "num_epochs": 150,
    "patience": 10,
    "gcn_pretrain_epochs": 150,
    "transformer_epochs": 150,
    "pretrain_lr": 0.001265437324776879,
    "transformer_lr": 0.00016048106261169745,
    "ema_decay": 0.9649641501907187,
    "ema_decay_init": 0.98,
    "distill_weight": 0.002305406426847761,
    "cross_distill_weight": 0.02
  },
  "device": "cuda",
  "status": "pruned"
}