{
  "generated_at": "2026-06-20T14:34:04",
  "study_name": "bace_xkd",
  "trial_number": 36,
  "model_kwargs": {
    "gnn_hidden": 128,
    "gnn_layers": 2,
    "gnn_dropout": 0.37438853548274287,
    "nhead": 4,
    "tf_layers": 2,
    "dim_ff": 384,
    "tf_dropout": 0.13932160321872833,
    "ih_rank": 32,
    "ih_symmetric": false,
    "ih_proj_dim": 0,
    "ih_num_prototypes": 12,
    "ih_assignment_mode": "sparse",
    "ih_diversity_weight": 0.0005493581228609878,
    "info_nce_temperature": 0.5
  },
  "hparams": {
    "batch_size": 128,
    "lr": 0.0006470103037965262,
    "weight_decay": 4.759627587816103e-05,
    "num_epochs": 150,
    "patience": 10,
    "gcn_pretrain_epochs": 150,
    "transformer_epochs": 150,
    "pretrain_lr": 0.000291923049358373,
    "transformer_lr": 0.0006470103037965262,
    "ema_decay": 0.99236551268928,
    "ema_decay_init": 0.9,
    "distill_weight": 0.056593840994990166,
    "cross_distill_weight": 0.1
  },
  "device": "cuda",
  "status": "pruned"
}