{
  "trial_number": 8,
  "dataset_name": "bace_optuna_trial_0008",
  "model_kwargs": {
    "gnn_hidden": 192,
    "gnn_layers": 3,
    "gnn_dropout": 0.37440361715855663,
    "nhead": 4,
    "tf_layers": 3,
    "dim_ff": 768,
    "tf_dropout": 0.4433651007372047,
    "ih_rank": 64,
    "ih_symmetric": false,
    "ih_proj_dim": 128,
    "ih_num_prototypes": 12,
    "ih_assignment_mode": "sparse",
    "ih_diversity_weight": 0.0014024125070550074,
    "info_nce_temperature": 0.2
  },
  "hparams": {
    "batch_size": 256,
    "lr": 0.00026767168451269265,
    "weight_decay": 0.00023380534127606173,
    "num_epochs": 150,
    "patience": 10,
    "gcn_pretrain_epochs": 150,
    "transformer_epochs": 150,
    "pretrain_lr": 0.0001314201249760668,
    "transformer_lr": 0.00026767168451269265,
    "ema_decay": 0.9742265949304265,
    "ema_decay_init": 0.99,
    "distill_weight": 0.0032094896104078357,
    "cross_distill_weight": 0.1
  },
  "seed": 42
}