{
  "trial_number": 8,
  "dataset_name": "bace_optuna_trial_0008",
  "model_kwargs": {
    "gnn_hidden": 512,
    "gnn_layers": 3,
    "gnn_dropout": 0.4854204285347451,
    "nhead": 4,
    "tf_layers": 2,
    "dim_ff": 2048,
    "tf_dropout": 0.2284838556412631,
    "ih_rank": 64,
    "ih_symmetric": true,
    "ih_proj_dim": 0,
    "ih_num_prototypes": 6,
    "ih_assignment_mode": "hard",
    "ih_diversity_weight": 0.0001614670469622493,
    "info_nce_temperature": 0.2
  },
  "hparams": {
    "batch_size": 128,
    "lr": 0.0007737707338132808,
    "weight_decay": 0.0008664308381225458,
    "num_epochs": 150,
    "patience": 10,
    "gcn_pretrain_epochs": 150,
    "transformer_epochs": 150,
    "pretrain_lr": 0.00010722041564348758,
    "transformer_lr": 0.0007737707338132808,
    "ema_decay": 0.9899089556468579,
    "ema_decay_init": 0.98,
    "distill_weight": 0.10449353546686488,
    "cross_distill_weight": 0.05
  },
  "seed": 42
}