{
  "generated_at": "2026-06-22T13:04:00",
  "study_name": "tox21_xkd",
  "trial_number": 35,
  "model_kwargs": {
    "gnn_hidden": 192,
    "gnn_layers": 4,
    "gnn_dropout": 0.3594322104421598,
    "nhead": 8,
    "tf_layers": 3,
    "dim_ff": 576,
    "tf_dropout": 0.1907232302927278,
    "ih_rank": 32,
    "ih_symmetric": true,
    "ih_proj_dim": 256,
    "ih_num_prototypes": 4,
    "ih_assignment_mode": "sparse",
    "ih_diversity_weight": 0.000286764947600247,
    "info_nce_temperature": 1.0
  },
  "hparams": {
    "batch_size": 64,
    "lr": 0.00045784245937426207,
    "weight_decay": 0.00010226234183294207,
    "num_epochs": 150,
    "patience": 10,
    "gcn_pretrain_epochs": 150,
    "transformer_epochs": 150,
    "pretrain_lr": 0.0005661477896914702,
    "transformer_lr": 0.00045784245937426207,
    "ema_decay": 0.9719320435857765,
    "ema_decay_init": 0.99,
    "distill_weight": 0.0009000041155082599,
    "cross_distill_weight": 0.05
  },
  "device": "cuda",
  "status": "pruned"
}