{
  "trial_number": 35,
  "dataset_name": "tox21_optuna_trial_0035",
  "model_kwargs": {
    "gnn_hidden": 256,
    "gnn_layers": 4,
    "gnn_dropout": 0.5097481221769992,
    "nhead": 8,
    "tf_layers": 3,
    "dim_ff": 512,
    "tf_dropout": 0.25341873887703614,
    "ih_rank": 32,
    "ih_symmetric": false,
    "ih_proj_dim": 256,
    "ih_num_prototypes": 8,
    "ih_assignment_mode": "sparse",
    "ih_diversity_weight": 0.0007532560973428817,
    "info_nce_temperature": 1.0
  },
  "hparams": {
    "batch_size": 64,
    "lr": 0.0006872379439717365,
    "weight_decay": 1.9879662085702748e-05,
    "num_epochs": 150,
    "patience": 10,
    "gcn_pretrain_epochs": 150,
    "transformer_epochs": 150,
    "pretrain_lr": 0.000226060094768678,
    "transformer_lr": 0.0006872379439717365,
    "ema_decay": 0.978678946049175,
    "ema_decay_init": 0.98,
    "distill_weight": 0.018704249988979984,
    "cross_distill_weight": 0.05
  },
  "seed": 42
}