{
  "trial_number": 29,
  "dataset_name": "tox21_optuna_trial_0029",
  "model_kwargs": {
    "gnn_hidden": 128,
    "gnn_layers": 4,
    "gnn_dropout": 0.3791208209578286,
    "nhead": 8,
    "tf_layers": 2,
    "dim_ff": 512,
    "tf_dropout": 0.3796834772045428,
    "ih_rank": 64,
    "ih_symmetric": true,
    "ih_proj_dim": 128,
    "ih_num_prototypes": 16,
    "ih_assignment_mode": "soft",
    "ih_diversity_weight": 0.00118911822561613,
    "info_nce_temperature": 0.5
  },
  "hparams": {
    "batch_size": 64,
    "lr": 0.00013335270006253647,
    "weight_decay": 4.9326202790600354e-05,
    "num_epochs": 150,
    "patience": 10,
    "gcn_pretrain_epochs": 150,
    "transformer_epochs": 150,
    "pretrain_lr": 0.001277131330651278,
    "transformer_lr": 0.00013335270006253647,
    "ema_decay": 0.9947585151773907,
    "ema_decay_init": 0.9,
    "distill_weight": 0.00104749390098796,
    "cross_distill_weight": 0.1
  },
  "seed": 42
}