{
  "trial_number": 29,
  "dataset_name": "tox21_optuna_trial_0029",
  "model_kwargs": {
    "gnn_hidden": 384,
    "gnn_layers": 3,
    "gnn_dropout": 0.3021943948968589,
    "nhead": 4,
    "tf_layers": 2,
    "dim_ff": 768,
    "tf_dropout": 0.20961667946417362,
    "ih_rank": 32,
    "ih_symmetric": false,
    "ih_proj_dim": 256,
    "ih_num_prototypes": 8,
    "ih_assignment_mode": "sparse",
    "ih_diversity_weight": 0.0006929725294956056,
    "info_nce_temperature": 1.0
  },
  "hparams": {
    "batch_size": 64,
    "lr": 0.00019156683524758497,
    "weight_decay": 0.0001272318256033775,
    "num_epochs": 150,
    "patience": 10,
    "gcn_pretrain_epochs": 150,
    "transformer_epochs": 150,
    "pretrain_lr": 0.0023164850786845637,
    "transformer_lr": 0.00019156683524758497,
    "ema_decay": 0.9740136593297698,
    "ema_decay_init": 0.98,
    "distill_weight": 0.015191587013789044,
    "cross_distill_weight": 0.05
  },
  "seed": 42
}