{
  "generated_at": "2026-06-20T21:07:39",
  "study_name": "sider_xkd",
  "trial_number": 21,
  "model_kwargs": {
    "gnn_hidden": 384,
    "gnn_layers": 4,
    "gnn_dropout": 0.48844597973390846,
    "nhead": 4,
    "tf_layers": 3,
    "dim_ff": 768,
    "tf_dropout": 0.3180750935882545,
    "ih_rank": 32,
    "ih_symmetric": false,
    "ih_proj_dim": 0,
    "ih_num_prototypes": 12,
    "ih_assignment_mode": "soft",
    "ih_diversity_weight": 0.009287536683166678,
    "info_nce_temperature": 0.2
  },
  "hparams": {
    "batch_size": 64,
    "lr": 0.00019982842717848615,
    "weight_decay": 0.0001238173638377937,
    "num_epochs": 150,
    "patience": 10,
    "gcn_pretrain_epochs": 150,
    "transformer_epochs": 150,
    "pretrain_lr": 0.0004972197694139421,
    "transformer_lr": 0.00019982842717848615,
    "ema_decay": 0.9654498960579481,
    "ema_decay_init": 0.98,
    "distill_weight": 0.021968525413658176,
    "cross_distill_weight": 0.1
  },
  "device": "cuda",
  "status": "complete"
}