{
  "generated_at": "2026-05-31T19:48:11",
  "study_name": "xkd_on",
  "trial_number": 17,
  "model_kwargs": {
    "gnn_hidden": 384,
    "gnn_layers": 2,
    "gnn_dropout": 0.20431970340874608,
    "nhead": 8,
    "tf_layers": 3,
    "dim_ff": 768,
    "tf_dropout": 0.36904602082190247,
    "ih_rank": 64,
    "ih_symmetric": true,
    "ih_proj_dim": 128,
    "ih_num_prototypes": 4,
    "ih_assignment_mode": "sparse",
    "ih_diversity_weight": 0.03824512300093546
  },
  "hparams": {
    "batch_size": 64,
    "lr": 0.00020576133927744912,
    "weight_decay": 5.773073396127623e-05,
    "num_epochs": 60,
    "patience": 12,
    "gcn_pretrain_epochs": 40,
    "transformer_epochs": 60,
    "pretrain_lr": 0.0002099032709033316,
    "transformer_lr": 0.00020576133927744912,
    "ema_decay": 0.9890926935119986,
    "distill_weight": 0.17373483431191994,
    "cross_distill_weight": 0.05
  },
  "device": "cuda",
  "status": "complete"
}