{
  "trial_number": 18,
  "dataset_name": "sider_optuna_trial_0018",
  "model_kwargs": {
    "gnn_hidden": 384,
    "gnn_layers": 2,
    "gnn_dropout": 0.44640223254667477,
    "nhead": 8,
    "tf_layers": 1,
    "dim_ff": 1152,
    "tf_dropout": 0.1806310259852285,
    "ih_rank": 64,
    "ih_symmetric": true,
    "ih_proj_dim": 256,
    "ih_num_prototypes": 16,
    "ih_assignment_mode": "hard",
    "ih_diversity_weight": 0.0029912425193230805,
    "info_nce_temperature": 0.2
  },
  "hparams": {
    "batch_size": 128,
    "lr": 0.0013845403339404604,
    "weight_decay": 0.00035050379945518597,
    "num_epochs": 60,
    "patience": 12,
    "gcn_pretrain_epochs": 40,
    "transformer_epochs": 60,
    "pretrain_lr": 0.00013643526832271901,
    "transformer_lr": 0.0013845403339404604,
    "ema_decay": 0.967615917018779,
    "ema_decay_init": 0.98,
    "distill_weight": 0.0014964392519339106,
    "cross_distill_weight": 0.05
  },
  "seed": 42
}