{
  "generated_at": "2026-06-19T12:33:58",
  "study_name": "bbbp_xkd",
  "trial_number": 14,
  "model_kwargs": {
    "gnn_hidden": 384,
    "gnn_layers": 3,
    "gnn_dropout": 0.4322414426269903,
    "nhead": 4,
    "tf_layers": 1,
    "dim_ff": 1152,
    "tf_dropout": 0.20484056250567237,
    "ih_rank": 64,
    "ih_symmetric": true,
    "ih_proj_dim": 0,
    "ih_num_prototypes": 6,
    "ih_assignment_mode": "soft",
    "ih_diversity_weight": 0.08395692129038193,
    "info_nce_temperature": 0.2
  },
  "hparams": {
    "batch_size": 64,
    "lr": 0.0003614388556062166,
    "weight_decay": 3.508843478699925e-05,
    "num_epochs": 60,
    "patience": 12,
    "gcn_pretrain_epochs": 40,
    "transformer_epochs": 60,
    "pretrain_lr": 0.0002671924775700454,
    "transformer_lr": 0.0003614388556062166,
    "ema_decay": 0.964678996693025,
    "ema_decay_init": 0.98,
    "distill_weight": 0.004935851467105998,
    "cross_distill_weight": 0.05
  },
  "device": "cuda",
  "status": "pruned"
}