{
  "generated_at": "2026-06-21T17:16:42",
  "study_name": "bace_xkd",
  "trial_number": 35,
  "model_kwargs": {
    "gnn_hidden": 128,
    "gnn_layers": 3,
    "gnn_dropout": 0.3251574198062765,
    "nhead": 8,
    "tf_layers": 1,
    "dim_ff": 512,
    "tf_dropout": 0.16685783322583225,
    "ih_rank": 16,
    "ih_symmetric": true,
    "ih_proj_dim": 128,
    "ih_num_prototypes": 8,
    "ih_assignment_mode": "sparse",
    "ih_diversity_weight": 0.001043031651429878,
    "info_nce_temperature": 1.0
  },
  "hparams": {
    "batch_size": 64,
    "lr": 0.0007138486830275212,
    "weight_decay": 2.0467451968442977e-05,
    "num_epochs": 150,
    "patience": 10,
    "gcn_pretrain_epochs": 150,
    "transformer_epochs": 150,
    "pretrain_lr": 0.0002023981058813941,
    "transformer_lr": 0.0007138486830275212,
    "ema_decay": 0.9918603249858534,
    "ema_decay_init": 0.99,
    "distill_weight": 0.03732252788173776,
    "cross_distill_weight": 0.02
  },
  "device": "cuda",
  "status": "pruned"
}