{
  "generated_at": "2026-06-23T13:21:53",
  "study_name": "bace_xkd",
  "trial_number": 35,
  "model_kwargs": {
    "gnn_hidden": 384,
    "gnn_layers": 4,
    "gnn_dropout": 0.273842998192966,
    "nhead": 4,
    "tf_layers": 4,
    "dim_ff": 768,
    "tf_dropout": 0.25698835301215506,
    "ih_rank": 64,
    "ih_symmetric": true,
    "ih_proj_dim": 0,
    "ih_num_prototypes": 6,
    "ih_assignment_mode": "sparse",
    "ih_diversity_weight": 0.031370104180970526,
    "info_nce_temperature": 0.2
  },
  "hparams": {
    "batch_size": 128,
    "lr": 0.00010852760354721692,
    "weight_decay": 0.0011696900639181019,
    "num_epochs": 150,
    "patience": 10,
    "gcn_pretrain_epochs": 150,
    "transformer_epochs": 150,
    "pretrain_lr": 0.00019588607195292427,
    "transformer_lr": 0.00010852760354721692,
    "ema_decay": 0.9674600585271296,
    "ema_decay_init": 0.9,
    "distill_weight": 0.011287204947096471,
    "cross_distill_weight": 0.1
  },
  "device": "cuda",
  "status": "pruned"
}