{
  "trial_number": 35,
  "dataset_name": "bace_optuna_trial_0035",
  "model_kwargs": {
    "gnn_hidden": 256,
    "gnn_layers": 2,
    "gnn_dropout": 0.3796701547446107,
    "nhead": 4,
    "tf_layers": 1,
    "dim_ff": 768,
    "tf_dropout": 0.12561108620355577,
    "ih_rank": 64,
    "ih_symmetric": false,
    "ih_proj_dim": 0,
    "ih_num_prototypes": 8,
    "ih_assignment_mode": "hard",
    "ih_diversity_weight": 0.0001374755249314046,
    "info_nce_temperature": 0.5
  },
  "hparams": {
    "batch_size": 64,
    "lr": 0.0013208172002563503,
    "weight_decay": 6.398709316591064e-05,
    "num_epochs": 150,
    "patience": 10,
    "gcn_pretrain_epochs": 150,
    "transformer_epochs": 150,
    "pretrain_lr": 0.00015404511477515098,
    "transformer_lr": 0.0013208172002563503,
    "ema_decay": 0.9920033976251261,
    "ema_decay_init": 0.9,
    "distill_weight": 0.17406528433236035,
    "cross_distill_weight": 0.05
  },
  "seed": 42
}