{
  "trial_number": 3,
  "dataset_name": "tox21_optuna_trial_0003",
  "model_kwargs": {
    "gnn_hidden": 192,
    "gnn_layers": 2,
    "gnn_dropout": 0.22539090890647517,
    "nhead": 4,
    "tf_layers": 1,
    "dim_ff": 576,
    "tf_dropout": 0.24578110411102522,
    "ih_rank": 16,
    "ih_symmetric": true,
    "ih_proj_dim": 0,
    "ih_num_prototypes": 8,
    "ih_assignment_mode": "sparse",
    "ih_diversity_weight": 0.010781845035122271,
    "info_nce_temperature": 0.2
  },
  "hparams": {
    "batch_size": 128,
    "lr": 0.00039643430816069464,
    "weight_decay": 2.211697324503763e-05,
    "num_epochs": 60,
    "patience": 12,
    "gcn_pretrain_epochs": 40,
    "transformer_epochs": 60,
    "pretrain_lr": 0.0020911913076641546,
    "transformer_lr": 0.00039643430816069464,
    "ema_decay": 0.9567385262631536,
    "ema_decay_init": 0.98,
    "distill_weight": 0.0039222152370481465,
    "cross_distill_weight": 0.05
  },
  "seed": 42
}