{
  "trial_number": 4,
  "dataset_name": "tox21_optuna_trial_0004",
  "model_kwargs": {
    "gnn_hidden": 384,
    "gnn_layers": 3,
    "gnn_dropout": 0.4266800554916078,
    "nhead": 4,
    "tf_layers": 3,
    "dim_ff": 768,
    "tf_dropout": 0.3068126584617151,
    "ih_rank": 64,
    "ih_symmetric": true,
    "ih_proj_dim": 128,
    "ih_num_prototypes": 6,
    "ih_assignment_mode": "hard",
    "ih_diversity_weight": 0.01735698209081424,
    "info_nce_temperature": 0.2
  },
  "hparams": {
    "batch_size": 128,
    "lr": 0.00025572272317594177,
    "weight_decay": 8.358739477050628e-06,
    "num_epochs": 60,
    "patience": 12,
    "gcn_pretrain_epochs": 40,
    "transformer_epochs": 60,
    "pretrain_lr": 4.021535729341343e-05,
    "transformer_lr": 0.00025572272317594177,
    "ema_decay": 0.9976775171828698,
    "ema_decay_init": 0.95,
    "distill_weight": 0.014341118625275708,
    "cross_distill_weight": 0.02
  },
  "seed": 42
}