{
  "generated_at": "2026-06-20T17:28:29",
  "study_name": "clintox_xkd",
  "trial_number": 26,
  "model_kwargs": {
    "gnn_hidden": 384,
    "gnn_layers": 4,
    "gnn_dropout": 0.4007099465538179,
    "nhead": 4,
    "tf_layers": 2,
    "dim_ff": 768,
    "tf_dropout": 0.42828828103394706,
    "ih_rank": 64,
    "ih_symmetric": true,
    "ih_proj_dim": 0,
    "ih_num_prototypes": 8,
    "ih_assignment_mode": "hard",
    "ih_diversity_weight": 0.07600158415393035,
    "info_nce_temperature": 0.2
  },
  "hparams": {
    "batch_size": 64,
    "lr": 0.00033354765773013393,
    "weight_decay": 0.00023474574331444712,
    "num_epochs": 150,
    "patience": 10,
    "gcn_pretrain_epochs": 150,
    "transformer_epochs": 150,
    "pretrain_lr": 0.0012013265687035755,
    "transformer_lr": 0.00033354765773013393,
    "ema_decay": 0.9731984904774225,
    "ema_decay_init": 0.95,
    "distill_weight": 0.038975189426949254,
    "cross_distill_weight": 0.02
  },
  "device": "cuda",
  "status": "pruned"
}