{
  "trial_number": 26,
  "dataset_name": "clintox_optuna_trial_0026",
  "model_kwargs": {
    "gnn_hidden": 192,
    "gnn_layers": 3,
    "gnn_dropout": 0.424469879505948,
    "nhead": 8,
    "tf_layers": 1,
    "dim_ff": 384,
    "tf_dropout": 0.38369952322760853,
    "ih_rank": 64,
    "ih_symmetric": false,
    "ih_proj_dim": 0,
    "ih_num_prototypes": 4,
    "ih_assignment_mode": "soft",
    "ih_diversity_weight": 0.0005221037716884519,
    "info_nce_temperature": 1.0
  },
  "hparams": {
    "batch_size": 64,
    "lr": 0.0008729533146700659,
    "weight_decay": 2.006774717455955e-05,
    "num_epochs": 150,
    "patience": 10,
    "gcn_pretrain_epochs": 150,
    "transformer_epochs": 150,
    "pretrain_lr": 0.0006858619188043282,
    "transformer_lr": 0.0008729533146700659,
    "ema_decay": 0.9910583394587774,
    "ema_decay_init": 0.99,
    "distill_weight": 0.0022107279656180248,
    "cross_distill_weight": 0.02
  },
  "seed": 42
}