{
  "generated_at": "2026-06-22T06:03:48",
  "study_name": "tox21_xkd",
  "trial_number": 18,
  "model_kwargs": {
    "gnn_hidden": 192,
    "gnn_layers": 4,
    "gnn_dropout": 0.477495949084081,
    "nhead": 8,
    "tf_layers": 2,
    "dim_ff": 576,
    "tf_dropout": 0.2495093519200688,
    "ih_rank": 16,
    "ih_symmetric": false,
    "ih_proj_dim": 256,
    "ih_num_prototypes": 16,
    "ih_assignment_mode": "soft",
    "ih_diversity_weight": 0.0003014015282208964,
    "info_nce_temperature": 0.5
  },
  "hparams": {
    "batch_size": 64,
    "lr": 0.0001890283665262848,
    "weight_decay": 0.00019156311664185878,
    "num_epochs": 150,
    "patience": 10,
    "gcn_pretrain_epochs": 150,
    "transformer_epochs": 150,
    "pretrain_lr": 0.0016187212269066359,
    "transformer_lr": 0.0001890283665262848,
    "ema_decay": 0.9667284706775221,
    "ema_decay_init": 0.99,
    "distill_weight": 0.003957528854992824,
    "cross_distill_weight": 0.05
  },
  "device": "cuda",
  "status": "complete"
}