{
  "trial_number": 18,
  "dataset_name": "tox21_optuna_trial_0018",
  "model_kwargs": {
    "gnn_hidden": 256,
    "gnn_layers": 3,
    "gnn_dropout": 0.10413432875816048,
    "nhead": 8,
    "tf_layers": 2,
    "dim_ff": 768,
    "tf_dropout": 0.22277619333357238,
    "ih_rank": 32,
    "ih_symmetric": false,
    "ih_proj_dim": 256,
    "ih_num_prototypes": 12,
    "ih_assignment_mode": "sparse",
    "ih_diversity_weight": 0.0004010133947505553,
    "info_nce_temperature": 0.5
  },
  "hparams": {
    "batch_size": 128,
    "lr": 0.001200377935285117,
    "weight_decay": 0.0008336688521420494,
    "num_epochs": 150,
    "patience": 10,
    "gcn_pretrain_epochs": 150,
    "transformer_epochs": 150,
    "pretrain_lr": 0.0017117331404871707,
    "transformer_lr": 0.001200377935285117,
    "ema_decay": 0.9916874747470553,
    "ema_decay_init": 0.9,
    "distill_weight": 0.022812660593064714,
    "cross_distill_weight": 0.05
  },
  "seed": 42
}