{
  "generated_at": "2026-06-24T01:31:06",
  "study_name": "tox21_xkd",
  "trial_number": 25,
  "model_kwargs": {
    "gnn_hidden": 192,
    "gnn_layers": 3,
    "gnn_dropout": 0.37460640326524136,
    "nhead": 8,
    "tf_layers": 2,
    "dim_ff": 384,
    "tf_dropout": 0.254207879822494,
    "ih_rank": 32,
    "ih_symmetric": false,
    "ih_proj_dim": 256,
    "ih_num_prototypes": 16,
    "ih_assignment_mode": "sparse",
    "ih_diversity_weight": 0.0045205706442812375,
    "info_nce_temperature": 1.0
  },
  "hparams": {
    "batch_size": 64,
    "lr": 0.0003461658519136955,
    "weight_decay": 5.27064021876986e-05,
    "num_epochs": 150,
    "patience": 10,
    "gcn_pretrain_epochs": 150,
    "transformer_epochs": 150,
    "pretrain_lr": 0.0018122163176337233,
    "transformer_lr": 0.0003461658519136955,
    "ema_decay": 0.9858829731523991,
    "ema_decay_init": 0.95,
    "distill_weight": 0.01987660418920638,
    "cross_distill_weight": 0.1
  },
  "device": "cuda",
  "status": "complete"
}