{
  "generated_at": "2026-06-22T08:37:20",
  "study_name": "tox21_xkd",
  "trial_number": 25,
  "model_kwargs": {
    "gnn_hidden": 128,
    "gnn_layers": 4,
    "gnn_dropout": 0.3863869371990426,
    "nhead": 8,
    "tf_layers": 2,
    "dim_ff": 256,
    "tf_dropout": 0.43009179280933907,
    "ih_rank": 32,
    "ih_symmetric": false,
    "ih_proj_dim": 128,
    "ih_num_prototypes": 16,
    "ih_assignment_mode": "soft",
    "ih_diversity_weight": 0.0012552076735413904,
    "info_nce_temperature": 1.0
  },
  "hparams": {
    "batch_size": 64,
    "lr": 0.00033231565781462224,
    "weight_decay": 0.0001938542569986535,
    "num_epochs": 150,
    "patience": 10,
    "gcn_pretrain_epochs": 150,
    "transformer_epochs": 150,
    "pretrain_lr": 0.001683243103673137,
    "transformer_lr": 0.00033231565781462224,
    "ema_decay": 0.9870406726452705,
    "ema_decay_init": 0.95,
    "distill_weight": 0.005416110806596641,
    "cross_distill_weight": 0.05
  },
  "device": "cuda",
  "status": "complete"
}