{
  "generated_at": "2026-06-21T00:36:42",
  "study_name": "tox21_xkd",
  "trial_number": 25,
  "model_kwargs": {
    "gnn_hidden": 128,
    "gnn_layers": 4,
    "gnn_dropout": 0.3375423377160173,
    "nhead": 4,
    "tf_layers": 2,
    "dim_ff": 384,
    "tf_dropout": 0.4278819587523169,
    "ih_rank": 32,
    "ih_symmetric": false,
    "ih_proj_dim": 256,
    "ih_num_prototypes": 6,
    "ih_assignment_mode": "hard",
    "ih_diversity_weight": 0.00702429762253001,
    "info_nce_temperature": 0.1
  },
  "hparams": {
    "batch_size": 128,
    "lr": 0.00019393003220229677,
    "weight_decay": 0.00016940045549656275,
    "num_epochs": 150,
    "patience": 10,
    "gcn_pretrain_epochs": 150,
    "transformer_epochs": 150,
    "pretrain_lr": 0.001779627112564456,
    "transformer_lr": 0.00019393003220229677,
    "ema_decay": 0.9876505739692837,
    "ema_decay_init": 0.99,
    "distill_weight": 0.0020065714524147306,
    "cross_distill_weight": 0.02
  },
  "device": "cuda",
  "status": "complete"
}