{
  "generated_at": "2026-06-20T11:28:28",
  "study_name": "bbbp_xkd",
  "trial_number": 23,
  "model_kwargs": {
    "gnn_hidden": 128,
    "gnn_layers": 4,
    "gnn_dropout": 0.26160237531595526,
    "nhead": 8,
    "tf_layers": 1,
    "dim_ff": 384,
    "tf_dropout": 0.2930428868693118,
    "ih_rank": 16,
    "ih_symmetric": true,
    "ih_proj_dim": 0,
    "ih_num_prototypes": 16,
    "ih_assignment_mode": "hard",
    "ih_diversity_weight": 0.00515022268526342,
    "info_nce_temperature": 0.5
  },
  "hparams": {
    "batch_size": 128,
    "lr": 0.0007474155526324408,
    "weight_decay": 0.0002156468500021903,
    "num_epochs": 150,
    "patience": 10,
    "gcn_pretrain_epochs": 150,
    "transformer_epochs": 150,
    "pretrain_lr": 0.00013480848800292395,
    "transformer_lr": 0.0007474155526324408,
    "ema_decay": 0.9583757778861862,
    "ema_decay_init": 0.95,
    "distill_weight": 0.03409850387623659,
    "cross_distill_weight": 0.1
  },
  "device": "cuda",
  "status": "complete"
}