{
  "generated_at": "2026-06-23T13:49:06",
  "study_name": "bace_xkd",
  "trial_number": 41,
  "model_kwargs": {
    "gnn_hidden": 512,
    "gnn_layers": 4,
    "gnn_dropout": 0.11994243328593492,
    "nhead": 8,
    "tf_layers": 4,
    "dim_ff": 1024,
    "tf_dropout": 0.28272279896609065,
    "ih_rank": 16,
    "ih_symmetric": true,
    "ih_proj_dim": 128,
    "ih_num_prototypes": 6,
    "ih_assignment_mode": "sparse",
    "ih_diversity_weight": 0.00935922897927514,
    "info_nce_temperature": 1.0
  },
  "hparams": {
    "batch_size": 128,
    "lr": 0.0002799071279942441,
    "weight_decay": 2.646296101132775e-06,
    "num_epochs": 150,
    "patience": 10,
    "gcn_pretrain_epochs": 150,
    "transformer_epochs": 150,
    "pretrain_lr": 0.00012365970926858226,
    "transformer_lr": 0.0002799071279942441,
    "ema_decay": 0.9561760669807543,
    "ema_decay_init": 0.9,
    "distill_weight": 0.028412873840342,
    "cross_distill_weight": 0.05
  },
  "device": "cuda",
  "status": "pruned"
}