{
  "trial_number": 41,
  "dataset_name": "bace_optuna_trial_0041",
  "model_kwargs": {
    "gnn_hidden": 192,
    "gnn_layers": 3,
    "gnn_dropout": 0.3079882452916342,
    "nhead": 8,
    "tf_layers": 1,
    "dim_ff": 384,
    "tf_dropout": 0.22334286142446785,
    "ih_rank": 16,
    "ih_symmetric": false,
    "ih_proj_dim": 128,
    "ih_num_prototypes": 16,
    "ih_assignment_mode": "soft",
    "ih_diversity_weight": 0.0007246413181819365,
    "info_nce_temperature": 0.5
  },
  "hparams": {
    "batch_size": 64,
    "lr": 0.0013584001088903783,
    "weight_decay": 4.543758176980116e-05,
    "num_epochs": 150,
    "patience": 10,
    "gcn_pretrain_epochs": 150,
    "transformer_epochs": 150,
    "pretrain_lr": 0.0001752034167481415,
    "transformer_lr": 0.0013584001088903783,
    "ema_decay": 0.9867843860136262,
    "ema_decay_init": 0.99,
    "distill_weight": 0.03615048026343297,
    "cross_distill_weight": 0.02
  },
  "seed": 42
}