{
  "generated_at": "2026-06-21T16:46:48",
  "study_name": "bace_xkd",
  "trial_number": 29,
  "model_kwargs": {
    "gnn_hidden": 192,
    "gnn_layers": 3,
    "gnn_dropout": 0.34589791978098405,
    "nhead": 8,
    "tf_layers": 1,
    "dim_ff": 384,
    "tf_dropout": 0.20870770608078773,
    "ih_rank": 32,
    "ih_symmetric": false,
    "ih_proj_dim": 128,
    "ih_num_prototypes": 4,
    "ih_assignment_mode": "soft",
    "ih_diversity_weight": 0.0007949526604112551,
    "info_nce_temperature": 0.5
  },
  "hparams": {
    "batch_size": 64,
    "lr": 0.0018540971074672643,
    "weight_decay": 3.108925470988626e-05,
    "num_epochs": 150,
    "patience": 10,
    "gcn_pretrain_epochs": 150,
    "transformer_epochs": 150,
    "pretrain_lr": 0.00044375692080899157,
    "transformer_lr": 0.0018540971074672643,
    "ema_decay": 0.9960798701372139,
    "ema_decay_init": 0.99,
    "distill_weight": 0.05182796539425577,
    "cross_distill_weight": 0.02
  },
  "device": "cuda",
  "status": "complete"
}