{
  "generated_at": "2026-06-23T12:56:21",
  "study_name": "bace_xkd",
  "trial_number": 29,
  "model_kwargs": {
    "gnn_hidden": 384,
    "gnn_layers": 2,
    "gnn_dropout": 0.4637802352921394,
    "nhead": 8,
    "tf_layers": 4,
    "dim_ff": 1152,
    "tf_dropout": 0.2728671026723566,
    "ih_rank": 16,
    "ih_symmetric": false,
    "ih_proj_dim": 0,
    "ih_num_prototypes": 4,
    "ih_assignment_mode": "sparse",
    "ih_diversity_weight": 0.00020350062236087796,
    "info_nce_temperature": 0.2
  },
  "hparams": {
    "batch_size": 64,
    "lr": 0.00013291447212706374,
    "weight_decay": 0.0020715347313321614,
    "num_epochs": 150,
    "patience": 10,
    "gcn_pretrain_epochs": 150,
    "transformer_epochs": 150,
    "pretrain_lr": 0.000302314094553663,
    "transformer_lr": 0.00013291447212706374,
    "ema_decay": 0.9698926245554752,
    "ema_decay_init": 0.99,
    "distill_weight": 0.0313332877328584,
    "cross_distill_weight": 0.1
  },
  "device": "cuda",
  "status": "pruned"
}