{
  "generated_at": "2026-06-23T13:06:59",
  "study_name": "bace_xkd",
  "trial_number": 31,
  "model_kwargs": {
    "gnn_hidden": 512,
    "gnn_layers": 4,
    "gnn_dropout": 0.11008336934337723,
    "nhead": 4,
    "tf_layers": 3,
    "dim_ff": 1536,
    "tf_dropout": 0.28499607159320783,
    "ih_rank": 16,
    "ih_symmetric": true,
    "ih_proj_dim": 0,
    "ih_num_prototypes": 6,
    "ih_assignment_mode": "sparse",
    "ih_diversity_weight": 0.04337764965135988,
    "info_nce_temperature": 0.2
  },
  "hparams": {
    "batch_size": 128,
    "lr": 0.00011938957190413916,
    "weight_decay": 6.946435167528396e-05,
    "num_epochs": 150,
    "patience": 10,
    "gcn_pretrain_epochs": 150,
    "transformer_epochs": 150,
    "pretrain_lr": 0.00014050583299463467,
    "transformer_lr": 0.00011938957190413916,
    "ema_decay": 0.9579110786686407,
    "ema_decay_init": 0.9,
    "distill_weight": 0.06001536294918328,
    "cross_distill_weight": 0.1
  },
  "device": "cuda",
  "status": "pruned"
}