{
  "generated_at": "2026-06-21T16:57:53",
  "study_name": "bace_xkd",
  "trial_number": 31,
  "model_kwargs": {
    "gnn_hidden": 256,
    "gnn_layers": 2,
    "gnn_dropout": 0.3073248973151739,
    "nhead": 8,
    "tf_layers": 1,
    "dim_ff": 512,
    "tf_dropout": 0.29548380838721555,
    "ih_rank": 32,
    "ih_symmetric": false,
    "ih_proj_dim": 128,
    "ih_num_prototypes": 4,
    "ih_assignment_mode": "soft",
    "ih_diversity_weight": 0.0010079386977284604,
    "info_nce_temperature": 1.0
  },
  "hparams": {
    "batch_size": 256,
    "lr": 0.001531480612829814,
    "weight_decay": 9.083548368652547e-06,
    "num_epochs": 150,
    "patience": 10,
    "gcn_pretrain_epochs": 150,
    "transformer_epochs": 150,
    "pretrain_lr": 0.0001915912925062329,
    "transformer_lr": 0.001531480612829814,
    "ema_decay": 0.9962920478564004,
    "ema_decay_init": 0.99,
    "distill_weight": 0.01479427608250559,
    "cross_distill_weight": 0.1
  },
  "device": "cuda",
  "status": "pruned"
}