{
  "generated_at": "2026-06-21T16:13:22",
  "study_name": "bace_xkd",
  "trial_number": 23,
  "model_kwargs": {
    "gnn_hidden": 256,
    "gnn_layers": 3,
    "gnn_dropout": 0.32815615610982246,
    "nhead": 8,
    "tf_layers": 1,
    "dim_ff": 1024,
    "tf_dropout": 0.14290759157023453,
    "ih_rank": 16,
    "ih_symmetric": false,
    "ih_proj_dim": 128,
    "ih_num_prototypes": 4,
    "ih_assignment_mode": "soft",
    "ih_diversity_weight": 0.0013448954003268153,
    "info_nce_temperature": 1.0
  },
  "hparams": {
    "batch_size": 64,
    "lr": 0.001184976743500712,
    "weight_decay": 3.9734326366512154e-05,
    "num_epochs": 150,
    "patience": 10,
    "gcn_pretrain_epochs": 150,
    "transformer_epochs": 150,
    "pretrain_lr": 0.00017936657220685598,
    "transformer_lr": 0.001184976743500712,
    "ema_decay": 0.9955034120490939,
    "ema_decay_init": 0.99,
    "distill_weight": 0.00416925730669047,
    "cross_distill_weight": 0.02
  },
  "device": "cuda",
  "status": "complete"
}