{
  "generated_at": "2026-06-20T14:37:49",
  "study_name": "bace_xkd",
  "trial_number": 37,
  "model_kwargs": {
    "gnn_hidden": 128,
    "gnn_layers": 2,
    "gnn_dropout": 0.3515283647740765,
    "nhead": 8,
    "tf_layers": 2,
    "dim_ff": 256,
    "tf_dropout": 0.206773963214205,
    "ih_rank": 32,
    "ih_symmetric": false,
    "ih_proj_dim": 256,
    "ih_num_prototypes": 8,
    "ih_assignment_mode": "sparse",
    "ih_diversity_weight": 0.00040705107612706376,
    "info_nce_temperature": 0.5
  },
  "hparams": {
    "batch_size": 128,
    "lr": 0.0014850070629066209,
    "weight_decay": 1.805370617079539e-05,
    "num_epochs": 150,
    "patience": 10,
    "gcn_pretrain_epochs": 150,
    "transformer_epochs": 150,
    "pretrain_lr": 0.0004442270126025587,
    "transformer_lr": 0.0014850070629066209,
    "ema_decay": 0.9866297654640364,
    "ema_decay_init": 0.99,
    "distill_weight": 0.058572832276061366,
    "cross_distill_weight": 0.05
  },
  "device": "cuda",
  "status": "complete"
}