{
  "trial_number": 37,
  "dataset_name": "bace_optuna_trial_0037",
  "model_kwargs": {
    "gnn_hidden": 256,
    "gnn_layers": 3,
    "gnn_dropout": 0.3391069841626449,
    "nhead": 8,
    "tf_layers": 1,
    "dim_ff": 1024,
    "tf_dropout": 0.11701028266584154,
    "ih_rank": 32,
    "ih_symmetric": false,
    "ih_proj_dim": 128,
    "ih_num_prototypes": 12,
    "ih_assignment_mode": "hard",
    "ih_diversity_weight": 0.0011030558699314293,
    "info_nce_temperature": 0.5
  },
  "hparams": {
    "batch_size": 64,
    "lr": 0.000949526002103704,
    "weight_decay": 2.80079863681369e-05,
    "num_epochs": 150,
    "patience": 10,
    "gcn_pretrain_epochs": 150,
    "transformer_epochs": 150,
    "pretrain_lr": 0.00013198085225188277,
    "transformer_lr": 0.000949526002103704,
    "ema_decay": 0.9937185729515233,
    "ema_decay_init": 0.99,
    "distill_weight": 0.0174211123550989,
    "cross_distill_weight": 0.02
  },
  "seed": 42
}