{
  "trial_number": 37,
  "dataset_name": "bace_optuna_trial_0037",
  "model_kwargs": {
    "gnn_hidden": 384,
    "gnn_layers": 2,
    "gnn_dropout": 0.485044265296983,
    "nhead": 8,
    "tf_layers": 4,
    "dim_ff": 1536,
    "tf_dropout": 0.2305787999516298,
    "ih_rank": 64,
    "ih_symmetric": false,
    "ih_proj_dim": 0,
    "ih_num_prototypes": 4,
    "ih_assignment_mode": "sparse",
    "ih_diversity_weight": 0.001154486068042305,
    "info_nce_temperature": 0.2
  },
  "hparams": {
    "batch_size": 64,
    "lr": 0.00013060312523188633,
    "weight_decay": 0.0004170678043368991,
    "num_epochs": 150,
    "patience": 10,
    "gcn_pretrain_epochs": 150,
    "transformer_epochs": 150,
    "pretrain_lr": 0.0010079509690754263,
    "transformer_lr": 0.00013060312523188633,
    "ema_decay": 0.9581074892178535,
    "ema_decay_init": 0.95,
    "distill_weight": 0.0041932690605657194,
    "cross_distill_weight": 0.02
  },
  "seed": 42
}