{
  "generated_at": "2026-06-19T18:12:55",
  "study_name": "sider_xkd",
  "trial_number": 4,
  "model_kwargs": {
    "gnn_hidden": 384,
    "gnn_layers": 3,
    "gnn_dropout": 0.4540844876045838,
    "nhead": 4,
    "tf_layers": 3,
    "dim_ff": 768,
    "tf_dropout": 0.35681265846171517,
    "ih_rank": 64,
    "ih_symmetric": true,
    "ih_proj_dim": 128,
    "ih_num_prototypes": 8,
    "ih_assignment_mode": "hard",
    "ih_diversity_weight": 0.01735698209081424,
    "info_nce_temperature": 0.2
  },
  "hparams": {
    "batch_size": 128,
    "lr": 0.000548765170924317,
    "weight_decay": 6.246073681318086e-05,
    "num_epochs": 60,
    "patience": 12,
    "gcn_pretrain_epochs": 40,
    "transformer_epochs": 60,
    "pretrain_lr": 0.000207700644741196,
    "transformer_lr": 0.000548765170924317,
    "ema_decay": 0.9976775171828698,
    "ema_decay_init": 0.95,
    "distill_weight": 0.014341118625275708,
    "cross_distill_weight": 0.02
  },
  "device": "cuda",
  "status": "complete"
}