{
  "generated_at": "2026-06-21T16:24:45",
  "study_name": "bace_xkd",
  "trial_number": 25,
  "model_kwargs": {
    "gnn_hidden": 256,
    "gnn_layers": 2,
    "gnn_dropout": 0.3191802368254026,
    "nhead": 8,
    "tf_layers": 2,
    "dim_ff": 512,
    "tf_dropout": 0.28576451820285764,
    "ih_rank": 32,
    "ih_symmetric": false,
    "ih_proj_dim": 128,
    "ih_num_prototypes": 4,
    "ih_assignment_mode": "sparse",
    "ih_diversity_weight": 0.0011141047121824507,
    "info_nce_temperature": 1.0
  },
  "hparams": {
    "batch_size": 64,
    "lr": 0.001529842210695021,
    "weight_decay": 1.0853882647635217e-05,
    "num_epochs": 150,
    "patience": 10,
    "gcn_pretrain_epochs": 150,
    "transformer_epochs": 150,
    "pretrain_lr": 0.0005425045891528518,
    "transformer_lr": 0.001529842210695021,
    "ema_decay": 0.9814870738959296,
    "ema_decay_init": 0.99,
    "distill_weight": 0.006118167155578697,
    "cross_distill_weight": 0.1
  },
  "device": "cuda",
  "status": "complete"
}