{
  "trial_number": 25,
  "dataset_name": "bace_optuna_trial_0025",
  "model_kwargs": {
    "gnn_hidden": 256,
    "gnn_layers": 2,
    "gnn_dropout": 0.49602783368978204,
    "nhead": 8,
    "tf_layers": 4,
    "dim_ff": 1024,
    "tf_dropout": 0.1683276263472867,
    "ih_rank": 16,
    "ih_symmetric": false,
    "ih_proj_dim": 0,
    "ih_num_prototypes": 8,
    "ih_assignment_mode": "hard",
    "ih_diversity_weight": 0.0009060783948627774,
    "info_nce_temperature": 0.2
  },
  "hparams": {
    "batch_size": 64,
    "lr": 0.00015171127603183504,
    "weight_decay": 0.002813405762997677,
    "num_epochs": 150,
    "patience": 10,
    "gcn_pretrain_epochs": 150,
    "transformer_epochs": 150,
    "pretrain_lr": 0.001235335613340673,
    "transformer_lr": 0.00015171127603183504,
    "ema_decay": 0.9618113798322874,
    "ema_decay_init": 0.9,
    "distill_weight": 0.004878345287147521,
    "cross_distill_weight": 0.1
  },
  "seed": 42
}