{
  "trial_number": 37,
  "dataset_name": "sider_optuna_trial_0037",
  "model_kwargs": {
    "gnn_hidden": 256,
    "gnn_layers": 3,
    "gnn_dropout": 0.4755516586677636,
    "nhead": 4,
    "tf_layers": 2,
    "dim_ff": 512,
    "tf_dropout": 0.31859246739176217,
    "ih_rank": 16,
    "ih_symmetric": false,
    "ih_proj_dim": 0,
    "ih_num_prototypes": 12,
    "ih_assignment_mode": "sparse",
    "ih_diversity_weight": 0.005100295089812371,
    "info_nce_temperature": 0.2
  },
  "hparams": {
    "batch_size": 64,
    "lr": 0.0001274626181818627,
    "weight_decay": 0.0006025218987283645,
    "num_epochs": 150,
    "patience": 10,
    "gcn_pretrain_epochs": 150,
    "transformer_epochs": 150,
    "pretrain_lr": 0.00018505671146184545,
    "transformer_lr": 0.0001274626181818627,
    "ema_decay": 0.9790658409739275,
    "ema_decay_init": 0.98,
    "distill_weight": 0.028805423282082902,
    "cross_distill_weight": 0.1
  },
  "seed": 42
}