{
  "generated_at": "2026-06-24T02:26:03",
  "study_name": "tox21_xkd",
  "trial_number": 27,
  "model_kwargs": {
    "gnn_hidden": 256,
    "gnn_layers": 4,
    "gnn_dropout": 0.508640073829712,
    "nhead": 8,
    "tf_layers": 2,
    "dim_ff": 1024,
    "tf_dropout": 0.20935005875850743,
    "ih_rank": 32,
    "ih_symmetric": false,
    "ih_proj_dim": 256,
    "ih_num_prototypes": 8,
    "ih_assignment_mode": "sparse",
    "ih_diversity_weight": 0.017925134397988856,
    "info_nce_temperature": 1.0
  },
  "hparams": {
    "batch_size": 128,
    "lr": 0.0008119462379960379,
    "weight_decay": 0.0004403217163593186,
    "num_epochs": 150,
    "patience": 10,
    "gcn_pretrain_epochs": 150,
    "transformer_epochs": 150,
    "pretrain_lr": 0.0004432588278505577,
    "transformer_lr": 0.0008119462379960379,
    "ema_decay": 0.9795842300547719,
    "ema_decay_init": 0.98,
    "distill_weight": 0.007022339443670936,
    "cross_distill_weight": 0.05
  },
  "device": "cuda",
  "status": "complete"
}