{
  "generated_at": "2026-06-22T09:34:43",
  "study_name": "tox21_xkd",
  "trial_number": 27,
  "model_kwargs": {
    "gnn_hidden": 128,
    "gnn_layers": 4,
    "gnn_dropout": 0.43390381383608106,
    "nhead": 8,
    "tf_layers": 3,
    "dim_ff": 384,
    "tf_dropout": 0.33658987067268276,
    "ih_rank": 64,
    "ih_symmetric": true,
    "ih_proj_dim": 0,
    "ih_num_prototypes": 16,
    "ih_assignment_mode": "soft",
    "ih_diversity_weight": 0.0017989889588442903,
    "info_nce_temperature": 0.2
  },
  "hparams": {
    "batch_size": 64,
    "lr": 0.00024456936840739675,
    "weight_decay": 0.0009910214887758016,
    "num_epochs": 150,
    "patience": 10,
    "gcn_pretrain_epochs": 150,
    "transformer_epochs": 150,
    "pretrain_lr": 0.0016479350564965903,
    "transformer_lr": 0.00024456936840739675,
    "ema_decay": 0.9771902657806664,
    "ema_decay_init": 0.99,
    "distill_weight": 0.007330021026548941,
    "cross_distill_weight": 0.05
  },
  "device": "cuda",
  "status": "pruned"
}