{
  "trial_number": 27,
  "dataset_name": "tox21_optuna_trial_0027",
  "model_kwargs": {
    "gnn_hidden": 128,
    "gnn_layers": 3,
    "gnn_dropout": 0.3717352984990769,
    "nhead": 4,
    "tf_layers": 2,
    "dim_ff": 384,
    "tf_dropout": 0.4503638552513511,
    "ih_rank": 32,
    "ih_symmetric": false,
    "ih_proj_dim": 256,
    "ih_num_prototypes": 6,
    "ih_assignment_mode": "hard",
    "ih_diversity_weight": 0.01840573026301938,
    "info_nce_temperature": 0.2
  },
  "hparams": {
    "batch_size": 128,
    "lr": 0.00015860895968296848,
    "weight_decay": 0.0012262240963462978,
    "num_epochs": 150,
    "patience": 10,
    "gcn_pretrain_epochs": 150,
    "transformer_epochs": 150,
    "pretrain_lr": 0.0012108491165353755,
    "transformer_lr": 0.00015860895968296848,
    "ema_decay": 0.9738262160217424,
    "ema_decay_init": 0.9,
    "distill_weight": 0.0017431138574828648,
    "cross_distill_weight": 0.1
  },
  "seed": 42
}