{
  "generated_at": "2026-06-23T18:44:36",
  "study_name": "tox21_xkd",
  "trial_number": 8,
  "model_kwargs": {
    "gnn_hidden": 128,
    "gnn_layers": 4,
    "gnn_dropout": 0.11047237108112165,
    "nhead": 4,
    "tf_layers": 2,
    "dim_ff": 256,
    "tf_dropout": 0.4090211496092452,
    "ih_rank": 32,
    "ih_symmetric": true,
    "ih_proj_dim": 256,
    "ih_num_prototypes": 12,
    "ih_assignment_mode": "sparse",
    "ih_diversity_weight": 0.037604364662000477,
    "info_nce_temperature": 1.0
  },
  "hparams": {
    "batch_size": 64,
    "lr": 0.0001361969075212517,
    "weight_decay": 0.0007476405039016406,
    "num_epochs": 150,
    "patience": 10,
    "gcn_pretrain_epochs": 150,
    "transformer_epochs": 150,
    "pretrain_lr": 6.205855646103131e-05,
    "transformer_lr": 0.0001361969075212517,
    "ema_decay": 0.9959701736263898,
    "ema_decay_init": 0.98,
    "distill_weight": 0.002175691322039477,
    "cross_distill_weight": 0.05
  },
  "device": "cuda",
  "status": "pruned"
}