{
  "generated_at": "2026-06-21T15:40:24",
  "study_name": "bace_xkd",
  "trial_number": 16,
  "model_kwargs": {
    "gnn_hidden": 128,
    "gnn_layers": 4,
    "gnn_dropout": 0.46450231097222877,
    "nhead": 8,
    "tf_layers": 3,
    "dim_ff": 512,
    "tf_dropout": 0.35432938710855316,
    "ih_rank": 16,
    "ih_symmetric": false,
    "ih_proj_dim": 128,
    "ih_num_prototypes": 6,
    "ih_assignment_mode": "sparse",
    "ih_diversity_weight": 0.00272543084304314,
    "info_nce_temperature": 0.5
  },
  "hparams": {
    "batch_size": 64,
    "lr": 0.00022714144474609172,
    "weight_decay": 4.583461432908905e-05,
    "num_epochs": 150,
    "patience": 10,
    "gcn_pretrain_epochs": 150,
    "transformer_epochs": 150,
    "pretrain_lr": 0.0009340787261513134,
    "transformer_lr": 0.00022714144474609172,
    "ema_decay": 0.9859914452026091,
    "ema_decay_init": 0.99,
    "distill_weight": 0.0025001233463306897,
    "cross_distill_weight": 0.02
  },
  "device": "cuda",
  "status": "pruned"
}