{
  "trial_number": 16,
  "dataset_name": "bace_optuna_trial_0016",
  "model_kwargs": {
    "gnn_hidden": 512,
    "gnn_layers": 4,
    "gnn_dropout": 0.29416277930394696,
    "nhead": 8,
    "tf_layers": 4,
    "dim_ff": 1024,
    "tf_dropout": 0.17364209861267788,
    "ih_rank": 64,
    "ih_symmetric": false,
    "ih_proj_dim": 128,
    "ih_num_prototypes": 8,
    "ih_assignment_mode": "soft",
    "ih_diversity_weight": 0.0005758771889370198,
    "info_nce_temperature": 0.2
  },
  "hparams": {
    "batch_size": 128,
    "lr": 0.00019088730146623562,
    "weight_decay": 1.2080043659961973e-06,
    "num_epochs": 150,
    "patience": 10,
    "gcn_pretrain_epochs": 150,
    "transformer_epochs": 150,
    "pretrain_lr": 0.00022661437903211926,
    "transformer_lr": 0.00019088730146623562,
    "ema_decay": 0.9868477146151912,
    "ema_decay_init": 0.99,
    "distill_weight": 0.002904723244639513,
    "cross_distill_weight": 0.05
  },
  "seed": 42
}