{
  "generated_at": "2026-06-23T14:01:44",
  "study_name": "bace_xkd",
  "trial_number": 44,
  "model_kwargs": {
    "gnn_hidden": 512,
    "gnn_layers": 4,
    "gnn_dropout": 0.2278858540719485,
    "nhead": 4,
    "tf_layers": 4,
    "dim_ff": 1536,
    "tf_dropout": 0.22796704404846221,
    "ih_rank": 64,
    "ih_symmetric": false,
    "ih_proj_dim": 0,
    "ih_num_prototypes": 6,
    "ih_assignment_mode": "sparse",
    "ih_diversity_weight": 0.04592351926203472,
    "info_nce_temperature": 0.2
  },
  "hparams": {
    "batch_size": 128,
    "lr": 0.0002280744420778751,
    "weight_decay": 0.00017734060791643503,
    "num_epochs": 150,
    "patience": 10,
    "gcn_pretrain_epochs": 150,
    "transformer_epochs": 150,
    "pretrain_lr": 0.00012032609684407467,
    "transformer_lr": 0.0002280744420778751,
    "ema_decay": 0.9531517608269736,
    "ema_decay_init": 0.99,
    "distill_weight": 0.017581514406411043,
    "cross_distill_weight": 0.1
  },
  "device": "cuda",
  "status": "pruned"
}