{
  "generated_at": "2026-06-24T01:58:35",
  "study_name": "tox21_xkd",
  "trial_number": 26,
  "model_kwargs": {
    "gnn_hidden": 256,
    "gnn_layers": 4,
    "gnn_dropout": 0.40459605360975603,
    "nhead": 8,
    "tf_layers": 2,
    "dim_ff": 512,
    "tf_dropout": 0.2328946285557504,
    "ih_rank": 32,
    "ih_symmetric": false,
    "ih_proj_dim": 256,
    "ih_num_prototypes": 8,
    "ih_assignment_mode": "sparse",
    "ih_diversity_weight": 0.0008280053281261875,
    "info_nce_temperature": 1.0
  },
  "hparams": {
    "batch_size": 64,
    "lr": 0.0003540468023951243,
    "weight_decay": 0.00010086211320388886,
    "num_epochs": 150,
    "patience": 10,
    "gcn_pretrain_epochs": 150,
    "transformer_epochs": 150,
    "pretrain_lr": 0.0018039846613709589,
    "transformer_lr": 0.0003540468023951243,
    "ema_decay": 0.9759584893448708,
    "ema_decay_init": 0.98,
    "distill_weight": 0.013549430822976504,
    "cross_distill_weight": 0.05
  },
  "device": "cuda",
  "status": "complete"
}