{
  "generated_at": "2026-06-22T09:05:52",
  "study_name": "tox21_xkd",
  "trial_number": 26,
  "model_kwargs": {
    "gnn_hidden": 192,
    "gnn_layers": 4,
    "gnn_dropout": 0.4133020853856342,
    "nhead": 8,
    "tf_layers": 3,
    "dim_ff": 576,
    "tf_dropout": 0.2515525021056252,
    "ih_rank": 32,
    "ih_symmetric": true,
    "ih_proj_dim": 256,
    "ih_num_prototypes": 4,
    "ih_assignment_mode": "soft",
    "ih_diversity_weight": 0.00022996670304376116,
    "info_nce_temperature": 0.5
  },
  "hparams": {
    "batch_size": 64,
    "lr": 0.00037871984378281875,
    "weight_decay": 0.0005376421668236285,
    "num_epochs": 150,
    "patience": 10,
    "gcn_pretrain_epochs": 150,
    "transformer_epochs": 150,
    "pretrain_lr": 0.0012751767683465752,
    "transformer_lr": 0.00037871984378281875,
    "ema_decay": 0.9650918423209242,
    "ema_decay_init": 0.99,
    "distill_weight": 0.005384471977578309,
    "cross_distill_weight": 0.05
  },
  "device": "cuda",
  "status": "complete"
}