{
  "generated_at": "2026-06-21T00:54:18",
  "study_name": "tox21_xkd",
  "trial_number": 26,
  "model_kwargs": {
    "gnn_hidden": 128,
    "gnn_layers": 4,
    "gnn_dropout": 0.3005278522545836,
    "nhead": 4,
    "tf_layers": 2,
    "dim_ff": 384,
    "tf_dropout": 0.47853119393610466,
    "ih_rank": 32,
    "ih_symmetric": false,
    "ih_proj_dim": 256,
    "ih_num_prototypes": 16,
    "ih_assignment_mode": "hard",
    "ih_diversity_weight": 0.0019991228266841837,
    "info_nce_temperature": 0.1
  },
  "hparams": {
    "batch_size": 128,
    "lr": 0.00020834104778144632,
    "weight_decay": 0.00012776476075917266,
    "num_epochs": 150,
    "patience": 10,
    "gcn_pretrain_epochs": 150,
    "transformer_epochs": 150,
    "pretrain_lr": 0.001159658481098396,
    "transformer_lr": 0.00020834104778144632,
    "ema_decay": 0.9838427061371697,
    "ema_decay_init": 0.95,
    "distill_weight": 0.007981695890725221,
    "cross_distill_weight": 0.02
  },
  "device": "cuda",
  "status": "complete"
}