{
  "generated_at": "2026-06-23T14:05:45",
  "study_name": "bace_xkd",
  "trial_number": 45,
  "model_kwargs": {
    "gnn_hidden": 512,
    "gnn_layers": 3,
    "gnn_dropout": 0.14482905271272026,
    "nhead": 8,
    "tf_layers": 4,
    "dim_ff": 1024,
    "tf_dropout": 0.290968070025145,
    "ih_rank": 64,
    "ih_symmetric": true,
    "ih_proj_dim": 0,
    "ih_num_prototypes": 6,
    "ih_assignment_mode": "sparse",
    "ih_diversity_weight": 0.07527986949702341,
    "info_nce_temperature": 1.0
  },
  "hparams": {
    "batch_size": 128,
    "lr": 0.00015619365506583556,
    "weight_decay": 1.272144867036603e-05,
    "num_epochs": 150,
    "patience": 10,
    "gcn_pretrain_epochs": 150,
    "transformer_epochs": 150,
    "pretrain_lr": 0.00019463316838826914,
    "transformer_lr": 0.00015619365506583556,
    "ema_decay": 0.9503163206510097,
    "ema_decay_init": 0.95,
    "distill_weight": 0.03232811674113291,
    "cross_distill_weight": 0.1
  },
  "device": "cuda",
  "status": "pruned"
}