{
  "trial_number": 2,
  "dataset_name": "tox21_optuna_trial_0002",
  "model_kwargs": {
    "gnn_hidden": 128,
    "gnn_layers": 3,
    "gnn_dropout": 0.49924573415934703,
    "nhead": 4,
    "tf_layers": 3,
    "dim_ff": 512,
    "tf_dropout": 0.354314019446759,
    "ih_rank": 32,
    "ih_symmetric": true,
    "ih_proj_dim": 128,
    "ih_num_prototypes": 8,
    "ih_assignment_mode": "soft",
    "ih_diversity_weight": 0.00017019223026554014
  },
  "hparams": {
    "batch_size": 128,
    "lr": 5.220949381122229e-05,
    "weight_decay": 0.0006455539579314902,
    "num_epochs": 60,
    "patience": 12,
    "gcn_pretrain_epochs": 40,
    "transformer_epochs": 60,
    "pretrain_lr": 0.00037069600706460563,
    "transformer_lr": 5.220949381122229e-05,
    "ema_decay": 0.9927015689191981,
    "distill_weight": 0.07067625933120901,
    "cross_distill_weight": 0.05
  },
  "seed": 42
}