{
  "generated_at": "2026-06-21T19:51:30",
  "study_name": "clintox_xkd",
  "trial_number": 17,
  "model_kwargs": {
    "gnn_hidden": 256,
    "gnn_layers": 4,
    "gnn_dropout": 0.3017718782077522,
    "nhead": 4,
    "tf_layers": 1,
    "dim_ff": 512,
    "tf_dropout": 0.20911769700054406,
    "ih_rank": 32,
    "ih_symmetric": false,
    "ih_proj_dim": 0,
    "ih_num_prototypes": 4,
    "ih_assignment_mode": "soft",
    "ih_diversity_weight": 0.00014569890809094075,
    "info_nce_temperature": 1.0
  },
  "hparams": {
    "batch_size": 64,
    "lr": 0.0002892219773839583,
    "weight_decay": 4.172220851177132e-06,
    "num_epochs": 150,
    "patience": 10,
    "gcn_pretrain_epochs": 150,
    "transformer_epochs": 150,
    "pretrain_lr": 0.0007519310960034367,
    "transformer_lr": 0.0002892219773839583,
    "ema_decay": 0.9657169005761224,
    "ema_decay_init": 0.99,
    "distill_weight": 0.005453129824410445,
    "cross_distill_weight": 0.05
  },
  "device": "cuda",
  "status": "pruned"
}