{
  "trial_number": 17,
  "dataset_name": "clintox_optuna_trial_0017",
  "model_kwargs": {
    "gnn_hidden": 256,
    "gnn_layers": 3,
    "gnn_dropout": 0.3797603443570487,
    "nhead": 8,
    "tf_layers": 3,
    "dim_ff": 512,
    "tf_dropout": 0.40941498079620364,
    "ih_rank": 32,
    "ih_symmetric": false,
    "ih_proj_dim": 128,
    "ih_num_prototypes": 4,
    "ih_assignment_mode": "hard",
    "ih_diversity_weight": 0.007384096375446028,
    "info_nce_temperature": 0.1
  },
  "hparams": {
    "batch_size": 128,
    "lr": 0.000854294641692136,
    "weight_decay": 3.596988643084233e-05,
    "num_epochs": 60,
    "patience": 12,
    "gcn_pretrain_epochs": 40,
    "transformer_epochs": 60,
    "pretrain_lr": 0.0003538613917519746,
    "transformer_lr": 0.000854294641692136,
    "ema_decay": 0.9917611533752224,
    "ema_decay_init": 0.9,
    "distill_weight": 0.028317046910659255,
    "cross_distill_weight": 0.02
  },
  "seed": 42
}