{
  "generated_at": "2026-06-20T14:15:18",
  "study_name": "bace_xkd",
  "trial_number": 32,
  "model_kwargs": {
    "gnn_hidden": 256,
    "gnn_layers": 2,
    "gnn_dropout": 0.27527727725348816,
    "nhead": 4,
    "tf_layers": 3,
    "dim_ff": 768,
    "tf_dropout": 0.21470670078347612,
    "ih_rank": 32,
    "ih_symmetric": false,
    "ih_proj_dim": 0,
    "ih_num_prototypes": 8,
    "ih_assignment_mode": "hard",
    "ih_diversity_weight": 0.00022613037444639932,
    "info_nce_temperature": 0.5
  },
  "hparams": {
    "batch_size": 128,
    "lr": 0.0018040828218563313,
    "weight_decay": 4.1688184648281546e-05,
    "num_epochs": 150,
    "patience": 10,
    "gcn_pretrain_epochs": 150,
    "transformer_epochs": 150,
    "pretrain_lr": 0.00024832923123670767,
    "transformer_lr": 0.0018040828218563313,
    "ema_decay": 0.9907201471618691,
    "ema_decay_init": 0.99,
    "distill_weight": 0.020356776308637758,
    "cross_distill_weight": 0.05
  },
  "device": "cuda",
  "status": "pruned"
}