{
  "trial_number": 32,
  "dataset_name": "bace_optuna_trial_0032",
  "model_kwargs": {
    "gnn_hidden": 384,
    "gnn_layers": 2,
    "gnn_dropout": 0.38687264217703593,
    "nhead": 8,
    "tf_layers": 1,
    "dim_ff": 768,
    "tf_dropout": 0.14514101829027884,
    "ih_rank": 32,
    "ih_symmetric": false,
    "ih_proj_dim": 128,
    "ih_num_prototypes": 4,
    "ih_assignment_mode": "soft",
    "ih_diversity_weight": 0.0003065712057155818,
    "info_nce_temperature": 0.5
  },
  "hparams": {
    "batch_size": 64,
    "lr": 0.0011299932710061966,
    "weight_decay": 2.450998872394244e-05,
    "num_epochs": 150,
    "patience": 10,
    "gcn_pretrain_epochs": 150,
    "transformer_epochs": 150,
    "pretrain_lr": 0.0003994541458243171,
    "transformer_lr": 0.0011299932710061966,
    "ema_decay": 0.9921947039025453,
    "ema_decay_init": 0.99,
    "distill_weight": 0.025953388374217647,
    "cross_distill_weight": 0.02
  },
  "seed": 42
}