{
  "trial_number": 32,
  "dataset_name": "bace_optuna_trial_0032",
  "model_kwargs": {
    "gnn_hidden": 512,
    "gnn_layers": 4,
    "gnn_dropout": 0.17122085471228823,
    "nhead": 4,
    "tf_layers": 4,
    "dim_ff": 2048,
    "tf_dropout": 0.27234994639126525,
    "ih_rank": 64,
    "ih_symmetric": true,
    "ih_proj_dim": 0,
    "ih_num_prototypes": 8,
    "ih_assignment_mode": "sparse",
    "ih_diversity_weight": 0.0625396865069421,
    "info_nce_temperature": 0.2
  },
  "hparams": {
    "batch_size": 128,
    "lr": 0.00022521645627296777,
    "weight_decay": 0.0003115621361666735,
    "num_epochs": 150,
    "patience": 10,
    "gcn_pretrain_epochs": 150,
    "transformer_epochs": 150,
    "pretrain_lr": 0.00010235453309936901,
    "transformer_lr": 0.00022521645627296777,
    "ema_decay": 0.9662433683607774,
    "ema_decay_init": 0.98,
    "distill_weight": 0.0252193142471606,
    "cross_distill_weight": 0.1
  },
  "seed": 42
}