{
  "generated_at": "2026-06-20T18:04:33",
  "study_name": "clintox_xkd",
  "trial_number": 34,
  "model_kwargs": {
    "gnn_hidden": 384,
    "gnn_layers": 2,
    "gnn_dropout": 0.45289363114434467,
    "nhead": 4,
    "tf_layers": 3,
    "dim_ff": 768,
    "tf_dropout": 0.4346623471494451,
    "ih_rank": 64,
    "ih_symmetric": true,
    "ih_proj_dim": 128,
    "ih_num_prototypes": 8,
    "ih_assignment_mode": "hard",
    "ih_diversity_weight": 0.023104772141586006,
    "info_nce_temperature": 0.5
  },
  "hparams": {
    "batch_size": 128,
    "lr": 0.0006551422403849797,
    "weight_decay": 0.00017017179027215137,
    "num_epochs": 150,
    "patience": 10,
    "gcn_pretrain_epochs": 150,
    "transformer_epochs": 150,
    "pretrain_lr": 0.00011420211609437329,
    "transformer_lr": 0.0006551422403849797,
    "ema_decay": 0.9911880537620363,
    "ema_decay_init": 0.95,
    "distill_weight": 0.024686504471736585,
    "cross_distill_weight": 0.1
  },
  "device": "cuda",
  "status": "pruned"
}