{
  "generated_at": "2026-06-21T21:24:57",
  "study_name": "clintox_xkd",
  "trial_number": 34,
  "model_kwargs": {
    "gnn_hidden": 192,
    "gnn_layers": 4,
    "gnn_dropout": 0.35187141763095864,
    "nhead": 8,
    "tf_layers": 2,
    "dim_ff": 768,
    "tf_dropout": 0.40537951744059547,
    "ih_rank": 16,
    "ih_symmetric": false,
    "ih_proj_dim": 256,
    "ih_num_prototypes": 16,
    "ih_assignment_mode": "soft",
    "ih_diversity_weight": 0.0011924441837269035,
    "info_nce_temperature": 0.5
  },
  "hparams": {
    "batch_size": 64,
    "lr": 0.0007562772798098824,
    "weight_decay": 1.738471102878273e-05,
    "num_epochs": 150,
    "patience": 10,
    "gcn_pretrain_epochs": 150,
    "transformer_epochs": 150,
    "pretrain_lr": 0.0005384816944875682,
    "transformer_lr": 0.0007562772798098824,
    "ema_decay": 0.9887367528923114,
    "ema_decay_init": 0.9,
    "distill_weight": 0.013422293332552505,
    "cross_distill_weight": 0.02
  },
  "device": "cuda",
  "status": "pruned"
}