{
  "generated_at": "2026-06-22T15:58:03",
  "study_name": "tox21_xkd",
  "trial_number": 44,
  "model_kwargs": {
    "gnn_hidden": 192,
    "gnn_layers": 4,
    "gnn_dropout": 0.38146578204674725,
    "nhead": 8,
    "tf_layers": 2,
    "dim_ff": 768,
    "tf_dropout": 0.17352509397337967,
    "ih_rank": 16,
    "ih_symmetric": true,
    "ih_proj_dim": 256,
    "ih_num_prototypes": 6,
    "ih_assignment_mode": "hard",
    "ih_diversity_weight": 0.0005733176885282827,
    "info_nce_temperature": 0.5
  },
  "hparams": {
    "batch_size": 64,
    "lr": 0.00164396638364954,
    "weight_decay": 0.00032072457575760353,
    "num_epochs": 150,
    "patience": 10,
    "gcn_pretrain_epochs": 150,
    "transformer_epochs": 150,
    "pretrain_lr": 0.0005802359354582911,
    "transformer_lr": 0.00164396638364954,
    "ema_decay": 0.9987728360999762,
    "ema_decay_init": 0.9,
    "distill_weight": 0.04189464858431218,
    "cross_distill_weight": 0.1
  },
  "device": "cuda",
  "status": "complete"
}