{
  "generated_at": "2026-06-24T09:29:21",
  "study_name": "tox21_xkd",
  "trial_number": 44,
  "model_kwargs": {
    "gnn_hidden": 256,
    "gnn_layers": 4,
    "gnn_dropout": 0.3313897686369531,
    "nhead": 8,
    "tf_layers": 2,
    "dim_ff": 1024,
    "tf_dropout": 0.26083012260887034,
    "ih_rank": 32,
    "ih_symmetric": true,
    "ih_proj_dim": 256,
    "ih_num_prototypes": 24,
    "ih_assignment_mode": "hard",
    "ih_diversity_weight": 0.012977431008087304,
    "info_nce_temperature": 1.0
  },
  "hparams": {
    "batch_size": 128,
    "lr": 0.001443006334369084,
    "weight_decay": 0.00024652264631986703,
    "num_epochs": 150,
    "patience": 10,
    "gcn_pretrain_epochs": 150,
    "transformer_epochs": 150,
    "pretrain_lr": 0.0025253849366434606,
    "transformer_lr": 0.001443006334369084,
    "ema_decay": 0.9937949373903606,
    "ema_decay_init": 0.9,
    "distill_weight": 0.03703846709222611,
    "cross_distill_weight": 0.02
  },
  "device": "cuda",
  "status": "complete"
}