{
  "trial_number": 14,
  "dataset_name": "clintox_optuna_trial_0014",
  "model_kwargs": {
    "gnn_hidden": 192,
    "gnn_layers": 3,
    "gnn_dropout": 0.45036174148275204,
    "nhead": 8,
    "tf_layers": 3,
    "dim_ff": 384,
    "tf_dropout": 0.4780877810666033,
    "ih_rank": 16,
    "ih_symmetric": false,
    "ih_proj_dim": 0,
    "ih_num_prototypes": 6,
    "ih_assignment_mode": "sparse",
    "ih_diversity_weight": 0.0002642833998101536,
    "info_nce_temperature": 0.2
  },
  "hparams": {
    "batch_size": 64,
    "lr": 0.001014640683608874,
    "weight_decay": 2.3873877547990274e-06,
    "num_epochs": 150,
    "patience": 10,
    "gcn_pretrain_epochs": 150,
    "transformer_epochs": 150,
    "pretrain_lr": 0.0015659536585591726,
    "transformer_lr": 0.001014640683608874,
    "ema_decay": 0.9899323142174627,
    "ema_decay_init": 0.95,
    "distill_weight": 0.0025007656987806087,
    "cross_distill_weight": 0.02
  },
  "seed": 42
}