{
  "trial_number": 14,
  "dataset_name": "clintox_optuna_trial_0014",
  "model_kwargs": {
    "gnn_hidden": 384,
    "gnn_layers": 2,
    "gnn_dropout": 0.4986107885675284,
    "nhead": 4,
    "tf_layers": 3,
    "dim_ff": 768,
    "tf_dropout": 0.3276186819078383,
    "ih_rank": 32,
    "ih_symmetric": false,
    "ih_proj_dim": 128,
    "ih_num_prototypes": 8,
    "ih_assignment_mode": "hard",
    "ih_diversity_weight": 0.026157991487415995,
    "info_nce_temperature": 0.2
  },
  "hparams": {
    "batch_size": 128,
    "lr": 0.0009193943989180356,
    "weight_decay": 1.4377695311836475e-05,
    "num_epochs": 60,
    "patience": 12,
    "gcn_pretrain_epochs": 40,
    "transformer_epochs": 60,
    "pretrain_lr": 0.000328655937380326,
    "transformer_lr": 0.0009193943989180356,
    "ema_decay": 0.9851179168185438,
    "ema_decay_init": 0.9,
    "distill_weight": 0.020609316986409314,
    "cross_distill_weight": 0.02
  },
  "seed": 42
}