{
  "generated_at": "2026-06-21T22:18:52",
  "study_name": "clintox_xkd",
  "trial_number": 44,
  "model_kwargs": {
    "gnn_hidden": 256,
    "gnn_layers": 4,
    "gnn_dropout": 0.4221517870270216,
    "nhead": 8,
    "tf_layers": 2,
    "dim_ff": 512,
    "tf_dropout": 0.4508462614218309,
    "ih_rank": 16,
    "ih_symmetric": false,
    "ih_proj_dim": 256,
    "ih_num_prototypes": 8,
    "ih_assignment_mode": "sparse",
    "ih_diversity_weight": 0.001041042954907043,
    "info_nce_temperature": 0.2
  },
  "hparams": {
    "batch_size": 64,
    "lr": 0.0015019528763572467,
    "weight_decay": 2.1292052452203532e-06,
    "num_epochs": 150,
    "patience": 10,
    "gcn_pretrain_epochs": 150,
    "transformer_epochs": 150,
    "pretrain_lr": 0.0012153287061260954,
    "transformer_lr": 0.0015019528763572467,
    "ema_decay": 0.9801227336448299,
    "ema_decay_init": 0.9,
    "distill_weight": 0.0029298672817560695,
    "cross_distill_weight": 0.02
  },
  "device": "cuda",
  "status": "pruned"
}