{
  "trial_number": 29,
  "dataset_name": "clintox_optuna_trial_0029",
  "model_kwargs": {
    "gnn_hidden": 384,
    "gnn_layers": 2,
    "gnn_dropout": 0.3586079453561895,
    "nhead": 4,
    "tf_layers": 3,
    "dim_ff": 1536,
    "tf_dropout": 0.11284335705623434,
    "ih_rank": 64,
    "ih_symmetric": true,
    "ih_proj_dim": 128,
    "ih_num_prototypes": 6,
    "ih_assignment_mode": "hard",
    "ih_diversity_weight": 0.0005231333743959245,
    "info_nce_temperature": 0.2
  },
  "hparams": {
    "batch_size": 128,
    "lr": 0.0005295252752909068,
    "weight_decay": 7.38938345052151e-05,
    "num_epochs": 150,
    "patience": 10,
    "gcn_pretrain_epochs": 150,
    "transformer_epochs": 150,
    "pretrain_lr": 0.00012157634690887915,
    "transformer_lr": 0.0005295252752909068,
    "ema_decay": 0.9566104250863199,
    "ema_decay_init": 0.9,
    "distill_weight": 0.08847982447314158,
    "cross_distill_weight": 0.02
  },
  "seed": 42
}