{
  "trial_number": 29,
  "dataset_name": "clintox_optuna_trial_0029",
  "model_kwargs": {
    "gnn_hidden": 192,
    "gnn_layers": 4,
    "gnn_dropout": 0.45264689989336976,
    "nhead": 8,
    "tf_layers": 2,
    "dim_ff": 384,
    "tf_dropout": 0.39831152874890663,
    "ih_rank": 16,
    "ih_symmetric": false,
    "ih_proj_dim": 256,
    "ih_num_prototypes": 16,
    "ih_assignment_mode": "sparse",
    "ih_diversity_weight": 0.000718687334982486,
    "info_nce_temperature": 0.2
  },
  "hparams": {
    "batch_size": 64,
    "lr": 0.0018285018976274638,
    "weight_decay": 5.007671949089935e-06,
    "num_epochs": 150,
    "patience": 10,
    "gcn_pretrain_epochs": 150,
    "transformer_epochs": 150,
    "pretrain_lr": 0.0013972877395092525,
    "transformer_lr": 0.0018285018976274638,
    "ema_decay": 0.9939327230377308,
    "ema_decay_init": 0.98,
    "distill_weight": 0.07546598298585089,
    "cross_distill_weight": 0.02
  },
  "seed": 42
}