{
  "generated_at": "2026-06-23T15:57:05",
  "study_name": "tox21_xkd",
  "trial_number": 0,
  "model_kwargs": {
    "gnn_hidden": 192,
    "gnn_layers": 3,
    "gnn_dropout": 0.4186326600082205,
    "nhead": 8,
    "tf_layers": 4,
    "dim_ff": 768,
    "tf_dropout": 0.26370173320348284,
    "ih_rank": 64,
    "ih_symmetric": true,
    "ih_proj_dim": 256,
    "ih_num_prototypes": 24,
    "ih_assignment_mode": "hard",
    "ih_diversity_weight": 0.005987474910461402,
    "info_nce_temperature": 0.5
  },
  "hparams": {
    "batch_size": 128,
    "lr": 0.00012151617026673395,
    "weight_decay": 0.0006469870699850827,
    "num_epochs": 150,
    "patience": 10,
    "gcn_pretrain_epochs": 150,
    "transformer_epochs": 150,
    "pretrain_lr": 5.682837558512268e-05,
    "transformer_lr": 0.00012151617026673395,
    "ema_decay": 0.9728324913061851,
    "ema_decay_init": 0.9,
    "distill_weight": 0.000585796869615353,
    "cross_distill_weight": 0.02
  },
  "device": "cuda",
  "status": "complete"
}