{
  "generated_at": "2026-06-24T07:57:42",
  "study_name": "tox21_xkd",
  "trial_number": 40,
  "model_kwargs": {
    "gnn_hidden": 256,
    "gnn_layers": 4,
    "gnn_dropout": 0.43650522354524,
    "nhead": 8,
    "tf_layers": 2,
    "dim_ff": 512,
    "tf_dropout": 0.2304059493795949,
    "ih_rank": 64,
    "ih_symmetric": false,
    "ih_proj_dim": 256,
    "ih_num_prototypes": 8,
    "ih_assignment_mode": "soft",
    "ih_diversity_weight": 0.0013292681911279839,
    "info_nce_temperature": 1.0
  },
  "hparams": {
    "batch_size": 64,
    "lr": 0.0003360010929662449,
    "weight_decay": 2.5089201759605127e-05,
    "num_epochs": 150,
    "patience": 10,
    "gcn_pretrain_epochs": 150,
    "transformer_epochs": 150,
    "pretrain_lr": 0.002655929809803623,
    "transformer_lr": 0.0003360010929662449,
    "ema_decay": 0.9977561288247415,
    "ema_decay_init": 0.99,
    "distill_weight": 0.013652385367589538,
    "cross_distill_weight": 0.02
  },
  "device": "cuda",
  "status": "complete"
}