{
  "trial_number": 55,
  "dataset_name": "bbbp_optuna_trial_0055",
  "model_kwargs": {
    "gnn_hidden": 256,
    "gnn_layers": 3,
    "gnn_dropout": 0.38604243030849017,
    "nhead": 4,
    "tf_layers": 1,
    "dim_ff": 768,
    "tf_dropout": 0.2882525554113143,
    "ih_rank": 32,
    "ih_symmetric": true,
    "ih_proj_dim": 128,
    "ih_num_prototypes": 4,
    "ih_assignment_mode": "sparse",
    "ih_diversity_weight": 0.024924126069755994,
    "info_nce_temperature": 0.5
  },
  "hparams": {
    "batch_size": 64,
    "lr": 0.0009756026064359591,
    "weight_decay": 2.1688021619653302e-05,
    "num_epochs": 150,
    "patience": 10,
    "gcn_pretrain_epochs": 150,
    "transformer_epochs": 150,
    "pretrain_lr": 0.00047780805003289626,
    "transformer_lr": 0.0009756026064359591,
    "ema_decay": 0.9762147184337316,
    "ema_decay_init": 0.98,
    "distill_weight": 0.001639127325840474,
    "cross_distill_weight": 0.05
  },
  "seed": 42
}