{
  "generated_at": "2026-06-23T14:13:12",
  "study_name": "bace_xkd",
  "trial_number": 47,
  "model_kwargs": {
    "gnn_hidden": 512,
    "gnn_layers": 4,
    "gnn_dropout": 0.2022836546567774,
    "nhead": 8,
    "tf_layers": 4,
    "dim_ff": 2048,
    "tf_dropout": 0.22604323535143234,
    "ih_rank": 64,
    "ih_symmetric": false,
    "ih_proj_dim": 128,
    "ih_num_prototypes": 4,
    "ih_assignment_mode": "soft",
    "ih_diversity_weight": 0.08887206486435541,
    "info_nce_temperature": 1.0
  },
  "hparams": {
    "batch_size": 128,
    "lr": 0.00040875164087063255,
    "weight_decay": 2.4280444505269247e-05,
    "num_epochs": 150,
    "patience": 10,
    "gcn_pretrain_epochs": 150,
    "transformer_epochs": 150,
    "pretrain_lr": 0.0001373316377734389,
    "transformer_lr": 0.00040875164087063255,
    "ema_decay": 0.9530413108024823,
    "ema_decay_init": 0.9,
    "distill_weight": 0.07745070384860447,
    "cross_distill_weight": 0.05
  },
  "device": "cuda",
  "status": "pruned"
}