{
  "generated_at": "2026-06-20T13:15:14",
  "study_name": "bace_xkd",
  "trial_number": 20,
  "model_kwargs": {
    "gnn_hidden": 256,
    "gnn_layers": 2,
    "gnn_dropout": 0.330665214200263,
    "nhead": 8,
    "tf_layers": 2,
    "dim_ff": 1024,
    "tf_dropout": 0.10837400836874564,
    "ih_rank": 32,
    "ih_symmetric": false,
    "ih_proj_dim": 0,
    "ih_num_prototypes": 8,
    "ih_assignment_mode": "hard",
    "ih_diversity_weight": 0.00011746129494035231,
    "info_nce_temperature": 0.5
  },
  "hparams": {
    "batch_size": 64,
    "lr": 0.0008489808453641774,
    "weight_decay": 8.036323713835827e-05,
    "num_epochs": 150,
    "patience": 10,
    "gcn_pretrain_epochs": 150,
    "transformer_epochs": 150,
    "pretrain_lr": 0.0002017533764956832,
    "transformer_lr": 0.0008489808453641774,
    "ema_decay": 0.9813022410227175,
    "ema_decay_init": 0.99,
    "distill_weight": 0.03088741609006918,
    "cross_distill_weight": 0.05
  },
  "device": "cuda",
  "status": "complete"
}