{
  "generated_at": "2026-06-23T12:17:09",
  "study_name": "bace_xkd",
  "trial_number": 20,
  "model_kwargs": {
    "gnn_hidden": 512,
    "gnn_layers": 3,
    "gnn_dropout": 0.485672212430769,
    "nhead": 4,
    "tf_layers": 3,
    "dim_ff": 1536,
    "tf_dropout": 0.21021895839756288,
    "ih_rank": 16,
    "ih_symmetric": true,
    "ih_proj_dim": 0,
    "ih_num_prototypes": 4,
    "ih_assignment_mode": "hard",
    "ih_diversity_weight": 0.0007379811978530937,
    "info_nce_temperature": 1.0
  },
  "hparams": {
    "batch_size": 128,
    "lr": 0.0007261628452733916,
    "weight_decay": 9.589732960810151e-06,
    "num_epochs": 150,
    "patience": 10,
    "gcn_pretrain_epochs": 150,
    "transformer_epochs": 150,
    "pretrain_lr": 0.00015592767346258037,
    "transformer_lr": 0.0007261628452733916,
    "ema_decay": 0.9940995491736792,
    "ema_decay_init": 0.9,
    "distill_weight": 0.00219994991580012,
    "cross_distill_weight": 0.05
  },
  "device": "cuda",
  "status": "pruned"
}