{
  "trial_number": 20,
  "dataset_name": "bace_optuna_trial_0020",
  "model_kwargs": {
    "gnn_hidden": 256,
    "gnn_layers": 4,
    "gnn_dropout": 0.36946049255033264,
    "nhead": 8,
    "tf_layers": 2,
    "dim_ff": 512,
    "tf_dropout": 0.3207559100773954,
    "ih_rank": 32,
    "ih_symmetric": false,
    "ih_proj_dim": 128,
    "ih_num_prototypes": 16,
    "ih_assignment_mode": "sparse",
    "ih_diversity_weight": 0.00021904339836362354,
    "info_nce_temperature": 1.0
  },
  "hparams": {
    "batch_size": 256,
    "lr": 0.0011056995951148536,
    "weight_decay": 3.8471111579921855e-05,
    "num_epochs": 150,
    "patience": 10,
    "gcn_pretrain_epochs": 150,
    "transformer_epochs": 150,
    "pretrain_lr": 0.00046658802957244306,
    "transformer_lr": 0.0011056995951148536,
    "ema_decay": 0.9935881185563352,
    "ema_decay_init": 0.9,
    "distill_weight": 0.001045589194043961,
    "cross_distill_weight": 0.1
  },
  "seed": 42
}