{
  "generated_at": "2026-06-22T13:27:03",
  "study_name": "tox21_xkd",
  "trial_number": 36,
  "model_kwargs": {
    "gnn_hidden": 192,
    "gnn_layers": 4,
    "gnn_dropout": 0.36380052491736553,
    "nhead": 8,
    "tf_layers": 3,
    "dim_ff": 576,
    "tf_dropout": 0.22780596092288677,
    "ih_rank": 32,
    "ih_symmetric": true,
    "ih_proj_dim": 256,
    "ih_num_prototypes": 4,
    "ih_assignment_mode": "soft",
    "ih_diversity_weight": 0.00011865117196637456,
    "info_nce_temperature": 0.5
  },
  "hparams": {
    "batch_size": 128,
    "lr": 0.00015031123526302532,
    "weight_decay": 0.0008245169146781348,
    "num_epochs": 150,
    "patience": 10,
    "gcn_pretrain_epochs": 150,
    "transformer_epochs": 150,
    "pretrain_lr": 0.0013300780268234442,
    "transformer_lr": 0.00015031123526302532,
    "ema_decay": 0.9630993300997578,
    "ema_decay_init": 0.95,
    "distill_weight": 0.012197905702604171,
    "cross_distill_weight": 0.05
  },
  "device": "cuda",
  "status": "pruned"
}