{
  "generated_at": "2026-06-24T06:26:49",
  "study_name": "tox21_xkd",
  "trial_number": 36,
  "model_kwargs": {
    "gnn_hidden": 256,
    "gnn_layers": 4,
    "gnn_dropout": 0.40253535441344246,
    "nhead": 8,
    "tf_layers": 2,
    "dim_ff": 768,
    "tf_dropout": 0.26728409316793783,
    "ih_rank": 32,
    "ih_symmetric": false,
    "ih_proj_dim": 256,
    "ih_num_prototypes": 8,
    "ih_assignment_mode": "soft",
    "ih_diversity_weight": 0.010785667822561691,
    "info_nce_temperature": 0.5
  },
  "hparams": {
    "batch_size": 64,
    "lr": 0.0004152503356100063,
    "weight_decay": 0.0001569756720947385,
    "num_epochs": 150,
    "patience": 10,
    "gcn_pretrain_epochs": 150,
    "transformer_epochs": 150,
    "pretrain_lr": 0.0004783262775282472,
    "transformer_lr": 0.0004152503356100063,
    "ema_decay": 0.9913558427004384,
    "ema_decay_init": 0.99,
    "distill_weight": 0.00878627628126371,
    "cross_distill_weight": 0.02
  },
  "device": "cuda",
  "status": "complete"
}