{
  "generated_at": "2026-06-21T04:02:22",
  "study_name": "tox21_xkd",
  "trial_number": 36,
  "model_kwargs": {
    "gnn_hidden": 128,
    "gnn_layers": 4,
    "gnn_dropout": 0.5035964008379027,
    "nhead": 8,
    "tf_layers": 2,
    "dim_ff": 384,
    "tf_dropout": 0.47105058244191367,
    "ih_rank": 32,
    "ih_symmetric": true,
    "ih_proj_dim": 256,
    "ih_num_prototypes": 12,
    "ih_assignment_mode": "hard",
    "ih_diversity_weight": 0.0008562360412258526,
    "info_nce_temperature": 0.2
  },
  "hparams": {
    "batch_size": 64,
    "lr": 0.00013685490216429274,
    "weight_decay": 0.0005098734109043005,
    "num_epochs": 150,
    "patience": 10,
    "gcn_pretrain_epochs": 150,
    "transformer_epochs": 150,
    "pretrain_lr": 0.0014812108846904413,
    "transformer_lr": 0.00013685490216429274,
    "ema_decay": 0.9867712625018085,
    "ema_decay_init": 0.9,
    "distill_weight": 0.0012697668097765287,
    "cross_distill_weight": 0.02
  },
  "device": "cuda",
  "status": "complete"
}