{
  "generated_at": "2026-06-20T21:23:50",
  "study_name": "sider_xkd",
  "trial_number": 24,
  "model_kwargs": {
    "gnn_hidden": 256,
    "gnn_layers": 3,
    "gnn_dropout": 0.5300560659275667,
    "nhead": 4,
    "tf_layers": 3,
    "dim_ff": 512,
    "tf_dropout": 0.19697392503358202,
    "ih_rank": 32,
    "ih_symmetric": false,
    "ih_proj_dim": 128,
    "ih_num_prototypes": 12,
    "ih_assignment_mode": "soft",
    "ih_diversity_weight": 0.028130136224811864,
    "info_nce_temperature": 0.2
  },
  "hparams": {
    "batch_size": 128,
    "lr": 0.0017376566341002506,
    "weight_decay": 6.34424506576417e-05,
    "num_epochs": 150,
    "patience": 10,
    "gcn_pretrain_epochs": 150,
    "transformer_epochs": 150,
    "pretrain_lr": 0.00025665432420495654,
    "transformer_lr": 0.0017376566341002506,
    "ema_decay": 0.9549897080346715,
    "ema_decay_init": 0.98,
    "distill_weight": 0.023063073389010206,
    "cross_distill_weight": 0.02
  },
  "device": "cuda",
  "status": "pruned"
}