{
  "trial_number": 19,
  "dataset_name": "sider_optuna_trial_0019",
  "model_kwargs": {
    "gnn_hidden": 384,
    "gnn_layers": 3,
    "gnn_dropout": 0.45166649164949946,
    "nhead": 8,
    "tf_layers": 1,
    "dim_ff": 1152,
    "tf_dropout": 0.2842251244329121,
    "ih_rank": 64,
    "ih_symmetric": true,
    "ih_proj_dim": 128,
    "ih_num_prototypes": 6,
    "ih_assignment_mode": "hard",
    "ih_diversity_weight": 0.023649365757596585,
    "info_nce_temperature": 0.5
  },
  "hparams": {
    "batch_size": 64,
    "lr": 0.0015282051679403092,
    "weight_decay": 2.256259420982527e-05,
    "num_epochs": 60,
    "patience": 12,
    "gcn_pretrain_epochs": 40,
    "transformer_epochs": 60,
    "pretrain_lr": 0.0002069696984436786,
    "transformer_lr": 0.0015282051679403092,
    "ema_decay": 0.9840814196306613,
    "ema_decay_init": 0.98,
    "distill_weight": 0.0012674117861367882,
    "cross_distill_weight": 0.1
  },
  "seed": 42
}