{
  "generated_at": "2026-06-20T00:42:29",
  "study_name": "tox21_xkd",
  "trial_number": 17,
  "model_kwargs": {
    "gnn_hidden": 192,
    "gnn_layers": 4,
    "gnn_dropout": 0.44450804310531067,
    "nhead": 4,
    "tf_layers": 2,
    "dim_ff": 384,
    "tf_dropout": 0.47154661233763207,
    "ih_rank": 32,
    "ih_symmetric": false,
    "ih_proj_dim": 128,
    "ih_num_prototypes": 6,
    "ih_assignment_mode": "hard",
    "ih_diversity_weight": 0.0187834811196541,
    "info_nce_temperature": 0.1
  },
  "hparams": {
    "batch_size": 128,
    "lr": 0.0003896673680503488,
    "weight_decay": 2.9540319629953718e-05,
    "num_epochs": 60,
    "patience": 12,
    "gcn_pretrain_epochs": 40,
    "transformer_epochs": 60,
    "pretrain_lr": 0.0012794489333740069,
    "transformer_lr": 0.0003896673680503488,
    "ema_decay": 0.9896621964698731,
    "ema_decay_init": 0.9,
    "distill_weight": 0.001992802915941843,
    "cross_distill_weight": 0.05
  },
  "device": "cuda",
  "status": "complete"
}