{
  "trial_number": 17,
  "dataset_name": "tox21_optuna_trial_0017",
  "model_kwargs": {
    "gnn_hidden": 256,
    "gnn_layers": 4,
    "gnn_dropout": 0.43345202318119,
    "nhead": 8,
    "tf_layers": 2,
    "dim_ff": 512,
    "tf_dropout": 0.24424689867180743,
    "ih_rank": 32,
    "ih_symmetric": true,
    "ih_proj_dim": 256,
    "ih_num_prototypes": 12,
    "ih_assignment_mode": "sparse",
    "ih_diversity_weight": 0.0016013434252044481,
    "info_nce_temperature": 0.2
  },
  "hparams": {
    "batch_size": 128,
    "lr": 0.00043210622639809095,
    "weight_decay": 0.0020334672298129267,
    "num_epochs": 150,
    "patience": 10,
    "gcn_pretrain_epochs": 150,
    "transformer_epochs": 150,
    "pretrain_lr": 0.0004714840750308051,
    "transformer_lr": 0.00043210622639809095,
    "ema_decay": 0.9910531357634355,
    "ema_decay_init": 0.9,
    "distill_weight": 0.023475055574991053,
    "cross_distill_weight": 0.05
  },
  "seed": 42
}