{
  "trial_number": 17,
  "dataset_name": "tox21_optuna_trial_0017",
  "model_kwargs": {
    "gnn_hidden": 256,
    "gnn_layers": 4,
    "gnn_dropout": 0.4335402715451461,
    "nhead": 8,
    "tf_layers": 3,
    "dim_ff": 768,
    "tf_dropout": 0.3552234479749468,
    "ih_rank": 64,
    "ih_symmetric": false,
    "ih_proj_dim": 128,
    "ih_num_prototypes": 4,
    "ih_assignment_mode": "soft",
    "ih_diversity_weight": 0.0004252341930850783,
    "info_nce_temperature": 0.5
  },
  "hparams": {
    "batch_size": 64,
    "lr": 0.00014048944405942084,
    "weight_decay": 0.00012248951385904794,
    "num_epochs": 150,
    "patience": 10,
    "gcn_pretrain_epochs": 150,
    "transformer_epochs": 150,
    "pretrain_lr": 0.0004394540520288414,
    "transformer_lr": 0.00014048944405942084,
    "ema_decay": 0.9864864581959313,
    "ema_decay_init": 0.99,
    "distill_weight": 0.003509382908865158,
    "cross_distill_weight": 0.02
  },
  "seed": 42
}