{
  "trial_number": 2,
  "dataset_name": "tox21_optuna_trial_0002",
  "model_kwargs": {
    "gnn_hidden": 256,
    "gnn_layers": 3,
    "gnn_dropout": 0.24890411118369216,
    "nhead": 8,
    "tf_layers": 1,
    "dim_ff": 1024,
    "tf_dropout": 0.3418424713352256,
    "ih_rank": 32,
    "ih_symmetric": false,
    "ih_proj_dim": 256,
    "ih_num_prototypes": 4,
    "ih_assignment_mode": "soft",
    "ih_diversity_weight": 0.003355151022721484
  },
  "hparams": {
    "batch_size": 128,
    "lr": 0.001770729418560415,
    "weight_decay": 0.00042378240651928307,
    "num_epochs": 60,
    "patience": 12,
    "gcn_pretrain_epochs": 40,
    "transformer_epochs": 60,
    "pretrain_lr": 3.687744286155103e-05,
    "transformer_lr": 0.001770729418560415,
    "ema_decay": 0.9537720155816108,
    "distill_weight": 0.0046422313960206695
  },
  "seed": 42
}