{
  "generated_at": "2026-06-20T21:13:17",
  "study_name": "sider_xkd",
  "trial_number": 22,
  "model_kwargs": {
    "gnn_hidden": 256,
    "gnn_layers": 3,
    "gnn_dropout": 0.46958747216893976,
    "nhead": 4,
    "tf_layers": 3,
    "dim_ff": 512,
    "tf_dropout": 0.3039889804777923,
    "ih_rank": 32,
    "ih_symmetric": false,
    "ih_proj_dim": 0,
    "ih_num_prototypes": 12,
    "ih_assignment_mode": "hard",
    "ih_diversity_weight": 0.0018296619917978858,
    "info_nce_temperature": 0.2
  },
  "hparams": {
    "batch_size": 64,
    "lr": 0.0009561626971041157,
    "weight_decay": 3.6601034288152244e-05,
    "num_epochs": 150,
    "patience": 10,
    "gcn_pretrain_epochs": 150,
    "transformer_epochs": 150,
    "pretrain_lr": 0.0006784393996616381,
    "transformer_lr": 0.0009561626971041157,
    "ema_decay": 0.9600588944398283,
    "ema_decay_init": 0.98,
    "distill_weight": 0.0010794255062141172,
    "cross_distill_weight": 0.02
  },
  "device": "cuda",
  "status": "pruned"
}