{
  "generated_at": "2026-05-25T22:53:45",
  "study_name": "dual_kd_gnn_optuna",
  "trial_number": 9,
  "model_kwargs": {
    "gnn_hidden": 384,
    "gnn_layers": 3,
    "gnn_dropout": 0.3130622968512546,
    "nhead": 8,
    "tf_layers": 2,
    "dim_ff": 768,
    "tf_dropout": 0.2963400392208866,
    "ih_rank": 16,
    "ih_symmetric": true,
    "ih_proj_dim": 0,
    "ih_num_prototypes": 12,
    "ih_assignment_mode": "sparse",
    "ih_diversity_weight": 0.0023700563480372563
  },
  "hparams": {
    "batch_size": 64,
    "lr": 0.0002246771704222143,
    "weight_decay": 0.002198751452229721,
    "num_epochs": 60,
    "patience": 12,
    "gcn_pretrain_epochs": 40,
    "transformer_epochs": 60,
    "pretrain_lr": 0.0017484906656547842,
    "transformer_lr": 0.0002246771704222143,
    "ema_decay": 0.9595937656046755,
    "distill_weight": 0.0014441171774447511
  },
  "device": "cuda",
  "status": "pruned"
}