{
  "trial_number": 29,
  "dataset_name": "tox21_optuna_trial_0029",
  "model_kwargs": {
    "gnn_hidden": 192,
    "gnn_layers": 4,
    "gnn_dropout": 0.544003341843712,
    "nhead": 8,
    "tf_layers": 2,
    "dim_ff": 576,
    "tf_dropout": 0.10309240559076903,
    "ih_rank": 32,
    "ih_symmetric": true,
    "ih_proj_dim": 256,
    "ih_num_prototypes": 8,
    "ih_assignment_mode": "soft",
    "ih_diversity_weight": 0.001207267223680232
  },
  "hparams": {
    "batch_size": 64,
    "lr": 0.0009629079272607531,
    "weight_decay": 1.0016243115263103e-06,
    "num_epochs": 60,
    "patience": 12,
    "gcn_pretrain_epochs": 40,
    "transformer_epochs": 60,
    "pretrain_lr": 0.0004355294207617948,
    "transformer_lr": 0.0009629079272607531,
    "ema_decay": 0.9855980104784238,
    "distill_weight": 0.03429512515577418
  },
  "seed": 42
}