{
  "trial_number": 19,
  "dataset_name": "tox21_optuna_trial_0019",
  "model_kwargs": {
    "gnn_hidden": 128,
    "gnn_layers": 4,
    "gnn_dropout": 0.47830346822306824,
    "nhead": 8,
    "tf_layers": 3,
    "dim_ff": 384,
    "tf_dropout": 0.3588927146833743,
    "ih_rank": 32,
    "ih_symmetric": false,
    "ih_proj_dim": 128,
    "ih_num_prototypes": 16,
    "ih_assignment_mode": "hard",
    "ih_diversity_weight": 0.001128297077656764,
    "info_nce_temperature": 0.5
  },
  "hparams": {
    "batch_size": 256,
    "lr": 0.0002226091335966255,
    "weight_decay": 6.920756167183455e-05,
    "num_epochs": 150,
    "patience": 10,
    "gcn_pretrain_epochs": 150,
    "transformer_epochs": 150,
    "pretrain_lr": 0.0011802746995586808,
    "transformer_lr": 0.0002226091335966255,
    "ema_decay": 0.9748743229623587,
    "ema_decay_init": 0.99,
    "distill_weight": 0.0014518597734042848,
    "cross_distill_weight": 0.05
  },
  "seed": 42
}