{
  "trial_number": 19,
  "dataset_name": "tox21_optuna_trial_0019",
  "model_kwargs": {
    "gnn_hidden": 128,
    "gnn_layers": 4,
    "gnn_dropout": 0.5056932143233251,
    "nhead": 4,
    "tf_layers": 1,
    "dim_ff": 384,
    "tf_dropout": 0.2721147996841561,
    "ih_rank": 64,
    "ih_symmetric": false,
    "ih_proj_dim": 0,
    "ih_num_prototypes": 16,
    "ih_assignment_mode": "soft",
    "ih_diversity_weight": 0.00010348376543524901,
    "info_nce_temperature": 0.1
  },
  "hparams": {
    "batch_size": 64,
    "lr": 0.0008030983915282349,
    "weight_decay": 3.9939523606744e-05,
    "num_epochs": 60,
    "patience": 12,
    "gcn_pretrain_epochs": 40,
    "transformer_epochs": 60,
    "pretrain_lr": 0.0003226434842385962,
    "transformer_lr": 0.0008030983915282349,
    "ema_decay": 0.972114333054962,
    "ema_decay_init": 0.98,
    "distill_weight": 0.003242610696642083,
    "cross_distill_weight": 0.05
  },
  "seed": 42
}