{
  "trial_number": 31,
  "dataset_name": "clintox_optuna_trial_0031",
  "model_kwargs": {
    "gnn_hidden": 192,
    "gnn_layers": 4,
    "gnn_dropout": 0.41285904282605457,
    "nhead": 8,
    "tf_layers": 2,
    "dim_ff": 768,
    "tf_dropout": 0.4795607398596644,
    "ih_rank": 16,
    "ih_symmetric": true,
    "ih_proj_dim": 256,
    "ih_num_prototypes": 8,
    "ih_assignment_mode": "hard",
    "ih_diversity_weight": 0.00254165192376888,
    "info_nce_temperature": 0.5
  },
  "hparams": {
    "batch_size": 64,
    "lr": 0.00027722614962220025,
    "weight_decay": 1.580756852396221e-06,
    "num_epochs": 150,
    "patience": 10,
    "gcn_pretrain_epochs": 150,
    "transformer_epochs": 150,
    "pretrain_lr": 0.0015348226025419572,
    "transformer_lr": 0.00027722614962220025,
    "ema_decay": 0.9795279798824097,
    "ema_decay_init": 0.9,
    "distill_weight": 0.09094165890816007,
    "cross_distill_weight": 0.02
  },
  "seed": 42
}