{
  "trial_number": 31,
  "dataset_name": "clintox_optuna_trial_0031",
  "model_kwargs": {
    "gnn_hidden": 384,
    "gnn_layers": 3,
    "gnn_dropout": 0.5138864442001849,
    "nhead": 4,
    "tf_layers": 3,
    "dim_ff": 1152,
    "tf_dropout": 0.32856916175176026,
    "ih_rank": 64,
    "ih_symmetric": true,
    "ih_proj_dim": 128,
    "ih_num_prototypes": 16,
    "ih_assignment_mode": "hard",
    "ih_diversity_weight": 0.019720353849936204,
    "info_nce_temperature": 0.2
  },
  "hparams": {
    "batch_size": 64,
    "lr": 0.0011738772109423862,
    "weight_decay": 7.901456653138826e-05,
    "num_epochs": 150,
    "patience": 10,
    "gcn_pretrain_epochs": 150,
    "transformer_epochs": 150,
    "pretrain_lr": 0.00012226777114701656,
    "transformer_lr": 0.0011738772109423862,
    "ema_decay": 0.9924003492756976,
    "ema_decay_init": 0.9,
    "distill_weight": 0.012957533740528855,
    "cross_distill_weight": 0.02
  },
  "seed": 42
}