{
  "trial_number": 33,
  "dataset_name": "tox21_optuna_trial_0033",
  "model_kwargs": {
    "gnn_hidden": 192,
    "gnn_layers": 3,
    "gnn_dropout": 0.49332700969083115,
    "nhead": 8,
    "tf_layers": 3,
    "dim_ff": 576,
    "tf_dropout": 0.21723606254828198,
    "ih_rank": 16,
    "ih_symmetric": false,
    "ih_proj_dim": 256,
    "ih_num_prototypes": 16,
    "ih_assignment_mode": "sparse",
    "ih_diversity_weight": 0.00024156013129852415,
    "info_nce_temperature": 0.5
  },
  "hparams": {
    "batch_size": 64,
    "lr": 0.000139423243267285,
    "weight_decay": 6.735080237087399e-05,
    "num_epochs": 150,
    "patience": 10,
    "gcn_pretrain_epochs": 150,
    "transformer_epochs": 150,
    "pretrain_lr": 0.0019108634003307365,
    "transformer_lr": 0.000139423243267285,
    "ema_decay": 0.9654785824237604,
    "ema_decay_init": 0.99,
    "distill_weight": 0.004973843196382789,
    "cross_distill_weight": 0.05
  },
  "seed": 42
}