{
  "generated_at": "2026-06-23T14:54:22",
  "study_name": "bace_xkd",
  "trial_number": 57,
  "model_kwargs": {
    "gnn_hidden": 512,
    "gnn_layers": 4,
    "gnn_dropout": 0.4976882450399484,
    "nhead": 4,
    "tf_layers": 4,
    "dim_ff": 1024,
    "tf_dropout": 0.16844019871732344,
    "ih_rank": 16,
    "ih_symmetric": true,
    "ih_proj_dim": 128,
    "ih_num_prototypes": 8,
    "ih_assignment_mode": "hard",
    "ih_diversity_weight": 0.0006627113550439649,
    "info_nce_temperature": 0.2
  },
  "hparams": {
    "batch_size": 128,
    "lr": 0.00028490381833825326,
    "weight_decay": 1.2434361103129284e-06,
    "num_epochs": 150,
    "patience": 10,
    "gcn_pretrain_epochs": 150,
    "transformer_epochs": 150,
    "pretrain_lr": 0.0001428997063272536,
    "transformer_lr": 0.00028490381833825326,
    "ema_decay": 0.9936310095360422,
    "ema_decay_init": 0.9,
    "distill_weight": 0.0022132209061326447,
    "cross_distill_weight": 0.02
  },
  "device": "cuda",
  "status": "pruned"
}