{
  "generated_at": "2026-06-21T14:34:38",
  "study_name": "bace_xkd",
  "trial_number": 2,
  "model_kwargs": {
    "gnn_hidden": 128,
    "gnn_layers": 3,
    "gnn_dropout": 0.4815132947852186,
    "nhead": 8,
    "tf_layers": 3,
    "dim_ff": 384,
    "tf_dropout": 0.191519266196649,
    "ih_rank": 32,
    "ih_symmetric": true,
    "ih_proj_dim": 128,
    "ih_num_prototypes": 16,
    "ih_assignment_mode": "hard",
    "ih_diversity_weight": 0.0007148510793512986,
    "info_nce_temperature": 0.5
  },
  "hparams": {
    "batch_size": 64,
    "lr": 0.00046184639800512974,
    "weight_decay": 1.0300196600986763e-05,
    "num_epochs": 150,
    "patience": 10,
    "gcn_pretrain_epochs": 150,
    "transformer_epochs": 150,
    "pretrain_lr": 0.0016855972264420173,
    "transformer_lr": 0.00046184639800512974,
    "ema_decay": 0.965836943669017,
    "ema_decay_init": 0.99,
    "distill_weight": 0.08195776360834474,
    "cross_distill_weight": 0.05
  },
  "device": "cuda",
  "status": "pruned"
}