{
  "generated_at": "2026-06-23T10:56:10",
  "study_name": "bace_xkd",
  "trial_number": 2,
  "model_kwargs": {
    "gnn_hidden": 512,
    "gnn_layers": 4,
    "gnn_dropout": 0.35257473890627333,
    "nhead": 4,
    "tf_layers": 3,
    "dim_ff": 2048,
    "tf_dropout": 0.18550820367170992,
    "ih_rank": 32,
    "ih_symmetric": true,
    "ih_proj_dim": 128,
    "ih_num_prototypes": 8,
    "ih_assignment_mode": "sparse",
    "ih_diversity_weight": 0.00030455368715396805,
    "info_nce_temperature": 0.2
  },
  "hparams": {
    "batch_size": 64,
    "lr": 0.00136080647750805,
    "weight_decay": 0.001269216954106513,
    "num_epochs": 150,
    "patience": 10,
    "gcn_pretrain_epochs": 150,
    "transformer_epochs": 150,
    "pretrain_lr": 0.0005031534265670326,
    "transformer_lr": 0.00136080647750805,
    "ema_decay": 0.989564567603039,
    "ema_decay_init": 0.9,
    "distill_weight": 0.009611426142207991,
    "cross_distill_weight": 0.05
  },
  "device": "cuda",
  "status": "pruned"
}