{
  "generated_at": "2026-06-20T17:46:43",
  "study_name": "clintox_xkd",
  "trial_number": 30,
  "model_kwargs": {
    "gnn_hidden": 384,
    "gnn_layers": 2,
    "gnn_dropout": 0.5191655581046968,
    "nhead": 4,
    "tf_layers": 3,
    "dim_ff": 768,
    "tf_dropout": 0.24216905121327836,
    "ih_rank": 32,
    "ih_symmetric": false,
    "ih_proj_dim": 0,
    "ih_num_prototypes": 8,
    "ih_assignment_mode": "hard",
    "ih_diversity_weight": 0.033512802493457894,
    "info_nce_temperature": 0.5
  },
  "hparams": {
    "batch_size": 128,
    "lr": 0.0012857577989094206,
    "weight_decay": 2.756404178211185e-05,
    "num_epochs": 150,
    "patience": 10,
    "gcn_pretrain_epochs": 150,
    "transformer_epochs": 150,
    "pretrain_lr": 0.0002885167582334735,
    "transformer_lr": 0.0012857577989094206,
    "ema_decay": 0.9892105216229427,
    "ema_decay_init": 0.9,
    "distill_weight": 0.01628041891273498,
    "cross_distill_weight": 0.02
  },
  "device": "cuda",
  "status": "pruned"
}