{
  "trial_number": 30,
  "dataset_name": "clintox_optuna_trial_0030",
  "model_kwargs": {
    "gnn_hidden": 128,
    "gnn_layers": 4,
    "gnn_dropout": 0.4199877524523769,
    "nhead": 4,
    "tf_layers": 2,
    "dim_ff": 512,
    "tf_dropout": 0.46032826467734245,
    "ih_rank": 16,
    "ih_symmetric": false,
    "ih_proj_dim": 256,
    "ih_num_prototypes": 16,
    "ih_assignment_mode": "sparse",
    "ih_diversity_weight": 0.001630418190046748,
    "info_nce_temperature": 0.2
  },
  "hparams": {
    "batch_size": 64,
    "lr": 0.00041371766371735687,
    "weight_decay": 1.2152244366755259e-06,
    "num_epochs": 150,
    "patience": 10,
    "gcn_pretrain_epochs": 150,
    "transformer_epochs": 150,
    "pretrain_lr": 0.0007178591978955082,
    "transformer_lr": 0.00041371766371735687,
    "ema_decay": 0.9830134946306447,
    "ema_decay_init": 0.9,
    "distill_weight": 0.00413389371223022,
    "cross_distill_weight": 0.02
  },
  "seed": 42
}