{
  "generated_at": "2026-06-20T15:47:52",
  "study_name": "bbbp_xkd",
  "trial_number": 48,
  "model_kwargs": {
    "gnn_hidden": 256,
    "gnn_layers": 2,
    "gnn_dropout": 0.47058157506603937,
    "nhead": 8,
    "tf_layers": 1,
    "dim_ff": 768,
    "tf_dropout": 0.24804489347425718,
    "ih_rank": 32,
    "ih_symmetric": true,
    "ih_proj_dim": 128,
    "ih_num_prototypes": 4,
    "ih_assignment_mode": "hard",
    "ih_diversity_weight": 0.019026107776753474,
    "info_nce_temperature": 0.2
  },
  "hparams": {
    "batch_size": 64,
    "lr": 0.0012881272745913996,
    "weight_decay": 1.97844933422365e-05,
    "num_epochs": 150,
    "patience": 10,
    "gcn_pretrain_epochs": 150,
    "transformer_epochs": 150,
    "pretrain_lr": 0.00047970175248225497,
    "transformer_lr": 0.0012881272745913996,
    "ema_decay": 0.9765591565096676,
    "ema_decay_init": 0.95,
    "distill_weight": 0.005347812271529427,
    "cross_distill_weight": 0.1
  },
  "device": "cuda",
  "status": "complete"
}