{
  "generated_at": "2026-06-23T19:54:19",
  "study_name": "tox21_xkd",
  "trial_number": 11,
  "model_kwargs": {
    "gnn_hidden": 512,
    "gnn_layers": 4,
    "gnn_dropout": 0.5142989377619711,
    "nhead": 8,
    "tf_layers": 2,
    "dim_ff": 1536,
    "tf_dropout": 0.21209211703322134,
    "ih_rank": 64,
    "ih_symmetric": true,
    "ih_proj_dim": 128,
    "ih_num_prototypes": 16,
    "ih_assignment_mode": "sparse",
    "ih_diversity_weight": 0.06590433986224711,
    "info_nce_temperature": 0.5
  },
  "hparams": {
    "batch_size": 64,
    "lr": 0.0001463285751583135,
    "weight_decay": 0.00025579968672013824,
    "num_epochs": 150,
    "patience": 10,
    "gcn_pretrain_epochs": 150,
    "transformer_epochs": 150,
    "pretrain_lr": 1.7468104616493494e-05,
    "transformer_lr": 0.0001463285751583135,
    "ema_decay": 0.9709501746611607,
    "ema_decay_init": 0.98,
    "distill_weight": 0.007043103591006257,
    "cross_distill_weight": 0.1
  },
  "device": "cuda",
  "status": "pruned"
}