{
  "generated_at": "2026-06-22T03:04:56",
  "study_name": "tox21_xkd",
  "trial_number": 11,
  "model_kwargs": {
    "gnn_hidden": 384,
    "gnn_layers": 4,
    "gnn_dropout": 0.3841074691892978,
    "nhead": 8,
    "tf_layers": 3,
    "dim_ff": 1152,
    "tf_dropout": 0.4568718558398774,
    "ih_rank": 64,
    "ih_symmetric": false,
    "ih_proj_dim": 128,
    "ih_num_prototypes": 16,
    "ih_assignment_mode": "soft",
    "ih_diversity_weight": 0.0023099018050180887,
    "info_nce_temperature": 0.5
  },
  "hparams": {
    "batch_size": 64,
    "lr": 0.0001582605431348031,
    "weight_decay": 0.00015469949924183746,
    "num_epochs": 150,
    "patience": 10,
    "gcn_pretrain_epochs": 150,
    "transformer_epochs": 150,
    "pretrain_lr": 0.0017491174551468123,
    "transformer_lr": 0.0001582605431348031,
    "ema_decay": 0.9769644334921205,
    "ema_decay_init": 0.9,
    "distill_weight": 0.01087967663968619,
    "cross_distill_weight": 0.05
  },
  "device": "cuda",
  "status": "complete"
}