{
  "trial_number": 11,
  "dataset_name": "tox21_optuna_trial_0011",
  "model_kwargs": {
    "gnn_hidden": 192,
    "gnn_layers": 4,
    "gnn_dropout": 0.5207664808899499,
    "nhead": 4,
    "tf_layers": 3,
    "dim_ff": 384,
    "tf_dropout": 0.24480076732122366,
    "ih_rank": 16,
    "ih_symmetric": false,
    "ih_proj_dim": 256,
    "ih_num_prototypes": 16,
    "ih_assignment_mode": "hard",
    "ih_diversity_weight": 0.00024484283244165716,
    "info_nce_temperature": 0.1
  },
  "hparams": {
    "batch_size": 128,
    "lr": 0.0019649434808881056,
    "weight_decay": 9.159676831181947e-05,
    "num_epochs": 60,
    "patience": 12,
    "gcn_pretrain_epochs": 40,
    "transformer_epochs": 60,
    "pretrain_lr": 0.000325391419629303,
    "transformer_lr": 0.0019649434808881056,
    "ema_decay": 0.9790717530829914,
    "ema_decay_init": 0.98,
    "distill_weight": 0.1772566402738723,
    "cross_distill_weight": 0.05
  },
  "seed": 42
}