{
  "generated_at": "2026-05-31T05:41:43",
  "study_name": "xkd_on",
  "trial_number": 12,
  "model_kwargs": {
    "gnn_hidden": 384,
    "gnn_layers": 2,
    "gnn_dropout": 0.3796358453432269,
    "nhead": 4,
    "tf_layers": 3,
    "dim_ff": 1152,
    "tf_dropout": 0.38130998905912755,
    "ih_rank": 64,
    "ih_symmetric": false,
    "ih_proj_dim": 128,
    "ih_num_prototypes": 4,
    "ih_assignment_mode": "sparse",
    "ih_diversity_weight": 0.004508497020605289
  },
  "hparams": {
    "batch_size": 64,
    "lr": 5.135303690624522e-05,
    "weight_decay": 0.00014102051638208792,
    "num_epochs": 60,
    "patience": 12,
    "gcn_pretrain_epochs": 40,
    "transformer_epochs": 60,
    "pretrain_lr": 0.0016046516526643454,
    "transformer_lr": 5.135303690624522e-05,
    "ema_decay": 0.9956012188908132,
    "distill_weight": 0.004295064325387889,
    "cross_distill_weight": 0.02
  },
  "device": "cuda",
  "status": "complete"
}