{
  "generated_at": "2026-05-26T09:13:04",
  "study_name": "dual_kd_gnn_optuna",
  "trial_number": 13,
  "model_kwargs": {
    "gnn_hidden": 192,
    "gnn_layers": 3,
    "gnn_dropout": 0.48117445106608653,
    "nhead": 8,
    "tf_layers": 2,
    "dim_ff": 384,
    "tf_dropout": 0.12356287688112073,
    "ih_rank": 16,
    "ih_symmetric": true,
    "ih_proj_dim": 0,
    "ih_num_prototypes": 12,
    "ih_assignment_mode": "hard",
    "ih_diversity_weight": 0.0017345546885099163
  },
  "hparams": {
    "batch_size": 64,
    "lr": 0.000697480358900233,
    "weight_decay": 1.1240907015292755e-05,
    "num_epochs": 60,
    "patience": 12,
    "gcn_pretrain_epochs": 40,
    "transformer_epochs": 60,
    "pretrain_lr": 8.593739779227662e-05,
    "transformer_lr": 0.000697480358900233,
    "ema_decay": 0.9877832784602444,
    "distill_weight": 0.005187073736519068
  },
  "device": "cuda",
  "status": "pruned"
}