{
  "generated_at": "2026-06-19T15:26:43",
  "study_name": "clintox_xkd",
  "trial_number": 5,
  "model_kwargs": {
    "gnn_hidden": 128,
    "gnn_layers": 4,
    "gnn_dropout": 0.32955554508940554,
    "nhead": 8,
    "tf_layers": 2,
    "dim_ff": 512,
    "tf_dropout": 0.48666192761746785,
    "ih_rank": 16,
    "ih_symmetric": false,
    "ih_proj_dim": 256,
    "ih_num_prototypes": 4,
    "ih_assignment_mode": "hard",
    "ih_diversity_weight": 0.04286661750367163,
    "info_nce_temperature": 0.1
  },
  "hparams": {
    "batch_size": 128,
    "lr": 0.000293568038392674,
    "weight_decay": 0.002693643916317941,
    "num_epochs": 60,
    "patience": 12,
    "gcn_pretrain_epochs": 40,
    "transformer_epochs": 60,
    "pretrain_lr": 0.0013430342707628244,
    "transformer_lr": 0.000293568038392674,
    "ema_decay": 0.994748787075267,
    "ema_decay_init": 0.98,
    "distill_weight": 0.04123318100884304,
    "cross_distill_weight": 0.05
  },
  "device": "cuda",
  "status": "pruned"
}