{
  "generated_at": "2026-06-23T15:37:35",
  "study_name": "bace_xkd",
  "trial_number": 67,
  "model_kwargs": {
    "gnn_hidden": 512,
    "gnn_layers": 3,
    "gnn_dropout": 0.27310341031532404,
    "nhead": 4,
    "tf_layers": 4,
    "dim_ff": 1536,
    "tf_dropout": 0.259498121252873,
    "ih_rank": 64,
    "ih_symmetric": true,
    "ih_proj_dim": 128,
    "ih_num_prototypes": 6,
    "ih_assignment_mode": "sparse",
    "ih_diversity_weight": 0.043416836601957026,
    "info_nce_temperature": 0.2
  },
  "hparams": {
    "batch_size": 128,
    "lr": 0.00014403871864554908,
    "weight_decay": 8.331509292020415e-05,
    "num_epochs": 150,
    "patience": 10,
    "gcn_pretrain_epochs": 150,
    "transformer_epochs": 150,
    "pretrain_lr": 0.0001216979486339682,
    "transformer_lr": 0.00014403871864554908,
    "ema_decay": 0.9532712262716476,
    "ema_decay_init": 0.9,
    "distill_weight": 0.014070243950277192,
    "cross_distill_weight": 0.1
  },
  "device": "cuda",
  "status": "pruned"
}