{
  "trial_number": 21,
  "dataset_name": "bace_optuna_trial_0021",
  "model_kwargs": {
    "gnn_hidden": 256,
    "gnn_layers": 2,
    "gnn_dropout": 0.49296954893011036,
    "nhead": 8,
    "tf_layers": 4,
    "dim_ff": 1024,
    "tf_dropout": 0.2669336859280771,
    "ih_rank": 16,
    "ih_symmetric": false,
    "ih_proj_dim": 0,
    "ih_num_prototypes": 6,
    "ih_assignment_mode": "soft",
    "ih_diversity_weight": 0.0001024281911464866,
    "info_nce_temperature": 0.2
  },
  "hparams": {
    "batch_size": 128,
    "lr": 0.00016138435410921202,
    "weight_decay": 0.0009428030861465468,
    "num_epochs": 150,
    "patience": 10,
    "gcn_pretrain_epochs": 150,
    "transformer_epochs": 150,
    "pretrain_lr": 0.0016670998894803364,
    "transformer_lr": 0.00016138435410921202,
    "ema_decay": 0.955671526020098,
    "ema_decay_init": 0.98,
    "distill_weight": 0.011995288558548227,
    "cross_distill_weight": 0.1
  },
  "seed": 42
}