{
  "trial_number": 21,
  "dataset_name": "bace_optuna_trial_0021",
  "model_kwargs": {
    "gnn_hidden": 128,
    "gnn_layers": 4,
    "gnn_dropout": 0.4294482806120865,
    "nhead": 4,
    "tf_layers": 3,
    "dim_ff": 384,
    "tf_dropout": 0.28737859117397685,
    "ih_rank": 64,
    "ih_symmetric": true,
    "ih_proj_dim": 256,
    "ih_num_prototypes": 16,
    "ih_assignment_mode": "soft",
    "ih_diversity_weight": 0.001031441997031201,
    "info_nce_temperature": 0.5
  },
  "hparams": {
    "batch_size": 256,
    "lr": 0.00012226205190128531,
    "weight_decay": 8.377680829648352e-05,
    "num_epochs": 150,
    "patience": 10,
    "gcn_pretrain_epochs": 150,
    "transformer_epochs": 150,
    "pretrain_lr": 0.0013928102891975689,
    "transformer_lr": 0.00012226205190128531,
    "ema_decay": 0.9727882997319703,
    "ema_decay_init": 0.99,
    "distill_weight": 0.0019930756962699718,
    "cross_distill_weight": 0.05
  },
  "seed": 42
}