{
  "trial_number": 21,
  "dataset_name": "bace_optuna_trial_0021",
  "model_kwargs": {
    "gnn_hidden": 128,
    "gnn_layers": 2,
    "gnn_dropout": 0.35487089303587915,
    "nhead": 4,
    "tf_layers": 2,
    "dim_ff": 512,
    "tf_dropout": 0.1273105068906623,
    "ih_rank": 32,
    "ih_symmetric": false,
    "ih_proj_dim": 0,
    "ih_num_prototypes": 16,
    "ih_assignment_mode": "hard",
    "ih_diversity_weight": 0.0001170025885846973,
    "info_nce_temperature": 0.5
  },
  "hparams": {
    "batch_size": 64,
    "lr": 0.001179988373187896,
    "weight_decay": 0.0002573089623316434,
    "num_epochs": 150,
    "patience": 10,
    "gcn_pretrain_epochs": 150,
    "transformer_epochs": 150,
    "pretrain_lr": 0.000308604417672133,
    "transformer_lr": 0.001179988373187896,
    "ema_decay": 0.9685476761412051,
    "ema_decay_init": 0.99,
    "distill_weight": 0.022690303630113297,
    "cross_distill_weight": 0.05
  },
  "seed": 42
}