{
  "trial_number": 4,
  "dataset_name": "clintox_optuna_trial_0004",
  "model_kwargs": {
    "gnn_hidden": 128,
    "gnn_layers": 4,
    "gnn_dropout": 0.42840632923085753,
    "nhead": 8,
    "tf_layers": 3,
    "dim_ff": 384,
    "tf_dropout": 0.342571623863836,
    "ih_rank": 64,
    "ih_symmetric": false,
    "ih_proj_dim": 128,
    "ih_num_prototypes": 16,
    "ih_assignment_mode": "soft",
    "ih_diversity_weight": 0.0013696739838480055,
    "info_nce_temperature": 0.5
  },
  "hparams": {
    "batch_size": 64,
    "lr": 0.000207700644741196,
    "weight_decay": 7.823766455329715e-05,
    "num_epochs": 150,
    "patience": 10,
    "gcn_pretrain_epochs": 150,
    "transformer_epochs": 150,
    "pretrain_lr": 0.0010816166071270568,
    "transformer_lr": 0.000207700644741196,
    "ema_decay": 0.9746292175621544,
    "ema_decay_init": 0.99,
    "distill_weight": 0.0022132762933407377,
    "cross_distill_weight": 0.05
  },
  "seed": 42
}