{
  "generated_at": "2026-06-20T13:26:43",
  "study_name": "bace_xkd",
  "trial_number": 22,
  "model_kwargs": {
    "gnn_hidden": 192,
    "gnn_layers": 2,
    "gnn_dropout": 0.3250844035419694,
    "nhead": 4,
    "tf_layers": 2,
    "dim_ff": 768,
    "tf_dropout": 0.1783049069302524,
    "ih_rank": 32,
    "ih_symmetric": false,
    "ih_proj_dim": 0,
    "ih_num_prototypes": 16,
    "ih_assignment_mode": "hard",
    "ih_diversity_weight": 0.00019664710173774528,
    "info_nce_temperature": 0.5
  },
  "hparams": {
    "batch_size": 64,
    "lr": 0.0010981094650310743,
    "weight_decay": 0.0002789869976946862,
    "num_epochs": 150,
    "patience": 10,
    "gcn_pretrain_epochs": 150,
    "transformer_epochs": 150,
    "pretrain_lr": 0.0005234495726270068,
    "transformer_lr": 0.0010981094650310743,
    "ema_decay": 0.9688275129614585,
    "ema_decay_init": 0.99,
    "distill_weight": 0.0016267703072579789,
    "cross_distill_weight": 0.05
  },
  "device": "cuda",
  "status": "complete"
}