{
  "generated_at": "2026-06-23T12:24:09",
  "study_name": "bace_xkd",
  "trial_number": 22,
  "model_kwargs": {
    "gnn_hidden": 512,
    "gnn_layers": 4,
    "gnn_dropout": 0.44715561568728085,
    "nhead": 8,
    "tf_layers": 3,
    "dim_ff": 1024,
    "tf_dropout": 0.17107613912937444,
    "ih_rank": 64,
    "ih_symmetric": true,
    "ih_proj_dim": 0,
    "ih_num_prototypes": 8,
    "ih_assignment_mode": "hard",
    "ih_diversity_weight": 0.00010545193495653003,
    "info_nce_temperature": 0.2
  },
  "hparams": {
    "batch_size": 128,
    "lr": 0.0003483769901638967,
    "weight_decay": 2.906313625327593e-06,
    "num_epochs": 150,
    "patience": 10,
    "gcn_pretrain_epochs": 150,
    "transformer_epochs": 150,
    "pretrain_lr": 0.00014657847330946673,
    "transformer_lr": 0.0003483769901638967,
    "ema_decay": 0.9866443215021381,
    "ema_decay_init": 0.99,
    "distill_weight": 0.0035613308093195473,
    "cross_distill_weight": 0.02
  },
  "device": "cuda",
  "status": "pruned"
}