{
  "trial_number": 22,
  "dataset_name": "bace_optuna_trial_0022",
  "model_kwargs": {
    "gnn_hidden": 256,
    "gnn_layers": 3,
    "gnn_dropout": 0.3200075033915453,
    "nhead": 8,
    "tf_layers": 1,
    "dim_ff": 512,
    "tf_dropout": 0.26601284045582596,
    "ih_rank": 32,
    "ih_symmetric": false,
    "ih_proj_dim": 128,
    "ih_num_prototypes": 4,
    "ih_assignment_mode": "soft",
    "ih_diversity_weight": 0.0007594265994164339,
    "info_nce_temperature": 1.0
  },
  "hparams": {
    "batch_size": 64,
    "lr": 0.001582806632623879,
    "weight_decay": 1.4479457507913945e-05,
    "num_epochs": 150,
    "patience": 10,
    "gcn_pretrain_epochs": 150,
    "transformer_epochs": 150,
    "pretrain_lr": 0.0002912273206481975,
    "transformer_lr": 0.001582806632623879,
    "ema_decay": 0.9931669764879134,
    "ema_decay_init": 0.99,
    "distill_weight": 0.005400020939852592,
    "cross_distill_weight": 0.1
  },
  "seed": 42
}