{
  "trial_number": 18,
  "dataset_name": "bbbp_optuna_trial_0018",
  "model_kwargs": {
    "gnn_hidden": 128,
    "gnn_layers": 2,
    "gnn_dropout": 0.5326383645064314,
    "nhead": 8,
    "tf_layers": 2,
    "dim_ff": 384,
    "tf_dropout": 0.32067280850794766,
    "ih_rank": 64,
    "ih_symmetric": true,
    "ih_proj_dim": 128,
    "ih_num_prototypes": 6,
    "ih_assignment_mode": "hard",
    "ih_diversity_weight": 0.016505188369866496,
    "info_nce_temperature": 0.2
  },
  "hparams": {
    "batch_size": 64,
    "lr": 0.0008964789194851012,
    "weight_decay": 3.315673149757036e-05,
    "num_epochs": 60,
    "patience": 12,
    "gcn_pretrain_epochs": 40,
    "transformer_epochs": 60,
    "pretrain_lr": 0.0007412654626031203,
    "transformer_lr": 0.0008964789194851012,
    "ema_decay": 0.9752153902272349,
    "ema_decay_init": 0.99,
    "distill_weight": 0.0023999134903882864,
    "cross_distill_weight": 0.05
  },
  "seed": 42
}