{
  "generated_at": "2026-06-22T07:41:47",
  "study_name": "tox21_xkd",
  "trial_number": 23,
  "model_kwargs": {
    "gnn_hidden": 192,
    "gnn_layers": 4,
    "gnn_dropout": 0.4542720317365727,
    "nhead": 8,
    "tf_layers": 2,
    "dim_ff": 768,
    "tf_dropout": 0.1333649737364796,
    "ih_rank": 16,
    "ih_symmetric": false,
    "ih_proj_dim": 256,
    "ih_num_prototypes": 16,
    "ih_assignment_mode": "soft",
    "ih_diversity_weight": 0.0005806250451980018,
    "info_nce_temperature": 0.5
  },
  "hparams": {
    "batch_size": 64,
    "lr": 0.00020595543167617995,
    "weight_decay": 0.00035690760306695364,
    "num_epochs": 150,
    "patience": 10,
    "gcn_pretrain_epochs": 150,
    "transformer_epochs": 150,
    "pretrain_lr": 0.0007863491707515413,
    "transformer_lr": 0.00020595543167617995,
    "ema_decay": 0.976003996374038,
    "ema_decay_init": 0.99,
    "distill_weight": 0.003128079998034122,
    "cross_distill_weight": 0.02
  },
  "device": "cuda",
  "status": "pruned"
}