{
  "trial_number": 23,
  "dataset_name": "tox21_optuna_trial_0023",
  "model_kwargs": {
    "gnn_hidden": 128,
    "gnn_layers": 3,
    "gnn_dropout": 0.4354616327095839,
    "nhead": 4,
    "tf_layers": 3,
    "dim_ff": 384,
    "tf_dropout": 0.3383339805071753,
    "ih_rank": 32,
    "ih_symmetric": false,
    "ih_proj_dim": 256,
    "ih_num_prototypes": 24,
    "ih_assignment_mode": "soft",
    "ih_diversity_weight": 0.00010228537589585562,
    "info_nce_temperature": 0.5
  },
  "hparams": {
    "batch_size": 128,
    "lr": 0.00021669261510003784,
    "weight_decay": 0.0016142023427310802,
    "num_epochs": 150,
    "patience": 10,
    "gcn_pretrain_epochs": 150,
    "transformer_epochs": 150,
    "pretrain_lr": 0.0015521473513904517,
    "transformer_lr": 0.00021669261510003784,
    "ema_decay": 0.9887541032940228,
    "ema_decay_init": 0.9,
    "distill_weight": 0.036606812577098635,
    "cross_distill_weight": 0.1
  },
  "seed": 42
}