{
  "trial_number": 23,
  "dataset_name": "tox21_optuna_trial_0023",
  "model_kwargs": {
    "gnn_hidden": 128,
    "gnn_layers": 3,
    "gnn_dropout": 0.39659951895984036,
    "nhead": 4,
    "tf_layers": 2,
    "dim_ff": 384,
    "tf_dropout": 0.45382728925830734,
    "ih_rank": 32,
    "ih_symmetric": false,
    "ih_proj_dim": 256,
    "ih_num_prototypes": 6,
    "ih_assignment_mode": "hard",
    "ih_diversity_weight": 0.015568031682624807,
    "info_nce_temperature": 0.5
  },
  "hparams": {
    "batch_size": 128,
    "lr": 0.0002297819616446426,
    "weight_decay": 0.00013171848173417256,
    "num_epochs": 150,
    "patience": 10,
    "gcn_pretrain_epochs": 150,
    "transformer_epochs": 150,
    "pretrain_lr": 0.001856857263500134,
    "transformer_lr": 0.0002297819616446426,
    "ema_decay": 0.9855938687854406,
    "ema_decay_init": 0.9,
    "distill_weight": 0.0014254164953551047,
    "cross_distill_weight": 0.02
  },
  "seed": 42
}