{
  "generated_at": "2026-06-23T16:34:03",
  "study_name": "tox21_xkd",
  "trial_number": 2,
  "model_kwargs": {
    "gnn_hidden": 256,
    "gnn_layers": 2,
    "gnn_dropout": 0.3863846850687013,
    "nhead": 8,
    "tf_layers": 4,
    "dim_ff": 512,
    "tf_dropout": 0.2747876687446625,
    "ih_rank": 32,
    "ih_symmetric": false,
    "ih_proj_dim": 256,
    "ih_num_prototypes": 16,
    "ih_assignment_mode": "soft",
    "ih_diversity_weight": 0.026443593078398657,
    "info_nce_temperature": 0.2
  },
  "hparams": {
    "batch_size": 128,
    "lr": 0.00019794771074932348,
    "weight_decay": 0.0009837043811631947,
    "num_epochs": 150,
    "patience": 10,
    "gcn_pretrain_epochs": 150,
    "transformer_epochs": 150,
    "pretrain_lr": 1.0404501336028154e-05,
    "transformer_lr": 0.00019794771074932348,
    "ema_decay": 0.9848116717747494,
    "ema_decay_init": 0.9,
    "distill_weight": 0.03844053400737477,
    "cross_distill_weight": 0.1
  },
  "device": "cuda",
  "status": "complete"
}