{
  "generated_at": "2026-06-23T15:07:24",
  "study_name": "bace_xkd",
  "trial_number": 60,
  "model_kwargs": {
    "gnn_hidden": 512,
    "gnn_layers": 3,
    "gnn_dropout": 0.3825824522374203,
    "nhead": 4,
    "tf_layers": 3,
    "dim_ff": 2048,
    "tf_dropout": 0.2745519161601692,
    "ih_rank": 64,
    "ih_symmetric": true,
    "ih_proj_dim": 128,
    "ih_num_prototypes": 4,
    "ih_assignment_mode": "hard",
    "ih_diversity_weight": 0.00020014948912277825,
    "info_nce_temperature": 1.0
  },
  "hparams": {
    "batch_size": 128,
    "lr": 0.00032968031005749357,
    "weight_decay": 3.381868701842815e-06,
    "num_epochs": 150,
    "patience": 10,
    "gcn_pretrain_epochs": 150,
    "transformer_epochs": 150,
    "pretrain_lr": 0.00019365620571204828,
    "transformer_lr": 0.00032968031005749357,
    "ema_decay": 0.9883707473746668,
    "ema_decay_init": 0.99,
    "distill_weight": 0.002770307733242746,
    "cross_distill_weight": 0.1
  },
  "device": "cuda",
  "status": "pruned"
}