{
  "generated_at": "2026-06-20T22:39:32",
  "study_name": "sider_xkd",
  "trial_number": 38,
  "model_kwargs": {
    "gnn_hidden": 256,
    "gnn_layers": 3,
    "gnn_dropout": 0.5498152891305588,
    "nhead": 4,
    "tf_layers": 2,
    "dim_ff": 512,
    "tf_dropout": 0.3049646325855492,
    "ih_rank": 32,
    "ih_symmetric": false,
    "ih_proj_dim": 0,
    "ih_num_prototypes": 4,
    "ih_assignment_mode": "soft",
    "ih_diversity_weight": 0.008485871363407841,
    "info_nce_temperature": 0.2
  },
  "hparams": {
    "batch_size": 64,
    "lr": 0.000318687962096694,
    "weight_decay": 0.0002071251711627888,
    "num_epochs": 150,
    "patience": 10,
    "gcn_pretrain_epochs": 150,
    "transformer_epochs": 150,
    "pretrain_lr": 0.0002891560581683093,
    "transformer_lr": 0.000318687962096694,
    "ema_decay": 0.9804885782376848,
    "ema_decay_init": 0.9,
    "distill_weight": 0.002036083137505806,
    "cross_distill_weight": 0.1
  },
  "device": "cuda",
  "status": "complete"
}