{
  "generated_at": "2026-06-20T22:17:25",
  "study_name": "sider_xkd",
  "trial_number": 34,
  "model_kwargs": {
    "gnn_hidden": 384,
    "gnn_layers": 3,
    "gnn_dropout": 0.5035257091753027,
    "nhead": 8,
    "tf_layers": 1,
    "dim_ff": 768,
    "tf_dropout": 0.2378923235663243,
    "ih_rank": 64,
    "ih_symmetric": true,
    "ih_proj_dim": 256,
    "ih_num_prototypes": 6,
    "ih_assignment_mode": "hard",
    "ih_diversity_weight": 0.004033648122592257,
    "info_nce_temperature": 0.2
  },
  "hparams": {
    "batch_size": 64,
    "lr": 0.0014000311739900356,
    "weight_decay": 1.2018854267739717e-05,
    "num_epochs": 150,
    "patience": 10,
    "gcn_pretrain_epochs": 150,
    "transformer_epochs": 150,
    "pretrain_lr": 0.00022234940045835592,
    "transformer_lr": 0.0014000311739900356,
    "ema_decay": 0.9653005889642333,
    "ema_decay_init": 0.98,
    "distill_weight": 0.002405479111531884,
    "cross_distill_weight": 0.05
  },
  "device": "cuda",
  "status": "complete"
}