{
  "trial_number": 19,
  "dataset_name": "clintox_optuna_trial_0019",
  "model_kwargs": {
    "gnn_hidden": 128,
    "gnn_layers": 4,
    "gnn_dropout": 0.40553729828944235,
    "nhead": 8,
    "tf_layers": 1,
    "dim_ff": 256,
    "tf_dropout": 0.3915346548930625,
    "ih_rank": 64,
    "ih_symmetric": true,
    "ih_proj_dim": 0,
    "ih_num_prototypes": 4,
    "ih_assignment_mode": "sparse",
    "ih_diversity_weight": 0.0007726343261626103,
    "info_nce_temperature": 1.0
  },
  "hparams": {
    "batch_size": 64,
    "lr": 0.0012565747306303202,
    "weight_decay": 5.225596773546395e-05,
    "num_epochs": 150,
    "patience": 10,
    "gcn_pretrain_epochs": 150,
    "transformer_epochs": 150,
    "pretrain_lr": 0.0019363571878619036,
    "transformer_lr": 0.0012565747306303202,
    "ema_decay": 0.989472994563469,
    "ema_decay_init": 0.9,
    "distill_weight": 0.002614383203190928,
    "cross_distill_weight": 0.02
  },
  "seed": 42
}