{
  "trial_number": 19,
  "dataset_name": "clintox_optuna_trial_0019",
  "model_kwargs": {
    "gnn_hidden": 384,
    "gnn_layers": 2,
    "gnn_dropout": 0.36693811588012926,
    "nhead": 4,
    "tf_layers": 2,
    "dim_ff": 768,
    "tf_dropout": 0.15271062199062074,
    "ih_rank": 32,
    "ih_symmetric": true,
    "ih_proj_dim": 128,
    "ih_num_prototypes": 8,
    "ih_assignment_mode": "hard",
    "ih_diversity_weight": 0.003131048762808039,
    "info_nce_temperature": 0.2
  },
  "hparams": {
    "batch_size": 128,
    "lr": 0.00047985249196087716,
    "weight_decay": 1.4037309204724472e-05,
    "num_epochs": 60,
    "patience": 12,
    "gcn_pretrain_epochs": 40,
    "transformer_epochs": 60,
    "pretrain_lr": 0.00012704424306981453,
    "transformer_lr": 0.00047985249196087716,
    "ema_decay": 0.9710991776837742,
    "ema_decay_init": 0.9,
    "distill_weight": 0.04904493685308411,
    "cross_distill_weight": 0.02
  },
  "seed": 42
}