{
  "generated_at": "2026-06-21T20:30:40",
  "study_name": "clintox_xkd",
  "trial_number": 24,
  "model_kwargs": {
    "gnn_hidden": 192,
    "gnn_layers": 4,
    "gnn_dropout": 0.43579148235476967,
    "nhead": 8,
    "tf_layers": 3,
    "dim_ff": 384,
    "tf_dropout": 0.49310413060275243,
    "ih_rank": 32,
    "ih_symmetric": false,
    "ih_proj_dim": 0,
    "ih_num_prototypes": 16,
    "ih_assignment_mode": "sparse",
    "ih_diversity_weight": 0.0004215901936438483,
    "info_nce_temperature": 0.2
  },
  "hparams": {
    "batch_size": 128,
    "lr": 0.0012041696494064875,
    "weight_decay": 6.911764047090631e-06,
    "num_epochs": 150,
    "patience": 10,
    "gcn_pretrain_epochs": 150,
    "transformer_epochs": 150,
    "pretrain_lr": 0.0010043829407851944,
    "transformer_lr": 0.0012041696494064875,
    "ema_decay": 0.98189997913949,
    "ema_decay_init": 0.9,
    "distill_weight": 0.0172420763842702,
    "cross_distill_weight": 0.02
  },
  "device": "cuda",
  "status": "pruned"
}