{
  "trial_number": 24,
  "dataset_name": "clintox_optuna_trial_0024",
  "model_kwargs": {
    "gnn_hidden": 384,
    "gnn_layers": 2,
    "gnn_dropout": 0.28804634261200435,
    "nhead": 8,
    "tf_layers": 2,
    "dim_ff": 768,
    "tf_dropout": 0.15852887916063038,
    "ih_rank": 32,
    "ih_symmetric": false,
    "ih_proj_dim": 128,
    "ih_num_prototypes": 8,
    "ih_assignment_mode": "hard",
    "ih_diversity_weight": 0.0030668384693527608,
    "info_nce_temperature": 0.2
  },
  "hparams": {
    "batch_size": 128,
    "lr": 0.0004105161917780985,
    "weight_decay": 7.49029407424246e-05,
    "num_epochs": 150,
    "patience": 10,
    "gcn_pretrain_epochs": 150,
    "transformer_epochs": 150,
    "pretrain_lr": 0.0001449463314428868,
    "transformer_lr": 0.0004105161917780985,
    "ema_decay": 0.9718097292022608,
    "ema_decay_init": 0.9,
    "distill_weight": 0.025414491877660542,
    "cross_distill_weight": 0.02
  },
  "seed": 42
}