{
  "trial_number": 66,
  "dataset_name": "bace_optuna_trial_0066",
  "model_kwargs": {
    "gnn_hidden": 512,
    "gnn_layers": 4,
    "gnn_dropout": 0.24413751084790003,
    "nhead": 8,
    "tf_layers": 4,
    "dim_ff": 1024,
    "tf_dropout": 0.2897212873043715,
    "ih_rank": 64,
    "ih_symmetric": false,
    "ih_proj_dim": 128,
    "ih_num_prototypes": 4,
    "ih_assignment_mode": "sparse",
    "ih_diversity_weight": 0.029341240348399744,
    "info_nce_temperature": 1.0
  },
  "hparams": {
    "batch_size": 128,
    "lr": 0.0005566157391277096,
    "weight_decay": 3.8188065158983985e-06,
    "num_epochs": 150,
    "patience": 10,
    "gcn_pretrain_epochs": 150,
    "transformer_epochs": 150,
    "pretrain_lr": 0.00021866921137483477,
    "transformer_lr": 0.0005566157391277096,
    "ema_decay": 0.9741174168656457,
    "ema_decay_init": 0.9,
    "distill_weight": 0.0074807135303597665,
    "cross_distill_weight": 0.05
  },
  "seed": 42
}