{
  "generated_at": "2026-06-21T20:25:09",
  "study_name": "clintox_xkd",
  "trial_number": 23,
  "model_kwargs": {
    "gnn_hidden": 192,
    "gnn_layers": 3,
    "gnn_dropout": 0.4320997282496675,
    "nhead": 8,
    "tf_layers": 3,
    "dim_ff": 576,
    "tf_dropout": 0.46351415470994595,
    "ih_rank": 16,
    "ih_symmetric": true,
    "ih_proj_dim": 256,
    "ih_num_prototypes": 16,
    "ih_assignment_mode": "sparse",
    "ih_diversity_weight": 0.000576641133502706,
    "info_nce_temperature": 0.2
  },
  "hparams": {
    "batch_size": 64,
    "lr": 0.0012963112941022869,
    "weight_decay": 3.3086341830940444e-06,
    "num_epochs": 150,
    "patience": 10,
    "gcn_pretrain_epochs": 150,
    "transformer_epochs": 150,
    "pretrain_lr": 0.0007991596696171715,
    "transformer_lr": 0.0012963112941022869,
    "ema_decay": 0.9881558065428265,
    "ema_decay_init": 0.9,
    "distill_weight": 0.0027331193489338436,
    "cross_distill_weight": 0.1
  },
  "device": "cuda",
  "status": "complete"
}