dataset,num_tasks,test_roc_auc,best_val_auc,num_parameters,elapsed_seconds
bace,1,0.8537271448663853,0.8618813618813619,3041803,192.19
bbbp,1,0.9579119571683521,0.946014277215943,3041803,224.23
sider,27,0.6109985757019039,0.6238254817691116,3055297,199.09
tox21,12,0.7825867208045009,0.8017229428591309,3047512,866.99
clintox,2,0.908695652173913,0.9173552293117511,3042322,186.79
