model_name,tox21
AttentiveFP,0.676835664646405
Double_GCN_Transformer,0.619703162568637
FP-GNN,0.8039174783573606
MLFGNN,0.806852105715412
MultiChem,0.7998138730722298
