model_name,tox21
AttentiveFP,0.6740559605463333
D-MPNN,0.7778988181781189
Double_GCN_Transformer,0.7976567946009814
FP-GNN,0.789116899678644
ML-MPNN,0.7321486692789175
MLFGNN,0.8066933696178221
MultiChem,0.792387321452703
