model_name,tox21
AttentiveFP,0.673558929737781
D-MPNN,0.7798229668370489
Double_GCN_Transformer,0.7830118231542907
FP-GNN,0.7928920537073522
ML-MPNN,0.42462170586130393
MLFGNN,0.806852105715412
MultiChem,0.7998138730722298
