dataset,num_targets,best_val_auc,best_epoch,test_roc_auc,num_parameters,elapsed_seconds
bace,1,0.8618813618813619,38,0.8537271448663853,3041803,192.19
bbbp,1,0.946014277215943,7,0.9579119571683521,3041803,224.23
clintox,2,0.9173552293117511,14,0.908695652173913,3042322,186.79
sider,27,0.6238254817691116,15,0.6109985757019039,3055297,199.09
tox21,12,0.8017229428591309,11,0.7825867208045009,3047512,866.99
