dataset,num_targets,best_val_auc,best_epoch,test_roc_auc,num_parameters,elapsed_seconds
bace,1,0.8713583713583714,22,0.8757032348804501,3465749,231.27
bbbp,1,0.9512195121951219,15,0.9748661511005353,2233609,282.77
clintox,2,0.9490024468285337,12,0.8967391304347827,6114198,71.21
sider,27,0.6780312976057085,37,0.6665415190376748,3146999,363.58
tox21,12,0.8257191812642221,6,0.8131735018099935,1116576,1042.95
