dataset,num_targets,best_val_auc,best_epoch,test_roc_auc,num_parameters,elapsed_seconds
bace,1,0.9073359073359074,20,0.834563994374121,19171593,231.98
bbbp,1,0.9677275431290897,15,0.9672813801308745,2233609,278.9
clintox,2,0.9722332015810278,26,0.9373188405797102,2637894,351.74
sider,27,0.6773377513310515,39,0.6714524554910383,3146999,351.6
tox21,12,0.8269879982879185,8,0.8083953606525133,3473872,1606.33
