{
  "generated_at": "2026-06-19T15:22:47",
  "study_name": "clintox_xkd",
  "trial_number": 2,
  "model_kwargs": {
    "gnn_hidden": 128,
    "gnn_layers": 3,
    "gnn_dropout": 0.31002459337671434,
    "nhead": 8,
    "tf_layers": 1,
    "dim_ff": 384,
    "tf_dropout": 0.2641531692142519,
    "ih_rank": 16,
    "ih_symmetric": true,
    "ih_proj_dim": 0,
    "ih_num_prototypes": 12,
    "ih_assignment_mode": "soft",
    "ih_diversity_weight": 0.0002138729075414894,
    "info_nce_temperature": 0.5
  },
  "hparams": {
    "batch_size": 128,
    "lr": 0.0013177599587339505,
    "weight_decay": 0.000178744632562384,
    "num_epochs": 60,
    "patience": 12,
    "gcn_pretrain_epochs": 40,
    "transformer_epochs": 60,
    "pretrain_lr": 0.00019452208847287405,
    "transformer_lr": 0.0013177599587339505,
    "ema_decay": 0.9558734029993504,
    "ema_decay_init": 0.95,
    "distill_weight": 0.04146366737876131,
    "cross_distill_weight": 0.05
  },
  "device": "cuda",
  "status": "pruned"
}