{
  "generated_at": "2026-06-23T13:41:44",
  "study_name": "bace_xkd",
  "trial_number": 39,
  "model_kwargs": {
    "gnn_hidden": 512,
    "gnn_layers": 2,
    "gnn_dropout": 0.49077970714787844,
    "nhead": 8,
    "tf_layers": 4,
    "dim_ff": 2048,
    "tf_dropout": 0.21169414820385166,
    "ih_rank": 16,
    "ih_symmetric": false,
    "ih_proj_dim": 0,
    "ih_num_prototypes": 4,
    "ih_assignment_mode": "sparse",
    "ih_diversity_weight": 0.0001890189194922653,
    "info_nce_temperature": 1.0
  },
  "hparams": {
    "batch_size": 128,
    "lr": 0.0001399264793046992,
    "weight_decay": 6.994108410107859e-05,
    "num_epochs": 150,
    "patience": 10,
    "gcn_pretrain_epochs": 150,
    "transformer_epochs": 150,
    "pretrain_lr": 0.00042898182861199243,
    "transformer_lr": 0.0001399264793046992,
    "ema_decay": 0.9554046585500802,
    "ema_decay_init": 0.98,
    "distill_weight": 0.008761644807005826,
    "cross_distill_weight": 0.1
  },
  "device": "cuda",
  "status": "complete"
}