{
  "generated_at": "2026-06-21T17:38:05",
  "study_name": "bace_xkd",
  "trial_number": 39,
  "model_kwargs": {
    "gnn_hidden": 192,
    "gnn_layers": 3,
    "gnn_dropout": 0.3497342832521988,
    "nhead": 8,
    "tf_layers": 1,
    "dim_ff": 768,
    "tf_dropout": 0.1943967049384206,
    "ih_rank": 32,
    "ih_symmetric": true,
    "ih_proj_dim": 128,
    "ih_num_prototypes": 6,
    "ih_assignment_mode": "soft",
    "ih_diversity_weight": 0.001210037578622681,
    "info_nce_temperature": 0.5
  },
  "hparams": {
    "batch_size": 256,
    "lr": 0.0016902642471965177,
    "weight_decay": 3.284167495521878e-05,
    "num_epochs": 150,
    "patience": 10,
    "gcn_pretrain_epochs": 150,
    "transformer_epochs": 150,
    "pretrain_lr": 0.0003896888850104398,
    "transformer_lr": 0.0016902642471965177,
    "ema_decay": 0.9983808402588548,
    "ema_decay_init": 0.99,
    "distill_weight": 0.08702206923278143,
    "cross_distill_weight": 0.02
  },
  "device": "cuda",
  "status": "pruned"
}