{
  "trial_number": 39,
  "dataset_name": "bace_optuna_trial_0039",
  "model_kwargs": {
    "gnn_hidden": 256,
    "gnn_layers": 3,
    "gnn_dropout": 0.23227083130839682,
    "nhead": 8,
    "tf_layers": 2,
    "dim_ff": 768,
    "tf_dropout": 0.20868049282867554,
    "ih_rank": 32,
    "ih_symmetric": true,
    "ih_proj_dim": 128,
    "ih_num_prototypes": 4,
    "ih_assignment_mode": "hard",
    "ih_diversity_weight": 0.00016716767920111646,
    "info_nce_temperature": 0.2
  },
  "hparams": {
    "batch_size": 64,
    "lr": 0.0016500906312364564,
    "weight_decay": 1.0574300505976315e-05,
    "num_epochs": 150,
    "patience": 10,
    "gcn_pretrain_epochs": 150,
    "transformer_epochs": 150,
    "pretrain_lr": 0.00033869462878984426,
    "transformer_lr": 0.0016500906312364564,
    "ema_decay": 0.9879403555781651,
    "ema_decay_init": 0.99,
    "distill_weight": 0.10263512757375154,
    "cross_distill_weight": 0.05
  },
  "seed": 42
}