{
  "trial_number": 24,
  "dataset_name": "bace_optuna_trial_0024",
  "model_kwargs": {
    "gnn_hidden": 256,
    "gnn_layers": 2,
    "gnn_dropout": 0.40897746658819933,
    "nhead": 8,
    "tf_layers": 3,
    "dim_ff": 768,
    "tf_dropout": 0.2509623974062792,
    "ih_rank": 64,
    "ih_symmetric": true,
    "ih_proj_dim": 128,
    "ih_num_prototypes": 4,
    "ih_assignment_mode": "hard",
    "ih_diversity_weight": 0.00019921129049982938,
    "info_nce_temperature": 0.2
  },
  "hparams": {
    "batch_size": 128,
    "lr": 0.00013550414296823601,
    "weight_decay": 1.6256949212829602e-05,
    "num_epochs": 150,
    "patience": 10,
    "gcn_pretrain_epochs": 150,
    "transformer_epochs": 150,
    "pretrain_lr": 0.00024233130273566486,
    "transformer_lr": 0.00013550414296823601,
    "ema_decay": 0.9966242219701573,
    "ema_decay_init": 0.95,
    "distill_weight": 0.001212276091883965,
    "cross_distill_weight": 0.05
  },
  "seed": 42
}