{
  "trial_number": 24,
  "dataset_name": "bace_optuna_trial_0024",
  "model_kwargs": {
    "gnn_hidden": 256,
    "gnn_layers": 3,
    "gnn_dropout": 0.34000216726960053,
    "nhead": 4,
    "tf_layers": 1,
    "dim_ff": 1024,
    "tf_dropout": 0.15528880183747348,
    "ih_rank": 16,
    "ih_symmetric": false,
    "ih_proj_dim": 128,
    "ih_num_prototypes": 4,
    "ih_assignment_mode": "soft",
    "ih_diversity_weight": 0.000579921103502209,
    "info_nce_temperature": 1.0
  },
  "hparams": {
    "batch_size": 64,
    "lr": 0.001926898002712753,
    "weight_decay": 9.499113635608053e-05,
    "num_epochs": 150,
    "patience": 10,
    "gcn_pretrain_epochs": 150,
    "transformer_epochs": 150,
    "pretrain_lr": 0.0001183595076682769,
    "transformer_lr": 0.001926898002712753,
    "ema_decay": 0.9808529630855387,
    "ema_decay_init": 0.99,
    "distill_weight": 0.004908892829756196,
    "cross_distill_weight": 0.02
  },
  "seed": 42
}