{
  "generated_at": "2026-05-25T14:27:13",
  "study_name": "dual_kd_gnn_optuna",
  "trial_number": 6,
  "model_kwargs": {
    "gnn_hidden": 192,
    "gnn_layers": 3,
    "gnn_dropout": 0.45766508659374183,
    "nhead": 8,
    "tf_layers": 2,
    "dim_ff": 384,
    "tf_dropout": 0.1280971951192178,
    "ih_rank": 16,
    "ih_symmetric": true,
    "ih_proj_dim": 128,
    "ih_num_prototypes": 12,
    "ih_assignment_mode": "hard",
    "ih_diversity_weight": 0.001429858909444399
  },
  "hparams": {
    "batch_size": 64,
    "lr": 0.0012834198135551096,
    "weight_decay": 8.631087200656353e-05,
    "num_epochs": 60,
    "patience": 12,
    "gcn_pretrain_epochs": 40,
    "transformer_epochs": 60,
    "pretrain_lr": 0.0020843415633790456,
    "transformer_lr": 0.0012834198135551096,
    "ema_decay": 0.9841054600370737,
    "distill_weight": 0.02049877231912614
  },
  "device": "cuda",
  "status": "complete"
}