{
  "generated_at": "2026-06-23T18:17:26",
  "study_name": "tox21_xkd",
  "trial_number": 7,
  "model_kwargs": {
    "gnn_hidden": 256,
    "gnn_layers": 3,
    "gnn_dropout": 0.44103074970896616,
    "nhead": 8,
    "tf_layers": 2,
    "dim_ff": 512,
    "tf_dropout": 0.21221864069569105,
    "ih_rank": 16,
    "ih_symmetric": false,
    "ih_proj_dim": 128,
    "ih_num_prototypes": 24,
    "ih_assignment_mode": "sparse",
    "ih_diversity_weight": 0.003231534343074976,
    "info_nce_temperature": 0.2
  },
  "hparams": {
    "batch_size": 64,
    "lr": 0.00012354126873909997,
    "weight_decay": 0.00010884606276520262,
    "num_epochs": 150,
    "patience": 10,
    "gcn_pretrain_epochs": 150,
    "transformer_epochs": 150,
    "pretrain_lr": 0.0021333608225682188,
    "transformer_lr": 0.00012354126873909997,
    "ema_decay": 0.9866887511584005,
    "ema_decay_init": 0.95,
    "distill_weight": 0.03818560025895524,
    "cross_distill_weight": 0.05
  },
  "device": "cuda",
  "status": "complete"
}