{
  "trial_number": 7,
  "dataset_name": "tox21_optuna_trial_0007",
  "model_kwargs": {
    "gnn_hidden": 128,
    "gnn_layers": 3,
    "gnn_dropout": 0.3797009468794747,
    "nhead": 8,
    "tf_layers": 1,
    "dim_ff": 256,
    "tf_dropout": 0.2498450458505885,
    "ih_rank": 64,
    "ih_symmetric": true,
    "ih_proj_dim": 128,
    "ih_num_prototypes": 6,
    "ih_assignment_mode": "sparse",
    "ih_diversity_weight": 0.0005918413104745495,
    "info_nce_temperature": 0.2
  },
  "hparams": {
    "batch_size": 64,
    "lr": 0.00012309520416236726,
    "weight_decay": 0.00011194902621864976,
    "num_epochs": 150,
    "patience": 10,
    "gcn_pretrain_epochs": 150,
    "transformer_epochs": 150,
    "pretrain_lr": 0.0001237709051505434,
    "transformer_lr": 0.00012309520416236726,
    "ema_decay": 0.9656298058843943,
    "ema_decay_init": 0.9,
    "distill_weight": 0.0009351274748420722,
    "cross_distill_weight": 0.1
  },
  "seed": 42
}