{
  "generated_at": "2026-06-22T06:45:01",
  "study_name": "tox21_xkd",
  "trial_number": 20,
  "model_kwargs": {
    "gnn_hidden": 192,
    "gnn_layers": 3,
    "gnn_dropout": 0.3906961734803731,
    "nhead": 8,
    "tf_layers": 1,
    "dim_ff": 576,
    "tf_dropout": 0.449124431951196,
    "ih_rank": 64,
    "ih_symmetric": false,
    "ih_proj_dim": 128,
    "ih_num_prototypes": 16,
    "ih_assignment_mode": "hard",
    "ih_diversity_weight": 0.0005606136760434586,
    "info_nce_temperature": 1.0
  },
  "hparams": {
    "batch_size": 64,
    "lr": 0.0002709127298873788,
    "weight_decay": 0.00011766922824959601,
    "num_epochs": 150,
    "patience": 10,
    "gcn_pretrain_epochs": 150,
    "transformer_epochs": 150,
    "pretrain_lr": 0.0007081587893449202,
    "transformer_lr": 0.0002709127298873788,
    "ema_decay": 0.9845509388382269,
    "ema_decay_init": 0.9,
    "distill_weight": 0.02402268603906285,
    "cross_distill_weight": 0.05
  },
  "device": "cuda",
  "status": "pruned"
}