{
  "generated_at": "2026-06-23T23:44:14",
  "study_name": "tox21_xkd",
  "trial_number": 20,
  "model_kwargs": {
    "gnn_hidden": 256,
    "gnn_layers": 4,
    "gnn_dropout": 0.5469809396505436,
    "nhead": 8,
    "tf_layers": 2,
    "dim_ff": 768,
    "tf_dropout": 0.26937272259282363,
    "ih_rank": 32,
    "ih_symmetric": true,
    "ih_proj_dim": 256,
    "ih_num_prototypes": 12,
    "ih_assignment_mode": "sparse",
    "ih_diversity_weight": 0.00022388511174801509,
    "info_nce_temperature": 0.5
  },
  "hparams": {
    "batch_size": 64,
    "lr": 0.00017648284889351318,
    "weight_decay": 0.0020518476880414514,
    "num_epochs": 150,
    "patience": 10,
    "gcn_pretrain_epochs": 150,
    "transformer_epochs": 150,
    "pretrain_lr": 0.0012304098033736218,
    "transformer_lr": 0.00017648284889351318,
    "ema_decay": 0.9902104153990905,
    "ema_decay_init": 0.9,
    "distill_weight": 0.015882229180323636,
    "cross_distill_weight": 0.02
  },
  "device": "cuda",
  "status": "pruned"
}