{
  "trial_number": 20,
  "dataset_name": "tox21_optuna_trial_0020",
  "model_kwargs": {
    "gnn_hidden": 256,
    "gnn_layers": 4,
    "gnn_dropout": 0.32954794853627717,
    "nhead": 4,
    "tf_layers": 2,
    "dim_ff": 512,
    "tf_dropout": 0.2373751090039015,
    "ih_rank": 64,
    "ih_symmetric": false,
    "ih_proj_dim": 0,
    "ih_num_prototypes": 16,
    "ih_assignment_mode": "sparse",
    "ih_diversity_weight": 0.0426914338996148,
    "info_nce_temperature": 0.5
  },
  "hparams": {
    "batch_size": 128,
    "lr": 0.0001352799877293134,
    "weight_decay": 0.00013262495271698784,
    "num_epochs": 150,
    "patience": 10,
    "gcn_pretrain_epochs": 150,
    "transformer_epochs": 150,
    "pretrain_lr": 0.0009739479548782812,
    "transformer_lr": 0.0001352799877293134,
    "ema_decay": 0.9916150998135245,
    "ema_decay_init": 0.9,
    "distill_weight": 0.004586629536959469,
    "cross_distill_weight": 0.02
  },
  "seed": 42
}