{
  "trial_number": 25,
  "dataset_name": "clintox_optuna_trial_0025",
  "model_kwargs": {
    "gnn_hidden": 384,
    "gnn_layers": 2,
    "gnn_dropout": 0.49405297422249694,
    "nhead": 4,
    "tf_layers": 2,
    "dim_ff": 768,
    "tf_dropout": 0.3477101084754677,
    "ih_rank": 32,
    "ih_symmetric": false,
    "ih_proj_dim": 128,
    "ih_num_prototypes": 8,
    "ih_assignment_mode": "hard",
    "ih_diversity_weight": 0.00852441775050148,
    "info_nce_temperature": 0.2
  },
  "hparams": {
    "batch_size": 128,
    "lr": 0.0012911702216300463,
    "weight_decay": 1.970383747782538e-05,
    "num_epochs": 150,
    "patience": 10,
    "gcn_pretrain_epochs": 150,
    "transformer_epochs": 150,
    "pretrain_lr": 0.0004954140857997465,
    "transformer_lr": 0.0012911702216300463,
    "ema_decay": 0.9776558362942046,
    "ema_decay_init": 0.99,
    "distill_weight": 0.0021941490272594662,
    "cross_distill_weight": 0.02
  },
  "seed": 42
}