{
  "trial_number": 25,
  "dataset_name": "clintox_optuna_trial_0025",
  "model_kwargs": {
    "gnn_hidden": 128,
    "gnn_layers": 4,
    "gnn_dropout": 0.3351846309537276,
    "nhead": 8,
    "tf_layers": 1,
    "dim_ff": 256,
    "tf_dropout": 0.321778313604884,
    "ih_rank": 64,
    "ih_symmetric": true,
    "ih_proj_dim": 0,
    "ih_num_prototypes": 4,
    "ih_assignment_mode": "sparse",
    "ih_diversity_weight": 0.0017130660094560415,
    "info_nce_temperature": 1.0
  },
  "hparams": {
    "batch_size": 64,
    "lr": 0.0009558868139294943,
    "weight_decay": 2.942564682940522e-05,
    "num_epochs": 150,
    "patience": 10,
    "gcn_pretrain_epochs": 150,
    "transformer_epochs": 150,
    "pretrain_lr": 0.0011725621852948069,
    "transformer_lr": 0.0009558868139294943,
    "ema_decay": 0.9896241200334391,
    "ema_decay_init": 0.98,
    "distill_weight": 0.0014028008638058628,
    "cross_distill_weight": 0.05
  },
  "seed": 42
}