{
  "trial_number": 69,
  "dataset_name": "bace_optuna_trial_0069",
  "model_kwargs": {
    "gnn_hidden": 512,
    "gnn_layers": 3,
    "gnn_dropout": 0.381194877386402,
    "nhead": 4,
    "tf_layers": 3,
    "dim_ff": 1536,
    "tf_dropout": 0.2846628934393651,
    "ih_rank": 64,
    "ih_symmetric": true,
    "ih_proj_dim": 128,
    "ih_num_prototypes": 6,
    "ih_assignment_mode": "hard",
    "ih_diversity_weight": 0.00012017828161274793,
    "info_nce_temperature": 1.0
  },
  "hparams": {
    "batch_size": 128,
    "lr": 0.0012586737455737558,
    "weight_decay": 1.6942370678452547e-05,
    "num_epochs": 150,
    "patience": 10,
    "gcn_pretrain_epochs": 150,
    "transformer_epochs": 150,
    "pretrain_lr": 0.00013691147862526974,
    "transformer_lr": 0.0012586737455737558,
    "ema_decay": 0.9917036950527874,
    "ema_decay_init": 0.98,
    "distill_weight": 0.021544853347568796,
    "cross_distill_weight": 0.02
  },
  "seed": 42
}