{
  "generated_at": "2026-06-23T11:29:09",
  "study_name": "bace_xkd",
  "trial_number": 9,
  "model_kwargs": {
    "gnn_hidden": 512,
    "gnn_layers": 4,
    "gnn_dropout": 0.2533615931138581,
    "nhead": 4,
    "tf_layers": 3,
    "dim_ff": 1024,
    "tf_dropout": 0.2501742135582995,
    "ih_rank": 64,
    "ih_symmetric": false,
    "ih_proj_dim": 128,
    "ih_num_prototypes": 8,
    "ih_assignment_mode": "sparse",
    "ih_diversity_weight": 0.07109211599410477,
    "info_nce_temperature": 0.5
  },
  "hparams": {
    "batch_size": 128,
    "lr": 0.0002406999549719251,
    "weight_decay": 0.0004131402117945609,
    "num_epochs": 150,
    "patience": 10,
    "gcn_pretrain_epochs": 150,
    "transformer_epochs": 150,
    "pretrain_lr": 0.001071193872721023,
    "transformer_lr": 0.0002406999549719251,
    "ema_decay": 0.9886912889969331,
    "ema_decay_init": 0.99,
    "distill_weight": 0.010374685197919575,
    "cross_distill_weight": 0.02
  },
  "device": "cuda",
  "status": "complete"
}