{
  "trial_number": 9,
  "dataset_name": "bace_optuna_trial_0009",
  "model_kwargs": {
    "gnn_hidden": 256,
    "gnn_layers": 2,
    "gnn_dropout": 0.4665287211011153,
    "nhead": 4,
    "tf_layers": 1,
    "dim_ff": 512,
    "tf_dropout": 0.38038765258364804,
    "ih_rank": 32,
    "ih_symmetric": false,
    "ih_proj_dim": 0,
    "ih_num_prototypes": 8,
    "ih_assignment_mode": "soft",
    "ih_diversity_weight": 0.0018735531924000176,
    "info_nce_temperature": 0.1
  },
  "hparams": {
    "batch_size": 64,
    "lr": 0.00010345975184786108,
    "weight_decay": 2.2722376351800995e-05,
    "num_epochs": 60,
    "patience": 12,
    "gcn_pretrain_epochs": 40,
    "transformer_epochs": 60,
    "pretrain_lr": 0.00014220182572872495,
    "transformer_lr": 0.00010345975184786108,
    "ema_decay": 0.9818113048036871,
    "ema_decay_init": 0.98,
    "distill_weight": 0.004543934690288945,
    "cross_distill_weight": 0.1
  },
  "seed": 42
}