{
  "trial_number": 11,
  "dataset_name": "clintox_optuna_trial_0011",
  "model_kwargs": {
    "gnn_hidden": 128,
    "gnn_layers": 3,
    "gnn_dropout": 0.3916577731203125,
    "nhead": 4,
    "tf_layers": 3,
    "dim_ff": 256,
    "tf_dropout": 0.48737985353551283,
    "ih_rank": 16,
    "ih_symmetric": false,
    "ih_proj_dim": 256,
    "ih_num_prototypes": 16,
    "ih_assignment_mode": "sparse",
    "ih_diversity_weight": 0.00016185404771319365,
    "info_nce_temperature": 0.5
  },
  "hparams": {
    "batch_size": 64,
    "lr": 0.001740762531473749,
    "weight_decay": 4.371805122055829e-05,
    "num_epochs": 150,
    "patience": 10,
    "gcn_pretrain_epochs": 150,
    "transformer_epochs": 150,
    "pretrain_lr": 0.00043918197655056976,
    "transformer_lr": 0.001740762531473749,
    "ema_decay": 0.9830845726825961,
    "ema_decay_init": 0.99,
    "distill_weight": 0.009418331878343542,
    "cross_distill_weight": 0.02
  },
  "seed": 42
}