{
  "trial_number": 46,
  "dataset_name": "tox21_optuna_trial_0046",
  "model_kwargs": {
    "gnn_hidden": 128,
    "gnn_layers": 4,
    "gnn_dropout": 0.41984279202352465,
    "nhead": 8,
    "tf_layers": 2,
    "dim_ff": 512,
    "tf_dropout": 0.21022798845132815,
    "ih_rank": 32,
    "ih_symmetric": true,
    "ih_proj_dim": 256,
    "ih_num_prototypes": 8,
    "ih_assignment_mode": "sparse",
    "ih_diversity_weight": 0.0001440141590308401,
    "info_nce_temperature": 0.2
  },
  "hparams": {
    "batch_size": 64,
    "lr": 0.0002433169177105333,
    "weight_decay": 8.495896178770714e-05,
    "num_epochs": 150,
    "patience": 10,
    "gcn_pretrain_epochs": 150,
    "transformer_epochs": 150,
    "pretrain_lr": 0.0022195732394507573,
    "transformer_lr": 0.0002433169177105333,
    "ema_decay": 0.9803129709344709,
    "ema_decay_init": 0.95,
    "distill_weight": 0.013532567234212523,
    "cross_distill_weight": 0.05
  },
  "seed": 42
}