{
  "generated_at": "2026-06-20T22:06:06",
  "study_name": "sider_xkd",
  "trial_number": 32,
  "model_kwargs": {
    "gnn_hidden": 256,
    "gnn_layers": 3,
    "gnn_dropout": 0.5448339967279401,
    "nhead": 4,
    "tf_layers": 2,
    "dim_ff": 512,
    "tf_dropout": 0.3067174386435214,
    "ih_rank": 32,
    "ih_symmetric": false,
    "ih_proj_dim": 256,
    "ih_num_prototypes": 4,
    "ih_assignment_mode": "soft",
    "ih_diversity_weight": 0.004540090698957299,
    "info_nce_temperature": 0.2
  },
  "hparams": {
    "batch_size": 64,
    "lr": 0.00023749563803327563,
    "weight_decay": 4.7277045002845324e-05,
    "num_epochs": 150,
    "patience": 10,
    "gcn_pretrain_epochs": 150,
    "transformer_epochs": 150,
    "pretrain_lr": 0.0002851336616924318,
    "transformer_lr": 0.00023749563803327563,
    "ema_decay": 0.9825013429687851,
    "ema_decay_init": 0.98,
    "distill_weight": 0.018853289942275565,
    "cross_distill_weight": 0.1
  },
  "device": "cuda",
  "status": "complete"
}