{
  "generated_at": "2026-06-23T11:06:47",
  "study_name": "bace_xkd",
  "trial_number": 4,
  "model_kwargs": {
    "gnn_hidden": 512,
    "gnn_layers": 4,
    "gnn_dropout": 0.16188442486569699,
    "nhead": 4,
    "tf_layers": 4,
    "dim_ff": 1536,
    "tf_dropout": 0.27546787067619616,
    "ih_rank": 64,
    "ih_symmetric": true,
    "ih_proj_dim": 0,
    "ih_num_prototypes": 6,
    "ih_assignment_mode": "sparse",
    "ih_diversity_weight": 0.04912819179585589,
    "info_nce_temperature": 0.2
  },
  "hparams": {
    "batch_size": 128,
    "lr": 0.00012866742758077597,
    "weight_decay": 0.0001284184349515648,
    "num_epochs": 150,
    "patience": 10,
    "gcn_pretrain_epochs": 150,
    "transformer_epochs": 150,
    "pretrain_lr": 0.00010279349680184398,
    "transformer_lr": 0.00012866742758077597,
    "ema_decay": 0.9549721056004356,
    "ema_decay_init": 0.9,
    "distill_weight": 0.03909053404972391,
    "cross_distill_weight": 0.1
  },
  "device": "cuda",
  "status": "complete"
}