{
  "generated_at": "2026-06-23T11:16:13",
  "study_name": "bace_xkd",
  "trial_number": 6,
  "model_kwargs": {
    "gnn_hidden": 512,
    "gnn_layers": 4,
    "gnn_dropout": 0.43334587798939206,
    "nhead": 8,
    "tf_layers": 3,
    "dim_ff": 1024,
    "tf_dropout": 0.15871836885289867,
    "ih_rank": 64,
    "ih_symmetric": true,
    "ih_proj_dim": 128,
    "ih_num_prototypes": 8,
    "ih_assignment_mode": "hard",
    "ih_diversity_weight": 0.00019140171266136675,
    "info_nce_temperature": 0.2
  },
  "hparams": {
    "batch_size": 128,
    "lr": 0.0005081558700143642,
    "weight_decay": 1.276594789028259e-06,
    "num_epochs": 150,
    "patience": 10,
    "gcn_pretrain_epochs": 150,
    "transformer_epochs": 150,
    "pretrain_lr": 0.00011183844341023755,
    "transformer_lr": 0.0005081558700143642,
    "ema_decay": 0.9903074274723233,
    "ema_decay_init": 0.99,
    "distill_weight": 0.0031376945109330367,
    "cross_distill_weight": 0.02
  },
  "device": "cuda",
  "status": "complete"
}