{
  "trial_number": 6,
  "dataset_name": "bace_optuna_trial_0006",
  "model_kwargs": {
    "gnn_hidden": 256,
    "gnn_layers": 3,
    "gnn_dropout": 0.2106750874786673,
    "nhead": 8,
    "tf_layers": 2,
    "dim_ff": 768,
    "tf_dropout": 0.15082420506075392,
    "ih_rank": 32,
    "ih_symmetric": true,
    "ih_proj_dim": 256,
    "ih_num_prototypes": 8,
    "ih_assignment_mode": "hard",
    "ih_diversity_weight": 0.00017193692051833056,
    "info_nce_temperature": 0.2
  },
  "hparams": {
    "batch_size": 64,
    "lr": 0.0008044208493895977,
    "weight_decay": 2.946531769463084e-05,
    "num_epochs": 60,
    "patience": 12,
    "gcn_pretrain_epochs": 40,
    "transformer_epochs": 60,
    "pretrain_lr": 0.0002116281895924745,
    "transformer_lr": 0.0008044208493895977,
    "ema_decay": 0.9769121065705999,
    "ema_decay_init": 0.99,
    "distill_weight": 0.04987959735228863,
    "cross_distill_weight": 0.05
  },
  "seed": 42
}