{
  "trial_number": 6,
  "dataset_name": "bace_optuna_trial_0006",
  "model_kwargs": {
    "gnn_hidden": 192,
    "gnn_layers": 3,
    "gnn_dropout": 0.4539987106197222,
    "nhead": 8,
    "tf_layers": 1,
    "dim_ff": 384,
    "tf_dropout": 0.12067268846744308,
    "ih_rank": 64,
    "ih_symmetric": false,
    "ih_proj_dim": 256,
    "ih_num_prototypes": 16,
    "ih_assignment_mode": "hard",
    "ih_diversity_weight": 0.000222120498838994,
    "info_nce_temperature": 1.0
  },
  "hparams": {
    "batch_size": 256,
    "lr": 0.0008505713108951798,
    "weight_decay": 0.00016356514014241648,
    "num_epochs": 150,
    "patience": 10,
    "gcn_pretrain_epochs": 150,
    "transformer_epochs": 150,
    "pretrain_lr": 0.0005262974315108014,
    "transformer_lr": 0.0008505713108951798,
    "ema_decay": 0.9799743165654833,
    "ema_decay_init": 0.99,
    "distill_weight": 0.0005396222561858817,
    "cross_distill_weight": 0.02
  },
  "seed": 42
}