{
  "trial_number": 43,
  "dataset_name": "bace_optuna_trial_0043",
  "model_kwargs": {
    "gnn_hidden": 256,
    "gnn_layers": 2,
    "gnn_dropout": 0.5136736231451335,
    "nhead": 8,
    "tf_layers": 4,
    "dim_ff": 1024,
    "tf_dropout": 0.21553809709050806,
    "ih_rank": 32,
    "ih_symmetric": false,
    "ih_proj_dim": 128,
    "ih_num_prototypes": 6,
    "ih_assignment_mode": "sparse",
    "ih_diversity_weight": 0.00017122412203162456,
    "info_nce_temperature": 0.2
  },
  "hparams": {
    "batch_size": 64,
    "lr": 0.00017303170770513977,
    "weight_decay": 0.00046279089015336945,
    "num_epochs": 150,
    "patience": 10,
    "gcn_pretrain_epochs": 150,
    "transformer_epochs": 150,
    "pretrain_lr": 0.0007616782170076849,
    "transformer_lr": 0.00017303170770513977,
    "ema_decay": 0.9525054189793754,
    "ema_decay_init": 0.98,
    "distill_weight": 0.019224235115824467,
    "cross_distill_weight": 0.02
  },
  "seed": 42
}