{
  "generated_at": "2026-06-21T21:19:15",
  "study_name": "clintox_xkd",
  "trial_number": 33,
  "model_kwargs": {
    "gnn_hidden": 192,
    "gnn_layers": 4,
    "gnn_dropout": 0.48877742724953793,
    "nhead": 8,
    "tf_layers": 2,
    "dim_ff": 384,
    "tf_dropout": 0.4724956601119222,
    "ih_rank": 16,
    "ih_symmetric": false,
    "ih_proj_dim": 256,
    "ih_num_prototypes": 12,
    "ih_assignment_mode": "sparse",
    "ih_diversity_weight": 0.0007965105819066414,
    "info_nce_temperature": 1.0
  },
  "hparams": {
    "batch_size": 64,
    "lr": 0.0017719946916076163,
    "weight_decay": 1.4009377071827735e-06,
    "num_epochs": 150,
    "patience": 10,
    "gcn_pretrain_epochs": 150,
    "transformer_epochs": 150,
    "pretrain_lr": 0.000431985952204899,
    "transformer_lr": 0.0017719946916076163,
    "ema_decay": 0.9878010069640577,
    "ema_decay_init": 0.9,
    "distill_weight": 0.006945949514109024,
    "cross_distill_weight": 0.1
  },
  "device": "cuda",
  "status": "complete"
}