{
  "generated_at": "2026-06-20T17:59:12",
  "study_name": "clintox_xkd",
  "trial_number": 33,
  "model_kwargs": {
    "gnn_hidden": 128,
    "gnn_layers": 4,
    "gnn_dropout": 0.35924053088168006,
    "nhead": 8,
    "tf_layers": 3,
    "dim_ff": 256,
    "tf_dropout": 0.37763121079972695,
    "ih_rank": 16,
    "ih_symmetric": true,
    "ih_proj_dim": 128,
    "ih_num_prototypes": 8,
    "ih_assignment_mode": "hard",
    "ih_diversity_weight": 0.040635889148220486,
    "info_nce_temperature": 0.2
  },
  "hparams": {
    "batch_size": 64,
    "lr": 0.0003084678173059892,
    "weight_decay": 5.487274486810758e-05,
    "num_epochs": 150,
    "patience": 10,
    "gcn_pretrain_epochs": 150,
    "transformer_epochs": 150,
    "pretrain_lr": 0.0004760345284078372,
    "transformer_lr": 0.0003084678173059892,
    "ema_decay": 0.9793701148305761,
    "ema_decay_init": 0.95,
    "distill_weight": 0.0067066288590611365,
    "cross_distill_weight": 0.02
  },
  "device": "cuda",
  "status": "pruned"
}