{
  "trial_number": 54,
  "dataset_name": "bace_optuna_trial_0054",
  "model_kwargs": {
    "gnn_hidden": 256,
    "gnn_layers": 2,
    "gnn_dropout": 0.4879383227235633,
    "nhead": 8,
    "tf_layers": 4,
    "dim_ff": 512,
    "tf_dropout": 0.1974419640791184,
    "ih_rank": 32,
    "ih_symmetric": false,
    "ih_proj_dim": 0,
    "ih_num_prototypes": 8,
    "ih_assignment_mode": "sparse",
    "ih_diversity_weight": 0.00022948134029982092,
    "info_nce_temperature": 0.2
  },
  "hparams": {
    "batch_size": 64,
    "lr": 0.00010409663379410983,
    "weight_decay": 0.0006083625601538027,
    "num_epochs": 150,
    "patience": 10,
    "gcn_pretrain_epochs": 150,
    "transformer_epochs": 150,
    "pretrain_lr": 0.0018656706766231055,
    "transformer_lr": 0.00010409663379410983,
    "ema_decay": 0.9542226443202481,
    "ema_decay_init": 0.98,
    "distill_weight": 0.004082472502384957,
    "cross_distill_weight": 0.05
  },
  "seed": 42
}