{
  "generated_at": "2026-06-14T11:35:37",
  "study_name": "xkd_ema_ramp",
  "trial_number": 7,
  "model_kwargs": {
    "gnn_hidden": 128,
    "gnn_layers": 4,
    "gnn_dropout": 0.28402882498642146,
    "nhead": 4,
    "tf_layers": 1,
    "dim_ff": 384,
    "tf_dropout": 0.2696906658824482,
    "ih_rank": 16,
    "ih_symmetric": true,
    "ih_proj_dim": 128,
    "ih_num_prototypes": 6,
    "ih_assignment_mode": "sparse",
    "ih_diversity_weight": 0.012911407200549929
  },
  "hparams": {
    "batch_size": 128,
    "lr": 0.00014948102613374672,
    "weight_decay": 4.429133367348855e-05,
    "num_epochs": 60,
    "patience": 12,
    "gcn_pretrain_epochs": 40,
    "transformer_epochs": 60,
    "pretrain_lr": 2.685604360039528e-05,
    "transformer_lr": 0.00014948102613374672,
    "ema_decay": 0.9712587308126607,
    "ema_decay_init": 0.98,
    "distill_weight": 0.007277711961480496,
    "cross_distill_weight": 0.1
  },
  "device": "cuda",
  "status": "pruned"
}