{
  "generated_at": "2026-06-23T21:46:40",
  "study_name": "tox21_xkd",
  "trial_number": 15,
  "model_kwargs": {
    "gnn_hidden": 256,
    "gnn_layers": 3,
    "gnn_dropout": 0.39161208941100767,
    "nhead": 4,
    "tf_layers": 2,
    "dim_ff": 768,
    "tf_dropout": 0.2257183031853415,
    "ih_rank": 64,
    "ih_symmetric": false,
    "ih_proj_dim": 256,
    "ih_num_prototypes": 12,
    "ih_assignment_mode": "sparse",
    "ih_diversity_weight": 0.00020160412686770387,
    "info_nce_temperature": 1.0
  },
  "hparams": {
    "batch_size": 64,
    "lr": 0.0003685650255014992,
    "weight_decay": 0.0029296081997761602,
    "num_epochs": 150,
    "patience": 10,
    "gcn_pretrain_epochs": 150,
    "transformer_epochs": 150,
    "pretrain_lr": 0.002034518665122006,
    "transformer_lr": 0.0003685650255014992,
    "ema_decay": 0.9906483152207657,
    "ema_decay_init": 0.9,
    "distill_weight": 0.01952457145522369,
    "cross_distill_weight": 0.05
  },
  "device": "cuda",
  "status": "pruned"
}