{
  "generated_at": "2026-06-20T00:23:31",
  "study_name": "tox21_xkd",
  "trial_number": 15,
  "model_kwargs": {
    "gnn_hidden": 256,
    "gnn_layers": 4,
    "gnn_dropout": 0.5095755772009318,
    "nhead": 4,
    "tf_layers": 3,
    "dim_ff": 768,
    "tf_dropout": 0.30731997292499336,
    "ih_rank": 64,
    "ih_symmetric": false,
    "ih_proj_dim": 0,
    "ih_num_prototypes": 16,
    "ih_assignment_mode": "sparse",
    "ih_diversity_weight": 0.0009421642297207526,
    "info_nce_temperature": 0.2
  },
  "hparams": {
    "batch_size": 64,
    "lr": 0.0014269419264852955,
    "weight_decay": 6.702142606381243e-05,
    "num_epochs": 60,
    "patience": 12,
    "gcn_pretrain_epochs": 40,
    "transformer_epochs": 60,
    "pretrain_lr": 0.00039208991699860116,
    "transformer_lr": 0.0014269419264852955,
    "ema_decay": 0.9617170458432835,
    "ema_decay_init": 0.98,
    "distill_weight": 0.05314186738642748,
    "cross_distill_weight": 0.05
  },
  "device": "cuda",
  "status": "pruned"
}