{
  "generated_at": "2026-06-22T04:43:55",
  "study_name": "tox21_xkd",
  "trial_number": 15,
  "model_kwargs": {
    "gnn_hidden": 128,
    "gnn_layers": 3,
    "gnn_dropout": 0.4086114273604173,
    "nhead": 8,
    "tf_layers": 2,
    "dim_ff": 384,
    "tf_dropout": 0.2629128229369986,
    "ih_rank": 16,
    "ih_symmetric": false,
    "ih_proj_dim": 128,
    "ih_num_prototypes": 8,
    "ih_assignment_mode": "soft",
    "ih_diversity_weight": 0.0035456418420665306,
    "info_nce_temperature": 0.5
  },
  "hparams": {
    "batch_size": 64,
    "lr": 0.00022973294130271228,
    "weight_decay": 3.972178578967367e-05,
    "num_epochs": 150,
    "patience": 10,
    "gcn_pretrain_epochs": 150,
    "transformer_epochs": 150,
    "pretrain_lr": 0.0004863792635941213,
    "transformer_lr": 0.00022973294130271228,
    "ema_decay": 0.9820359793712135,
    "ema_decay_init": 0.99,
    "distill_weight": 0.0020489647502495278,
    "cross_distill_weight": 0.05
  },
  "device": "cuda",
  "status": "pruned"
}