{
  "trial_number": 46,
  "dataset_name": "clintox_optuna_trial_0046",
  "model_kwargs": {
    "gnn_hidden": 192,
    "gnn_layers": 4,
    "gnn_dropout": 0.4593622686586357,
    "nhead": 8,
    "tf_layers": 3,
    "dim_ff": 768,
    "tf_dropout": 0.42951760072605505,
    "ih_rank": 16,
    "ih_symmetric": false,
    "ih_proj_dim": 256,
    "ih_num_prototypes": 16,
    "ih_assignment_mode": "sparse",
    "ih_diversity_weight": 0.0026692660633757257,
    "info_nce_temperature": 0.5
  },
  "hparams": {
    "batch_size": 64,
    "lr": 0.00034200264357560014,
    "weight_decay": 4.018394772666177e-06,
    "num_epochs": 150,
    "patience": 10,
    "gcn_pretrain_epochs": 150,
    "transformer_epochs": 150,
    "pretrain_lr": 0.0014950148043704444,
    "transformer_lr": 0.00034200264357560014,
    "ema_decay": 0.9858105493254365,
    "ema_decay_init": 0.98,
    "distill_weight": 0.0015551072563457036,
    "cross_distill_weight": 0.02
  },
  "seed": 42
}