{
  "generated_at": "2026-06-21T00:19:50",
  "study_name": "tox21_xkd",
  "trial_number": 24,
  "model_kwargs": {
    "gnn_hidden": 256,
    "gnn_layers": 2,
    "gnn_dropout": 0.315513522839558,
    "nhead": 8,
    "tf_layers": 2,
    "dim_ff": 768,
    "tf_dropout": 0.4033678491383399,
    "ih_rank": 32,
    "ih_symmetric": false,
    "ih_proj_dim": 256,
    "ih_num_prototypes": 8,
    "ih_assignment_mode": "hard",
    "ih_diversity_weight": 0.013081303231121761,
    "info_nce_temperature": 0.5
  },
  "hparams": {
    "batch_size": 128,
    "lr": 0.00021234311360487712,
    "weight_decay": 0.00045752964486079777,
    "num_epochs": 150,
    "patience": 10,
    "gcn_pretrain_epochs": 150,
    "transformer_epochs": 150,
    "pretrain_lr": 0.0011290012355102384,
    "transformer_lr": 0.00021234311360487712,
    "ema_decay": 0.9850502043955334,
    "ema_decay_init": 0.9,
    "distill_weight": 0.0016499768726481298,
    "cross_distill_weight": 0.02
  },
  "device": "cuda",
  "status": "pruned"
}