{
  "generated_at": "2026-06-24T01:03:00",
  "study_name": "tox21_xkd",
  "trial_number": 24,
  "model_kwargs": {
    "gnn_hidden": 192,
    "gnn_layers": 4,
    "gnn_dropout": 0.45633285188394646,
    "nhead": 8,
    "tf_layers": 2,
    "dim_ff": 384,
    "tf_dropout": 0.22973636773383724,
    "ih_rank": 32,
    "ih_symmetric": false,
    "ih_proj_dim": 256,
    "ih_num_prototypes": 16,
    "ih_assignment_mode": "sparse",
    "ih_diversity_weight": 0.0033281773023206267,
    "info_nce_temperature": 1.0
  },
  "hparams": {
    "batch_size": 64,
    "lr": 0.00023634894552754672,
    "weight_decay": 9.644903687693718e-05,
    "num_epochs": 150,
    "patience": 10,
    "gcn_pretrain_epochs": 150,
    "transformer_epochs": 150,
    "pretrain_lr": 0.0017261770714652978,
    "transformer_lr": 0.00023634894552754672,
    "ema_decay": 0.9843592358692049,
    "ema_decay_init": 0.95,
    "distill_weight": 0.013689749167012622,
    "cross_distill_weight": 0.1
  },
  "device": "cuda",
  "status": "complete"
}