{
  "generated_at": "2026-06-22T08:08:30",
  "study_name": "tox21_xkd",
  "trial_number": 24,
  "model_kwargs": {
    "gnn_hidden": 128,
    "gnn_layers": 4,
    "gnn_dropout": 0.4348052125667348,
    "nhead": 8,
    "tf_layers": 3,
    "dim_ff": 256,
    "tf_dropout": 0.3028450333166842,
    "ih_rank": 64,
    "ih_symmetric": false,
    "ih_proj_dim": 128,
    "ih_num_prototypes": 16,
    "ih_assignment_mode": "sparse",
    "ih_diversity_weight": 0.004630912577486883,
    "info_nce_temperature": 1.0
  },
  "hparams": {
    "batch_size": 64,
    "lr": 0.0002006913056275085,
    "weight_decay": 4.658264200574085e-05,
    "num_epochs": 150,
    "patience": 10,
    "gcn_pretrain_epochs": 150,
    "transformer_epochs": 150,
    "pretrain_lr": 0.0014319380171890297,
    "transformer_lr": 0.0002006913056275085,
    "ema_decay": 0.9681063887944632,
    "ema_decay_init": 0.99,
    "distill_weight": 0.0010533181138448367,
    "cross_distill_weight": 0.1
  },
  "device": "cuda",
  "status": "complete"
}